1661304807000000000,-0.09991,4.19593,-0.02999,0.99904,0.00130,-0.00883,-0.04292,
1661304807100000000,-0.07545,4.34434,-0.03245,0.99856,0.00168,-0.00942,-0.05287,
1661304807300000000,-0.02100,4.64383,-0.03779,0.99740,-0.00049,-0.01048,-0.07133,
1661304807500000000,0.04388,4.93229,-0.04205,0.99598,-0.00417,-0.01047,-0.08890,
1661304807700000000,0.11267,5.21167,-0.04142,0.99456,-0.00258,-0.01177,-0.10346,
1661304807900000000,0.18686,5.48956,-0.04364,0.99315,0.00107,-0.01192,-0.11623,
1661304808100000000,0.26360,5.76974,-0.04053,0.99199,0.00193,-0.01405,-0.12549,
1661304808700000000,0.48467,6.65429,-0.03877,0.99199,0.00029,-0.01296,-0.12566,
1661304809600000000,0.82721,7.91271,-0.03243,0.99079,0.00345,-0.01103,-0.13495,
1661304809800000000,0.94643,8.23273,-0.02752,0.98900,0.00458,-0.01064,-0.14748,
1661304810000000000,1.07251,8.55273,-0.02507,0.98646,0.00378,-0.00980,-0.16369,
1661304810200000000,1.21325,8.87850,-0.02357,0.98351,0.00255,-0.00858,-0.18063,
1661304810400000000,1.36640,9.20045,-0.02701,0.98010,0.00316,-0.00818,-0.19832,
1661304810600000000,1.53225,9.53194,-0.02607,0.97686,0.00461,-0.00586,-0.21376,
1661304810800000000,1.70576,9.86545,-0.02692,0.97313,0.00455,-0.00388,-0.23017,
1661304811000000000,1.87873,10.16313,-0.02606,0.96949,0.00357,-0.00590,-0.24505,
1661304811200000000,2.05801,10.45212,-0.02817,0.96562,0.00453,-0.00591,-0.25985,
1661304811400000000,2.24267,10.73804,-0.02764,0.96121,0.00500,-0.00911,-0.27561,
1661304811600000000,2.43701,11.00961,-0.02543,0.95720,0.00422,-0.01059,-0.28920,
1661304811800000000,2.64360,11.29030,-0.02988,0.95225,0.00113,-0.01150,-0.30511,
1661304812000000000,2.84264,11.52720,-0.03090,0.94676,0.00057,-0.01444,-0.32160,
1661304812400000000,3.25111,11.97194,-0.02394,0.93798,0.00884,-0.01101,-0.34640,
1661304812700000000,3.55521,12.30432,-0.01844,0.93475,0.00944,-0.00932,-0.35505,
1661304813300000000,4.15176,12.95268,-0.01229,0.93289,0.00698,-0.00960,-0.35997,
1661304813700000000,4.61873,13.46309,-0.00977,0.93002,0.00516,-0.01040,-0.36733,
1661304814200000000,5.19234,14.03557,-0.00242,0.92724,0.00638,-0.00768,-0.37434,
1661304814500000000,5.59940,14.43296,0.00423,0.92419,0.00557,-0.00492,-0.38186,
1661304814700000000,5.88530,14.69691,0.00852,0.92022,0.00685,-0.00537,-0.39130,
1661304814900000000,6.19140,14.96959,0.01315,0.91610,0.00638,-0.00529,-0.40086,
1661304815300000000,6.78404,15.46240,0.02305,0.90661,0.00669,-0.00573,-0.42187,
1661304815700000000,7.34996,15.87626,0.03042,0.89669,0.00494,-0.00474,-0.44261,
1661304816100000000,7.97424,16.29872,0.03782,0.88674,0.00710,-0.00471,-0.46219,
1661304816300000000,8.27774,16.49537,0.04410,0.88178,0.00865,-0.00835,-0.47150,
1661304816700000000,8.87888,16.84372,0.05305,0.87169,0.00665,-0.00797,-0.48994,
1661304816900000000,9.23088,17.04142,0.05650,0.86671,0.00574,-0.00648,-0.49873,
1661304817300000000,9.83888,17.34059,0.06424,0.85613,0.00571,-0.00796,-0.51667,
1661304817500000000,10.17150,17.50063,0.06903,0.85186,0.00778,-0.00907,-0.52363,
1661304817900000000,10.84097,17.80450,0.07494,0.84589,0.00528,-0.00645,-0.53330,
1661304818100000000,11.18744,17.95625,0.07704,0.84408,0.00562,-0.00432,-0.53617,
1661304818400000000,11.69418,18.17472,0.08221,0.83890,0.00477,-0.00677,-0.54422,
1661304818600000000,12.04545,18.31381,0.08614,0.83412,0.00534,-0.00692,-0.55152,
1661304818800000000,12.37675,18.43492,0.09057,0.82928,0.00586,-0.00572,-0.55878,
1661304819200000000,13.03744,18.65917,0.10022,0.81694,0.00660,-0.00773,-0.57664,
1661304819400000000,13.37982,18.76276,0.10446,0.81068,0.00619,-0.00792,-0.58540,
1661304819600000000,13.72206,18.85864,0.10751,0.80471,0.00436,-0.00783,-0.59360,
1661304819900000000,14.23157,18.99257,0.11199,0.80031,0.00415,-0.00700,-0.59953,
1661304820300000000,14.97014,19.19886,0.12488,0.79716,0.00590,-0.00956,-0.60366,
1661304820700000000,15.65186,19.36590,0.13473,0.79333,0.00691,-0.00922,-0.60869,
1661304820900000000,16.00766,19.44522,0.13887,0.78915,0.00605,-0.00794,-0.61412,
1661304821100000000,16.36739,19.52196,0.14130,0.78444,0.00396,-0.00657,-0.62016,
1661304821400000000,16.89298,19.61883,0.14859,0.77789,0.00733,-0.00651,-0.62832,
1661304821700000000,17.39707,19.70709,0.15624,0.77126,0.00834,-0.00951,-0.63639,
1661304821900000000,17.77872,19.77165,0.15938,0.76650,0.00375,-0.00856,-0.64218,
1661304822500000000,18.78014,19.89019,0.17561,0.75315,0.00873,-0.00893,-0.65773,
1661304823000000000,19.68108,20.00722,0.18966,0.75348,0.00687,-0.00963,-0.65736,
1661304823300000000,20.17390,20.07078,0.19633,0.75444,0.00765,-0.00913,-0.65627,
1661304823900000000,21.09484,20.19488,0.20607,0.75819,0.00500,-0.00370,-0.65200,
1661304824500000000,21.86820,20.33576,0.20980,0.76341,0.00398,-0.00745,-0.64586,
1661304824900000000,22.45133,20.44809,0.21439,0.76666,0.00115,-0.01013,-0.64197,
1661304825200000000,22.95421,20.53529,0.22254,0.76949,0.00009,-0.00898,-0.63859,
1661304825600000000,23.49199,20.64034,0.22591,0.77107,0.00217,-0.00877,-0.63668,
1661304825900000000,23.91314,20.72158,0.23122,0.77031,0.00045,-0.00833,-0.63761,
1661304826200000000,24.34266,20.79802,0.23880,0.76767,0.00359,-0.01167,-0.64073,
1661304826400000000,24.65094,20.84519,0.24381,0.76578,0.00526,-0.00862,-0.64302,
1661304827100000000,25.79765,21.02322,0.26197,0.76404,0.00828,-0.00421,-0.64510,
1661304827500000000,26.40419,21.13059,0.27228,0.76525,0.00804,-0.00436,-0.64366,
1661304827900000000,27.01896,21.23754,0.28061,0.76627,0.00765,-0.00375,-0.64246,
1661304828300000000,27.63688,21.34209,0.28866,0.76510,0.00744,-0.00378,-0.64386,
1661304828600000000,28.11991,21.42078,0.29283,0.76272,0.00666,-0.00330,-0.64669,
1661304829000000000,28.79185,21.52626,0.30063,0.75987,0.00831,-0.00611,-0.64999,
1661304829600000000,29.78429,21.66734,0.31299,0.75312,0.00479,-0.00508,-0.65785,
1661304829900000000,30.27233,21.71903,0.31777,0.74572,0.00622,-0.00644,-0.66620,
1661304830300000000,30.95966,21.76482,0.32644,0.73263,0.00616,-0.00810,-0.68055,
1661304831100000000,32.24355,21.83814,0.34083,0.72825,0.00463,-0.00807,-0.68525,
1661304831600000000,32.93735,21.87865,0.35543,0.73073,0.00791,-0.00734,-0.68258,
1661304832100000000,33.63289,21.93035,0.36870,0.73261,0.00579,-0.00825,-0.68057,
1661304832500000000,34.18808,21.97160,0.37456,0.73461,0.00600,-0.00720,-0.67842,
1661304832900000000,34.75702,22.01740,0.38512,0.73717,0.00891,-0.00883,-0.67559,
1661304833300000000,35.37201,22.06961,0.39335,0.73993,0.00730,-0.00683,-0.67261,
1661304833700000000,36.05082,22.13858,0.40525,0.74248,0.00690,-0.00897,-0.66978,
1661304834100000000,36.72905,22.20696,0.41522,0.74346,0.00830,-0.00840,-0.66868,
1661304834500000000,37.42280,22.26019,0.42567,0.73957,0.00658,-0.00762,-0.67300,
1661304835000000000,38.26022,22.28334,0.43654,0.72310,0.00801,-0.00910,-0.69064,
1661304835800000000,39.51983,22.30752,0.45898,0.72017,0.00858,-0.00830,-0.69370,
1661304836200000000,40.13794,22.33237,0.46846,0.72178,0.00717,-0.00838,-0.69204,
1661304836600000000,40.76708,22.35746,0.48153,0.72422,0.00893,-0.00818,-0.68946,
1661304837500000000,42.15919,22.43579,0.50335,0.72940,0.00770,-0.00873,-0.68399,
1661304837900000000,42.80014,22.48117,0.51715,0.73198,0.00862,-0.00967,-0.68121,
1661304838400000000,43.62293,22.53836,0.52910,0.73294,0.00644,-0.00844,-0.68021,
1661304838900000000,44.43601,22.59607,0.54440,0.73437,0.00710,-0.00804,-0.67866,
1661304839400000000,45.24405,22.65627,0.56094,0.73641,0.00950,-0.00760,-0.67643,
1661304839900000000,45.99315,22.71829,0.57503,0.73713,0.00741,-0.00886,-0.67566,
1661304840400000000,46.73101,22.77680,0.58755,0.73648,0.00720,-0.01010,-0.67634,
1661304841200000000,48.03321,22.85572,0.61288,0.73124,0.00865,-0.00841,-0.68201,
1661304841600000000,48.65164,22.88980,0.62148,0.72972,0.00853,-0.00687,-0.68366,
1661304842500000000,49.93455,22.95444,0.64598,0.72773,0.00857,-0.00784,-0.68577,
1661304843000000000,50.60803,22.98338,0.65363,0.72653,0.00948,-0.00926,-0.68700,
1661304843400000000,51.24097,23.01407,0.66537,0.72580,0.00813,-0.00849,-0.68780,
1661304843700000000,51.70076,23.03157,0.66980,0.72482,0.00639,-0.00678,-0.68887,
1661304844200000000,52.51076,23.07139,0.68883,0.72428,0.00775,-0.01136,-0.68937,
1661304844900000000,53.60243,23.10919,0.70289,0.72256,0.00428,-0.01043,-0.69121,
1661304845300000000,54.21268,23.13068,0.70968,0.72134,0.00293,-0.01054,-0.69249,
1661304845800000000,54.85111,23.14686,0.71765,0.72015,0.00523,-0.01166,-0.69370,
1661304846200000000,55.39469,23.16079,0.72630,0.71928,0.00548,-0.01053,-0.69462,
1661304846500000000,55.83565,23.17092,0.73384,0.71834,0.00518,-0.01183,-0.69557,
1661304847100000000,56.76115,23.16102,0.74843,0.70561,0.00617,-0.01135,-0.70848,
1661304847400000000,57.19709,23.13161,0.75218,0.69509,0.00645,-0.01060,-0.71882,
1661304848000000000,58.12846,23.04369,0.76205,0.67626,0.00443,-0.01153,-0.73656,
1661304848400000000,58.74391,22.97992,0.77090,0.67253,0.00443,-0.01247,-0.73995,
1661304848800000000,59.33147,22.91908,0.77680,0.67245,0.00407,-0.01191,-0.74004,
1661304849100000000,59.77611,22.87945,0.78108,0.67403,0.00349,-0.01121,-0.73861,
1661304849400000000,60.22648,22.83774,0.78655,0.67501,0.00495,-0.01198,-0.73769,
1661304849700000000,60.68248,22.80276,0.79158,0.67654,0.00518,-0.01238,-0.73628,
1661304850100000000,61.30949,22.75068,0.80332,0.67804,0.00607,-0.01312,-0.73488,
1661304850400000000,61.75201,22.71736,0.80818,0.67957,0.00503,-0.01189,-0.73350,
1661304850900000000,62.44961,22.66274,0.81713,0.68156,0.00622,-0.01015,-0.73167,
1661304851400000000,63.14082,22.61399,0.82814,0.68375,0.00529,-0.00953,-0.72963,
1661304852000000000,63.96756,22.55991,0.84771,0.68643,0.00841,-0.01317,-0.72702,
1661304852400000000,64.52451,22.52980,0.85599,0.68872,0.00464,-0.00982,-0.72494,
1661304852900000000,65.24672,22.49474,0.86326,0.69226,0.00547,-0.01065,-0.72155,
1661304853500000000,66.09843,22.46441,0.87789,0.69556,0.00454,-0.01214,-0.71835,
1661304854000000000,66.84334,22.44201,0.89110,0.69932,0.00465,-0.01122,-0.71471,
1661304854500000000,67.57891,22.43003,0.90220,0.70280,0.00383,-0.01072,-0.71129,
1661304855100000000,68.42199,22.42566,0.91826,0.70642,0.00361,-0.01153,-0.70769,
1661304855600000000,69.14957,22.42781,0.93240,0.70975,0.00462,-0.01178,-0.70434,
1661304856000000000,69.76773,22.43199,0.94094,0.71288,0.00618,-0.01063,-0.70117,
1661304856600000000,70.65559,22.42202,0.95551,0.70706,0.00625,-0.01036,-0.70705,
1661304857000000000,71.27702,22.39605,0.96765,0.69911,0.00550,-0.01051,-0.71491,
1661304857400000000,71.91048,22.35835,0.97955,0.69121,0.00497,-0.01140,-0.72254,
1661304857900000000,72.68124,22.30243,0.99268,0.68587,0.00456,-0.01117,-0.72762,
1661304858400000000,73.44763,22.24013,1.00234,0.68053,0.00166,-0.01053,-0.73264,
1661304859000000000,74.38152,22.15716,1.01891,0.67692,0.00289,-0.01157,-0.73596,
1661304859400000000,75.00784,22.10622,1.02356,0.67694,-0.00059,-0.00968,-0.73598,
1661304860000000000,75.91246,22.02787,1.03220,0.67917,0.00196,-0.00949,-0.73392,
1661304860500000000,76.68885,21.96488,1.04202,0.68071,0.00209,-0.00701,-0.73252,
1661304861100000000,77.56340,21.90258,1.05296,0.68184,0.00288,-0.01145,-0.73141,
1661304861500000000,78.15096,21.86177,1.06198,0.68476,0.00148,-0.00790,-0.72873,
1661304862000000000,78.81786,21.81600,1.07213,0.68701,0.00155,-0.00782,-0.72660,
1661304862500000000,79.50374,21.77599,1.08429,0.68959,0.00207,-0.00899,-0.72414,
1661304863000000000,80.26105,21.73895,1.09796,0.69272,0.00076,-0.01028,-0.72114,
1661304863500000000,80.96870,21.70464,1.11048,0.69493,0.00216,-0.01092,-0.71900,
1661304863900000000,81.50259,21.68167,1.11323,0.69734,0.00192,-0.00856,-0.71669,
1661304864400000000,82.21597,21.66555,1.12515,0.69958,0.00049,-0.01066,-0.71447,
1661304864900000000,82.96598,21.65268,1.13307,0.70202,-0.00175,-0.00960,-0.71209,
1661304865300000000,83.55517,21.64616,1.13837,0.70481,-0.00119,-0.00971,-0.70933,
1661304865800000000,84.27634,21.64498,1.14361,0.70735,-0.00105,-0.01057,-0.70679,
1661304866100000000,84.70927,21.64904,1.14575,0.71025,-0.00059,-0.00712,-0.70391,
1661304866900000000,85.90412,21.65977,1.15274,0.71485,0.00154,-0.00811,-0.69923,
1661304867200000000,86.34172,21.67169,1.15526,0.71604,-0.00106,-0.00655,-0.69802,
1661304867600000000,86.91902,21.68602,1.16250,0.71799,-0.00136,-0.00702,-0.69602,
1661304868300000000,87.94377,21.72075,1.16825,0.72165,-0.00174,-0.00887,-0.69220,
1661304868700000000,88.52853,21.74392,1.17557,0.72373,-0.00133,-0.00950,-0.69001,
1661304869400000000,89.47154,21.79377,1.17555,0.72783,-0.00050,-0.00962,-0.68569,
1661304869700000000,89.88754,21.82068,1.17700,0.73009,-0.00272,-0.00772,-0.68330,
1661304870400000000,90.83225,21.89084,1.17427,0.73373,-0.00195,-0.01041,-0.67936,
1661304870900000000,91.56359,21.95314,1.17154,0.73691,-0.00322,-0.00896,-0.67592,
1661304871500000000,92.39994,22.03310,1.17505,0.74145,-0.00209,-0.00809,-0.67096,
1661304872100000000,93.25786,22.12599,1.17661,0.74446,-0.00503,-0.00957,-0.66758,
1661304872800000000,94.25348,22.24428,1.17466,0.74896,-0.00585,-0.00913,-0.66253,
1661304873000000000,94.52710,22.28521,1.17173,0.75405,-0.00653,-0.00823,-0.65673,
1661304873600000000,95.34363,22.43918,1.16585,0.77180,-0.00523,-0.00571,-0.63582,
1661304874200000000,96.16731,22.63428,1.16156,0.78689,-0.00220,-0.00500,-0.61706,
1661304874800000000,97.01968,22.89866,1.15073,0.80317,-0.00442,-0.00715,-0.59569,
1661304875400000000,97.80403,23.19410,1.14453,0.82053,-0.00441,-0.00706,-0.57154,
1661304876000000000,98.57636,23.55798,1.13974,0.84079,-0.00507,-0.00684,-0.54130,
1661304876400000000,99.08947,23.81997,1.13384,0.85102,-0.00435,-0.00513,-0.52509,
1661304877000000000,99.87478,24.25698,1.12651,0.86345,-0.00401,-0.00107,-0.50442,
1661304877500000000,100.49643,24.63529,1.12136,0.87330,-0.00075,-0.00095,-0.48718,
1661304878100000000,101.19894,25.12244,1.11723,0.88434,-0.00166,-0.00427,-0.46682,
1661304878700000000,101.89732,25.64491,1.10729,0.89478,-0.00257,-0.00152,-0.44650,
1661304879300000000,102.60431,26.22674,1.10376,0.90597,-0.00027,0.00069,-0.42334,
1661304879900000000,103.24848,26.81515,1.10046,0.91566,-0.00007,0.00138,-0.40196,
1661304880400000000,103.73583,27.30342,1.09817,0.92294,-0.00028,0.00212,-0.38494,
1661304880900000000,104.23201,27.83634,1.09440,0.93024,0.00004,0.00142,-0.36694,
1661304881500000000,104.79055,28.49259,1.09308,0.93851,0.00199,0.00033,-0.34523,
1661304882100000000,105.28496,29.13038,1.09503,0.94593,0.00333,0.00207,-0.32436,
1661304882600000000,105.69634,29.70423,1.09734,0.95140,0.00259,0.00218,-0.30795,
1661304883100000000,106.14502,30.32748,1.10239,0.95213,0.00611,0.00086,-0.30564,
1661304883500000000,106.53046,30.82454,1.10807,0.94824,0.00588,-0.00002,-0.31750,
1661304884400000000,107.44178,31.85458,1.12203,0.93850,0.00482,0.00033,-0.34523,
1661304884900000000,107.93697,32.40635,1.12855,0.93732,0.00569,0.00057,-0.34843,
1661304885300000000,108.31909,32.83654,1.12996,0.93765,0.00522,0.00045,-0.34754,
1661304886200000000,109.18393,33.84202,1.14173,0.94006,0.00874,-0.00142,-0.34089,
1661304886600000000,109.61269,34.35859,1.14738,0.94090,0.00831,0.00063,-0.33859,
1661304887000000000,110.06263,34.91161,1.15379,0.94187,0.00857,0.00135,-0.33588,
1661304887400000000,110.47922,35.42777,1.15947,0.94278,0.00840,0.00227,-0.33329,
1661304888000000000,111.06919,36.14645,1.17263,0.94254,0.01017,0.00089,-0.33394,
1661304888900000000,111.99934,37.20732,1.19293,0.93591,0.00965,0.00056,-0.35210,
1661304889300000000,112.43388,37.67252,1.20563,0.93183,0.00953,0.00009,-0.36278,
1661304889800000000,112.93890,38.19941,1.21891,0.93012,0.00929,0.00102,-0.36715,
1661304890300000000,113.50110,38.78062,1.23661,0.92838,0.00936,-0.00013,-0.37151,
1661304890800000000,114.03892,39.32591,1.25439,0.92741,0.01013,0.00087,-0.37390,
1661304891700000000,114.95723,40.26946,1.28297,0.92859,0.01084,0.00288,-0.37093,
1661304892200000000,115.46283,40.80780,1.29828,0.92966,0.01142,0.00297,-0.36822,
1661304892600000000,115.87181,41.24723,1.31167,0.92976,0.00925,0.00183,-0.36805,
1661304893100000000,116.38885,41.79811,1.32802,0.93049,0.01191,0.00132,-0.36611,
1661304893500000000,116.80570,42.23200,1.34026,0.93099,0.01033,0.00333,-0.36488,
1661304893900000000,117.21377,42.66660,1.35011,0.93123,0.01041,0.00379,-0.36426,
1661304894400000000,117.71953,43.20233,1.36665,0.93147,0.01117,0.00427,-0.36361,
1661304894900000000,118.25128,43.77455,1.37983,0.93251,0.01077,0.00582,-0.36095,
1661304895400000000,118.74822,44.31243,1.39821,0.93316,0.01263,0.00587,-0.35919,
1661304895800000000,119.16040,44.76111,1.40899,0.93358,0.01069,0.00700,-0.35813,
1661304896300000000,119.69165,45.33929,1.42668,0.93379,0.01020,0.00545,-0.35762,
1661304896800000000,120.21376,45.91068,1.44149,0.93492,0.01110,0.00646,-0.35461,
1661304897300000000,120.72722,46.48949,1.45422,0.93611,0.01263,0.00417,-0.35145,
1661304897800000000,121.21129,47.04580,1.46920,0.93726,0.01155,0.00307,-0.34842,
1661304898200000000,121.60839,47.48803,1.47787,0.93651,0.00969,0.00251,-0.35049,
1661304898500000000,121.90056,47.78719,1.48452,0.93238,0.01064,0.00251,-0.36132,
1661304899100000000,122.63234,48.43297,1.49437,0.91456,0.00949,0.00046,-0.40434,
1661304899600000000,123.28942,48.97682,1.50406,0.90439,0.01049,-0.00398,-0.42655,
1661304900300000000,124.18915,49.68977,1.51969,0.89940,0.01176,-0.00754,-0.43690,
1661304900700000000,124.72077,50.09913,1.53788,0.89997,0.01713,-0.00035,-0.43561,
1661304901000000000,125.10737,50.42056,1.54883,0.90152,0.01502,-0.00177,-0.43248,
1661304901500000000,125.77047,50.99354,1.55600,0.90485,0.00583,-0.00533,-0.42566,
1661304902300000000,126.75277,51.84543,1.56616,0.91194,0.00685,-0.00146,-0.41027,
1661304902600000000,127.10365,52.16162,1.57081,0.91412,0.00596,-0.00147,-0.40540,
1661304903000000000,127.54366,52.57620,1.57599,0.91709,0.00454,-0.00152,-0.39865,
1661304903400000000,127.96913,52.99207,1.58303,0.92001,0.00519,-0.00417,-0.39183,
1661304903900000000,128.46655,53.52583,1.58968,0.92992,0.00516,-0.00288,-0.36771,
1661304904300000000,128.86997,53.99552,1.59518,0.93764,0.00496,-0.00231,-0.34757,
1661304904700000000,129.21944,54.46129,1.59726,0.94453,0.00447,-0.00253,-0.32839,
1661304905100000000,129.55059,54.93169,1.60208,0.95060,0.00506,-0.00217,-0.31036,
1661304905400000000,129.79052,55.28772,1.60851,0.95437,0.00695,-0.00307,-0.29854,
1661304905900000000,130.20869,55.95554,1.61580,0.96108,0.00534,-0.00265,-0.27620,
1661304906600000000,130.77587,56.88153,1.62658,0.96233,0.00586,-0.00085,-0.27180,
1661304906900000000,131.03449,57.25817,1.63094,0.95833,0.00349,-0.00325,-0.28563,
1661304907100000000,131.21944,57.50260,1.63302,0.95451,0.00386,-0.00340,-0.29813,
1661304907800000000,131.88912,58.32276,1.63956,0.94401,0.00329,-0.00713,-0.32983,
1661304908100000000,132.18013,58.66069,1.64093,0.94181,0.00124,-0.00489,-0.33612,
1661304908500000000,132.58114,59.11836,1.64254,0.93866,0.00129,-0.00397,-0.34483,
1661304908900000000,132.97183,59.57288,1.64394,0.93943,0.00256,-0.00513,-0.34269,
1661304909600000000,133.64610,60.39699,1.64514,0.94170,0.00093,-0.00479,-0.33642,
1661304910000000000,134.01660,60.85415,1.64988,0.94299,0.00378,-0.00546,-0.33277,
1661304910700000000,134.65150,61.64697,1.65016,0.94455,0.00330,-0.00539,-0.32830,
1661304911100000000,135.03539,62.13356,1.65501,0.94605,0.00239,-0.00372,-0.32398,
1661304911500000000,135.39151,62.59364,1.65487,0.94675,0.00209,-0.00570,-0.32191,
1661304911900000000,135.75241,63.05939,1.65643,0.94788,0.00178,-0.00460,-0.31859,
1661304912800000000,136.51908,64.04812,1.66241,0.94726,0.00346,-0.00482,-0.32043,
1661304913200000000,136.88608,64.50350,1.65995,0.94587,0.00289,-0.00466,-0.32450,
1661304913600000000,137.29931,64.97280,1.65854,0.93858,0.00177,-0.00691,-0.34499,
1661304914300000000,137.99887,65.75378,1.66145,0.93461,0.00532,-0.00835,-0.35555,
1661304914500000000,138.19931,65.96628,1.65990,0.93255,0.00229,-0.00664,-0.36097,
1661304915000000000,138.66745,66.43611,1.66106,0.92816,0.00452,-0.00404,-0.37213,
1661304915500000000,139.15123,66.87623,1.66245,0.91788,0.00552,-0.00605,-0.39677,
1661304915900000000,139.60439,67.23330,1.66283,0.90638,0.00244,-0.00498,-0.42242,
1661304916300000000,140.05904,67.54760,1.66344,0.89448,0.00195,-0.00556,-0.44707,
1661304916900000000,140.80281,68.00510,1.66354,0.87728,0.00337,-0.00512,-0.47993,
1661304917300000000,141.30722,68.27666,1.66318,0.86598,0.00192,-0.00379,-0.50007,
1661304917700000000,141.79879,68.51453,1.66085,0.85367,0.00119,-0.00450,-0.52079,
1661304918100000000,142.31135,68.73118,1.66084,0.84188,0.00068,-0.00271,-0.53966,
1661304918500000000,142.85638,68.92834,1.65931,0.82654,0.00071,-0.00285,-0.56287,
1661304918700000000,143.13602,69.02361,1.66264,0.81887,0.00256,-0.00762,-0.57393,
1661304919100000000,143.69332,69.17748,1.66373,0.80485,0.00272,-0.00422,-0.59346,
1661304919500000000,144.26237,69.30627,1.66201,0.78992,0.00145,-0.00231,-0.61320,
1661304919900000000,144.81944,69.41105,1.66290,0.77485,0.00245,-0.00536,-0.63211,
1661304920300000000,145.41002,69.48829,1.66066,0.75929,0.00161,-0.00424,-0.65073,
1661304920700000000,145.99436,69.53275,1.65916,0.74252,0.00231,-0.00231,-0.66981,
1661304921100000000,146.55039,69.54290,1.66030,0.72254,0.00271,-0.00467,-0.69130,
1661304921400000000,146.97762,69.51322,1.65699,0.70077,0.00106,-0.00367,-0.71338,
1661304921900000000,147.70427,69.40762,1.65657,0.66314,0.00257,-0.00720,-0.74846,
1661304922400000000,148.41824,69.25596,1.66042,0.63026,0.00160,-0.02034,-0.77612,
1661304922800000000,148.97181,69.06913,1.66325,0.60490,0.01023,-0.01006,-0.79617,
1661304923200000000,149.54467,68.84620,1.66619,0.57442,0.01171,-0.00921,-0.81842,
1661304923500000000,149.94663,68.65495,1.67576,0.54704,0.00893,-0.01103,-0.83699,
1661304923900000000,150.44978,68.34452,1.67655,0.50349,0.00731,-0.00740,-0.86394,
1661304924200000000,150.80425,68.08326,1.67680,-0.46779,-0.00047,0.00791,0.88380,
1661304924600000000,151.24598,67.67842,1.67133,-0.41880,0.00468,0.00446,0.90806,
1661304924900000000,151.54119,67.35044,1.67279,-0.38673,0.00089,0.00641,0.92217,
1661304925300000000,151.93133,66.90229,1.67122,-0.35979,0.00161,0.00541,0.93302,
1661304926100000000,152.70994,65.98896,1.66109,-0.34678,0.00145,0.00297,0.93794,
1661304926700000000,153.30457,65.29410,1.65189,-0.34869,0.00151,0.00167,0.93724,
1661304927400000000,153.96146,64.51299,1.64076,-0.35065,-0.00629,-0.00070,0.93648,
1661304927700000000,154.22621,64.17954,1.64017,-0.34286,-0.00761,-0.00184,0.93936,
1661304928000000000,154.48724,63.83613,1.63904,-0.33299,-0.00769,-0.00056,0.94290,
1661304928300000000,154.73498,63.49797,1.63970,-0.32312,-0.00588,-0.00053,0.94634,
1661304928600000000,154.97876,63.14449,1.64004,-0.31135,-0.00492,0.00025,0.95028,
1661304928800000000,155.13404,62.90131,1.64160,-0.30047,-0.00447,0.00026,0.95378,
1661304929200000000,155.42302,62.39855,1.64561,-0.27898,-0.00630,0.00106,0.96028,
1661304929400000000,155.56728,62.13528,1.64446,-0.26779,-0.00517,0.00025,0.96346,
1661304929600000000,155.70631,61.87060,1.64468,-0.25673,-0.00414,0.00113,0.96647,
1661304929800000000,155.84124,61.60328,1.64524,-0.24690,-0.00420,0.00307,0.96903,
1661304930000000000,155.96991,61.33406,1.64494,-0.23723,-0.00363,0.00263,0.97144,
1661304930400000000,156.23858,60.78049,1.64348,-0.23219,-0.00301,0.00222,0.97266,
1661304930800000000,156.51450,60.20002,1.63842,-0.22760,-0.00191,-0.00052,0.97375,
1661304931300000000,156.83641,59.49701,1.63244,-0.22287,-0.00309,-0.00175,0.97484,
1661304932200000000,157.40610,58.25384,1.62471,-0.22392,-0.00362,-0.00035,0.97460,
1661304933100000000,158.02361,56.94390,1.62076,-0.23029,-0.00425,0.00034,0.97311,
1661304934000000000,158.66530,55.66220,1.61921,-0.24101,-0.00141,0.00140,0.97052,
1661304934500000000,159.01159,55.02695,1.61472,-0.25047,-0.00198,-0.00304,0.96812,
1661304935100000000,159.44423,54.25836,1.61130,-0.26105,-0.00379,-0.00252,0.96531,
1661304935600000000,159.82839,53.62388,1.60709,-0.27166,-0.00548,-0.00229,0.96237,
1661304936200000000,160.29067,52.90462,1.60405,-0.28305,-0.00619,-0.00322,0.95908,
1661304936800000000,160.77043,52.20372,1.60026,-0.29369,-0.00592,-0.00297,0.95588,
1661304937200000000,161.07999,51.72074,1.60024,-0.28192,-0.00625,-0.00358,0.95941,
1661304937400000000,161.21703,51.48791,1.59658,-0.27108,-0.00559,-0.00348,0.96253,
1661304937600000000,161.35960,51.23511,1.59560,-0.26015,-0.00536,-0.00326,0.96555,
1661304938300000000,161.89488,50.28315,1.58834,-0.25950,-0.00582,-0.00403,0.96572,
1661304938900000000,162.35916,49.49951,1.58235,-0.26588,-0.00611,-0.00549,0.96397,
1661304939600000000,162.88576,48.63598,1.57327,-0.27283,-0.00759,-0.00575,0.96202,
1661304940300000000,163.42086,47.75717,1.57335,-0.27235,-0.01033,-0.00112,0.96214,
1661304940500000000,163.57541,47.48389,1.57032,-0.26466,-0.01041,-0.00084,0.96429,
1661304940700000000,163.71534,47.21332,1.56672,-0.25489,-0.01004,-0.00280,0.96691,
1661304940900000000,163.87743,46.90849,1.56308,-0.24535,-0.00887,-0.00342,0.96939,
1661304941100000000,164.00796,46.64063,1.56030,-0.23668,-0.00792,-0.00280,0.97155,
1661304941600000000,164.35057,45.96134,1.55443,-0.23252,-0.00647,-0.00457,0.97256,
1661304942000000000,164.61422,45.41723,1.54232,-0.22884,-0.00504,-0.00957,0.97340,
1661304942600000000,165.00622,44.58347,1.53076,-0.22341,-0.00846,-0.00490,0.97468,
1661304943000000000,165.25198,44.02952,1.52518,-0.21549,-0.00876,-0.00344,0.97646,
1661304943500000000,165.55223,43.34205,1.52124,-0.20989,-0.00829,-0.00087,0.97769,
1661304944100000000,165.90363,42.52310,1.51831,-0.20459,-0.00801,-0.00110,0.97881,
1661304944600000000,166.18127,41.85340,1.51411,-0.20023,-0.00713,-0.00269,0.97972,
1661304945200000000,166.50308,41.05204,1.50888,-0.19560,-0.00722,-0.00210,0.98065,
1661304946100000000,166.97575,39.86598,1.50309,-0.19546,-0.00767,-0.00053,0.98068,
1661304947000000000,167.46399,38.67455,1.49931,-0.20111,-0.00772,-0.00113,0.97954,
1661304948200000000,168.13333,37.10343,1.49765,-0.20697,-0.00804,0.00233,0.97831,
1661304949100000000,168.66825,35.87549,1.49981,-0.21189,-0.00609,0.00180,0.97727,
1661304950000000000,169.18265,34.71346,1.50632,-0.21430,-0.00802,0.00224,0.97673,
1661304950700000000,169.57501,33.81259,1.50925,-0.21171,-0.00719,0.00229,0.97730,
1661304951500000000,170.03770,32.75402,1.51089,-0.20976,-0.00734,0.00359,0.97772,
1661304952200000000,170.45846,31.78814,1.50950,-0.20868,-0.00616,0.00460,0.97795,
1661304952900000000,170.85954,30.84969,1.51767,-0.20739,-0.00558,0.00525,0.97823,
1661304953600000000,171.26051,29.91966,1.52676,-0.20584,-0.00476,0.00548,0.97856,
1661304954200000000,171.58856,29.13766,1.53652,-0.20248,-0.00368,0.00518,0.97927,
1661304954800000000,171.93853,28.31921,1.54965,-0.20328,-0.00208,0.00627,0.97910,
1661304955500000000,172.32916,27.40631,1.56098,-0.20493,-0.00276,0.00816,0.97874,
1661304956200000000,172.72063,26.47565,1.57106,-0.20618,-0.00237,0.00734,0.97848,
1661304956800000000,173.06701,25.66767,1.58237,-0.20894,-0.00494,0.00593,0.97790,
1661304957400000000,173.42825,24.84691,1.59288,-0.20893,-0.00242,0.00811,0.97789,
1661304957900000000,173.73570,24.14166,1.59903,-0.20524,-0.00183,0.00551,0.97869,
1661304958300000000,173.96182,23.57732,1.60417,-0.19622,-0.00161,0.00602,0.98054,
1661304958600000000,174.13530,23.15345,1.59969,-0.19329,-0.00006,0.00138,0.98114,
1661304959100000000,174.40049,22.47933,1.59941,-0.18910,0.00240,0.00331,0.98195,
1661304959600000000,174.67393,21.79553,1.60103,-0.19165,0.00122,0.00205,0.98146,
1661304960200000000,174.99799,21.00714,1.60176,-0.19454,0.00230,0.00474,0.98088,
1661304960600000000,175.21628,20.47524,1.60477,-0.19579,0.00254,0.00460,0.98063,
1661304960900000000,175.38035,20.07650,1.60555,-0.19682,0.00153,0.00567,0.98042,
1661304961300000000,175.61412,19.51119,1.60627,-0.19786,0.00197,0.00442,0.98022,
1661304961800000000,175.90605,18.81584,1.60877,-0.19888,0.00237,0.00486,0.98001,
1661304962300000000,176.19733,18.11136,1.61288,-0.20013,0.00136,0.00647,0.97975,
1661304962700000000,176.44254,17.53375,1.61710,-0.20132,0.00092,0.00760,0.97950,
1661304963000000000,176.61842,17.10851,1.61684,-0.19997,0.00083,0.00679,0.97978,
1661304963400000000,176.84483,16.55818,1.62415,-0.19769,0.00142,0.01239,0.98019,
1661304963700000000,177.02046,16.12571,1.62946,-0.19550,0.00365,0.01116,0.98063,
1661304964100000000,177.25280,15.54557,1.63743,-0.19363,0.00572,0.01038,0.98100,
1661304964500000000,177.49029,14.95492,1.64176,-0.19097,0.00762,0.00946,0.98152,
1661304964700000000,177.60407,14.66625,1.63931,-0.19024,0.00971,0.00415,0.98168,
1661304965100000000,177.83573,14.06257,1.63767,-0.18881,0.00817,0.00251,0.98198,
1661304965500000000,178.06057,13.46927,1.64052,-0.18829,0.00363,0.00582,0.98209,
1661304965900000000,178.28427,12.89397,1.64465,-0.18910,0.00299,0.00667,0.98193,
1661304966300000000,178.51548,12.32071,1.65162,-0.19117,0.00255,0.00934,0.98151,
1661304966700000000,178.74659,11.74658,1.65742,-0.19323,0.00220,0.00836,0.98112,
1661304967100000000,178.98199,11.15903,1.66348,-0.19587,0.00109,0.00722,0.98060,
1661304967500000000,179.22671,10.56182,1.66647,-0.19702,0.00219,0.00634,0.98038,
1661304967900000000,179.47304,9.95646,1.67087,-0.19915,0.00137,0.00538,0.97995,
1661304968400000000,179.78681,9.20633,1.67604,-0.20098,0.00156,0.00598,0.97958,
1661304969000000000,180.14292,8.35361,1.67952,-0.20363,0.00073,0.00509,0.97904,
1661304969600000000,180.51651,7.47520,1.68718,-0.20597,-0.00014,0.00673,0.97854,
1661304970300000000,180.94319,6.49059,1.69797,-0.20799,0.00028,0.00701,0.97811,
1661304971200000000,181.50782,5.19318,1.71515,-0.21128,-0.00049,0.00877,0.97739,
1661304972000000000,181.98942,4.08754,1.72812,-0.21130,-0.00150,0.00764,0.97739,
1661304972700000000,182.43839,3.07398,1.74346,-0.21172,-0.00145,0.00895,0.97729,
1661304973500000000,182.94862,1.92707,1.75679,-0.21228,-0.00170,0.00743,0.97718,
1661304974200000000,183.37956,0.96476,1.76935,-0.21211,-0.00251,0.00902,0.97720,
1661304974900000000,183.80868,-0.00639,1.78184,-0.21235,-0.00355,0.00685,0.97716,
1661304975700000000,184.32231,-1.15515,1.79377,-0.21299,-0.00342,0.00773,0.97702,
1661304976400000000,184.77730,-2.17316,1.80141,-0.21333,-0.00417,0.00719,0.97694,
1661304977100000000,185.22013,-3.17448,1.81211,-0.21354,-0.00512,0.00563,0.97690,
1661304977800000000,185.65130,-4.14525,1.82381,-0.21330,-0.00563,0.00716,0.97694,
1661304978400000000,186.03504,-5.00473,1.82801,-0.21243,-0.00544,0.00556,0.97715,
1661304979000000000,186.41023,-5.85569,1.83640,-0.21157,-0.00562,0.00476,0.97733,
1661304979600000000,186.79471,-6.73478,1.84163,-0.21102,-0.00552,0.00512,0.97745,
1661304980200000000,187.16995,-7.58778,1.84533,-0.21061,-0.00517,0.00537,0.97754,
1661304981000000000,187.64449,-8.67119,1.85361,-0.21031,-0.00601,0.00661,0.97759,
1661304981800000000,188.13851,-9.80676,1.86130,-0.20920,-0.00704,0.00695,0.97782,
1661304982400000000,188.51114,-10.67138,1.86699,-0.20907,-0.00679,0.00323,0.97787,
1661304983200000000,189.01449,-11.82358,1.87251,-0.20870,-0.00621,0.00448,0.97795,
1661304983900000000,189.44484,-12.83079,1.87670,-0.20789,-0.00625,0.00464,0.97812,
1661304984500000000,189.81566,-13.69016,1.87965,-0.20589,-0.00588,0.00345,0.97855,
1661304985000000000,190.10684,-14.38418,1.88056,-0.20230,-0.00577,0.00288,0.97930,
1661304985600000000,190.47688,-15.25922,1.88172,-0.19993,-0.00629,0.00358,0.97978,
1661304986200000000,190.84244,-16.12940,1.88366,-0.19855,-0.00568,0.00395,0.98007,
1661304986800000000,191.22044,-17.03237,1.88849,-0.19715,-0.00567,0.00600,0.98034,
1661304987400000000,191.58973,-17.93126,1.88943,-0.19616,-0.00598,0.00413,0.98054,
1661304987900000000,191.88714,-18.66175,1.89254,-0.19388,-0.00564,0.00505,0.98100,
1661304988400000000,192.19231,-19.42190,1.89137,-0.19208,-0.00631,0.00506,0.98135,
1661304988900000000,192.48856,-20.17846,1.89623,-0.19022,-0.00752,0.00468,0.98170,
1661304989400000000,192.78360,-20.92090,1.89963,-0.18900,-0.00742,0.00561,0.98193,
1661304989900000000,193.04476,-21.60369,1.90872,-0.18797,-0.00837,0.00736,0.98211,
1661304990400000000,193.33029,-22.34332,1.91452,-0.18752,-0.00816,0.00646,0.98221,
1661304991100000000,193.71820,-23.35433,1.92368,-0.18675,-0.00800,0.00804,0.98234,
1661304991700000000,194.06333,-24.26103,1.93281,-0.18622,-0.00733,0.00748,0.98245,
1661304992300000000,194.40806,-25.16664,1.94071,-0.18541,-0.00724,0.00808,0.98260,
1661304992900000000,194.76227,-26.09116,1.94874,-0.18461,-0.00687,0.00846,0.98275,
1661304993500000000,195.10894,-27.00423,1.96401,-0.18346,-0.00734,0.00925,0.98296,
1661304994000000000,195.39747,-27.77096,1.97403,-0.18385,-0.00961,0.01046,0.98285,
1661304994300000000,195.60267,-28.29300,1.97727,-0.18525,-0.00668,0.00541,0.98265,
1661304994700000000,195.86465,-28.96156,1.97878,-0.18541,-0.00386,0.00360,0.98265,
1661304995200000000,196.13668,-29.66398,1.98612,-0.18711,-0.00469,0.00664,0.98230,
1661304995700000000,196.40948,-30.36510,1.99221,-0.18746,-0.00448,0.00729,0.98224,
1661304996100000000,196.63828,-30.95164,1.99791,-0.18981,-0.00520,0.00592,0.98179,
1661304996500000000,196.85919,-31.50076,2.00159,-0.19018,-0.00298,0.00540,0.98173,
1661304996900000000,197.07134,-32.03630,2.00273,-0.19183,-0.00415,0.00455,0.98141,
1661304997400000000,197.36939,-32.77631,2.00390,-0.19369,-0.00542,0.00413,0.98104,
1661304997800000000,197.61868,-33.37650,2.00281,-0.19523,-0.00432,0.00206,0.98075,
1661304998400000000,197.96232,-34.21568,2.00453,-0.19689,-0.00453,0.00425,0.98041,
1661304999000000000,198.33094,-35.09357,2.01305,-0.20008,-0.00320,0.00770,0.97974,
1661304999400000000,198.56683,-35.64446,2.01405,-0.20383,-0.00086,0.00534,0.97899,
1661304999800000000,198.84392,-36.27417,2.01574,-0.20835,-0.00037,0.00350,0.97805,
1661305000200000000,199.09732,-36.83532,2.01806,-0.21349,-0.00204,0.00418,0.97694,
1661305000600000000,199.35692,-37.40059,2.01320,-0.21704,-0.00107,0.00143,0.97616,
1661305001000000000,199.63940,-37.99892,2.01108,-0.22062,0.00039,-0.00042,0.97536,
1661305001400000000,199.91697,-38.57234,2.00402,-0.22514,0.00062,-0.00014,0.97433,
1661305001800000000,200.20496,-39.17275,2.00171,-0.22688,-0.00100,0.00032,0.97392,
1661305002300000000,200.53747,-39.90266,1.99620,-0.21790,-0.00161,-0.00007,0.97597,
1661305002600000000,200.75103,-40.38936,1.99521,-0.20721,-0.00054,0.00192,0.97829,
1661305002900000000,200.92653,-40.82138,1.99258,-0.19773,-0.00088,0.00135,0.98026,
1661305003300000000,201.12997,-41.36271,1.98955,-0.18832,-0.00037,0.00206,0.98211,
1661305003800000000,201.42919,-42.12483,1.98629,-0.18598,0.00047,0.00151,0.98255,
1661305004200000000,201.64738,-42.67603,1.98467,-0.18863,0.00078,0.00104,0.98205,
1661305004500000000,201.79542,-43.04599,1.97922,-0.19198,0.00237,-0.00151,0.98140,
1661305004900000000,202.00635,-43.56010,1.97441,-0.19647,0.00288,-0.00044,0.98050,
1661305005300000000,202.22240,-44.07705,1.97085,-0.20099,0.00079,0.00129,0.97959,
1661305005600000000,202.40134,-44.49081,1.96632,-0.20440,0.00129,-0.00069,0.97889,
1661305006000000000,202.63751,-45.02755,1.96339,-0.20932,0.00014,0.00119,0.97785,
1661305006300000000,202.83158,-45.46239,1.96067,-0.21286,-0.00094,0.00128,0.97708,
1661305006700000000,203.08842,-46.01802,1.96186,-0.21713,-0.00001,0.00331,0.97614,
1661305007000000000,203.27752,-46.42699,1.95973,-0.22067,-0.00092,0.00149,0.97535,
1661305007400000000,203.54087,-46.97895,1.95983,-0.22458,0.00031,0.00102,0.97445,
1661305007800000000,203.81064,-47.53876,1.95681,-0.22877,-0.00171,0.00118,0.97348,
1661305008200000000,204.07048,-48.06612,1.95801,-0.23396,-0.00385,0.00242,0.97224,
1661305008700000000,204.37446,-48.66479,1.96031,-0.23444,-0.00087,0.00273,0.97213,
1661305009200000000,204.66678,-49.28276,1.96266,-0.22779,-0.00144,0.00234,0.97371,
1661305009500000000,204.83059,-49.65860,1.96252,-0.21853,-0.00191,0.00135,0.97583,
1661305009700000000,204.92938,-49.91127,1.96234,-0.20608,-0.00111,0.00177,0.97853,
1661305009900000000,205.01768,-50.16534,1.96144,-0.19313,-0.00195,0.00200,0.98117,
1661305010100000000,205.10517,-50.43130,1.96021,-0.18026,-0.00156,0.00129,0.98362,
1661305010300000000,205.19617,-50.72529,1.96015,-0.16649,-0.00109,0.00170,0.98604,
1661305010500000000,205.28835,-51.03208,1.95968,-0.15605,-0.00112,0.00139,0.98775,
1661305011000000000,205.50533,-51.75758,1.95760,-0.14850,0.00038,0.00185,0.98891,
1661305011500000000,205.73284,-52.53188,1.95501,-0.14454,0.00111,0.00192,0.98950,
1661305011900000000,205.92383,-53.15905,1.95023,-0.14756,0.00056,0.00084,0.98905,
1661305012300000000,206.12474,-53.80764,1.94643,-0.15116,-0.00038,0.00135,0.98851,
1661305012600000000,206.28704,-54.31432,1.94366,-0.15431,0.00065,0.00116,0.98802,
1661305012900000000,206.45979,-54.83917,1.93948,-0.15804,0.00077,0.00092,0.98743,
1661305013200000000,206.62985,-55.35383,1.93550,-0.16196,0.00033,-0.00102,0.98680,
1661305013400000000,206.74527,-55.69195,1.93271,-0.16408,0.00129,-0.00148,0.98644,
1661305013600000000,206.85422,-56.01302,1.92995,-0.16582,0.00105,-0.00103,0.98616,
1661305013800000000,206.95843,-56.32389,1.92649,-0.16759,0.00002,-0.00223,0.98585,
1661305014200000000,207.17188,-56.94240,1.92414,-0.17156,-0.00144,0.00053,0.98517,
1661305014500000000,207.34707,-57.40769,1.92360,-0.18073,-0.00145,0.00152,0.98353,
1661305014700000000,207.47252,-57.69332,1.92319,-0.19408,-0.00200,0.00221,0.98098,
1661305014900000000,207.60218,-57.97212,1.92336,-0.20547,-0.00286,0.00209,0.97866,
1661305015100000000,207.73918,-58.25248,1.92411,-0.21504,-0.00240,0.00320,0.97660,
1661305015300000000,207.88609,-58.54858,1.92450,-0.22597,-0.00355,0.00209,0.97413,
1661305015500000000,208.04101,-58.83719,1.92423,-0.23612,-0.00290,0.00215,0.97172,
1661305015900000000,208.29614,-59.37672,1.92434,-0.22437,-0.00290,0.00272,0.97450,
1661305016200000000,208.46930,-59.77632,1.92388,-0.21338,-0.00214,0.00312,0.97696,
1661305016500000000,208.64491,-60.19643,1.92367,-0.20531,-0.00223,0.00250,0.97869,
1661305016900000000,208.87943,-60.78395,1.92487,-0.19583,-0.00199,0.00358,0.98063,
1661305017300000000,209.10758,-61.35508,1.92487,-0.19259,-0.00191,0.00297,0.98127,
1661305017700000000,209.33731,-61.90562,1.92492,-0.19694,-0.00260,0.00365,0.98041,
1661305018100000000,209.57165,-62.45367,1.92897,-0.20172,-0.00281,0.00446,0.97943,
1661305018400000000,209.74837,-62.85165,1.92939,-0.20506,-0.00136,0.00368,0.97874,
1661305018700000000,209.93125,-63.26400,1.92989,-0.20831,-0.00144,0.00318,0.97806,
1661305019000000000,210.13503,-63.70427,1.92824,-0.21209,-0.00076,0.00242,0.97725,
1661305019300000000,210.33285,-64.12939,1.92726,-0.21617,-0.00112,0.00146,0.97635,
1661305019700000000,210.59154,-64.67635,1.92938,-0.21975,-0.00061,0.00242,0.97555,
1661305020100000000,210.83910,-65.19449,1.92889,-0.22200,-0.00107,0.00229,0.97504,
1661305020500000000,211.10417,-65.74255,1.92844,-0.22583,-0.00173,0.00197,0.97416,
1661305020900000000,211.37557,-66.29475,1.92867,-0.22949,-0.00192,0.00276,0.97330,
1661305021300000000,211.65170,-66.84678,1.92803,-0.23267,-0.00176,0.00146,0.97255,
1661305021600000000,211.85529,-67.24724,1.92888,-0.23551,-0.00182,0.00274,0.97187,
1661305021900000000,212.06296,-67.65251,1.92899,-0.23916,-0.00152,0.00257,0.97098,
1661305022300000000,212.33296,-68.16916,1.93041,-0.24354,-0.00258,0.00254,0.96988,
1661305022700000000,212.60478,-68.67130,1.93179,-0.24752,-0.00200,0.00303,0.96888,
1661305023300000000,212.99924,-69.41678,1.93131,-0.24498,-0.00199,0.00329,0.96952,
1661305024000000000,213.45870,-70.30538,1.93407,-0.24229,-0.00189,0.00379,0.97019,
1661305024500000000,213.78858,-70.96919,1.93755,-0.23772,-0.00253,0.00403,0.97132,
1661305024900000000,214.03169,-71.48136,1.93848,-0.22883,-0.00171,0.00377,0.97346,
1661305025300000000,214.27257,-72.01517,1.93916,-0.22000,-0.00188,0.00353,0.97549,
1661305025700000000,214.50365,-72.53929,1.94054,-0.21342,-0.00181,0.00390,0.97695,
1661305026200000000,214.78892,-73.20947,1.94240,-0.20585,-0.00081,0.00434,0.97857,
1661305026500000000,214.95262,-73.62928,1.93993,-0.19482,-0.00105,0.00428,0.98083,
1661305026800000000,215.10968,-74.04191,1.93720,-0.18677,-0.00041,0.00327,0.98240,
1661305027200000000,215.33461,-74.61648,1.93272,-0.18539,-0.00143,0.00225,0.98266,
1661305027600000000,215.54904,-75.14479,1.93136,-0.19039,-0.00238,0.00214,0.98170,
1661305028100000000,215.80907,-75.75819,1.93037,-0.19552,-0.00154,0.00266,0.98070,
1661305028600000000,216.07890,-76.38937,1.92971,-0.20034,-0.00067,0.00276,0.97972,
1661305029000000000,216.29802,-76.88554,1.92996,-0.20501,-0.00146,0.00345,0.97875,
1661305029500000000,216.55456,-77.46874,1.93047,-0.20991,-0.00209,0.00422,0.97771,
1661305030100000000,216.87566,-78.18451,1.92996,-0.21484,-0.00233,0.00414,0.97664,
1661305030500000000,217.10474,-78.67953,1.93081,-0.21851,-0.00219,0.00320,0.97583,
1661305031000000000,217.36543,-79.26795,1.93280,-0.21300,-0.00316,0.00415,0.97704,
1661305031400000000,217.57812,-79.77933,1.93182,-0.20451,-0.00288,0.00397,0.97885,
1661305031800000000,217.78684,-80.30494,1.93137,-0.19518,-0.00181,0.00420,0.98076,
1661305032300000000,218.05028,-80.97223,1.92955,-0.19173,-0.00282,0.00348,0.98144,
1661305032800000000,218.30988,-81.63685,1.92954,-0.18793,-0.00246,0.00393,0.98217,
1661305033200000000,218.52565,-82.18099,1.92730,-0.19023,-0.00236,0.00240,0.98173,
1661305033600000000,218.74344,-82.71783,1.92473,-0.19292,-0.00175,0.00220,0.98121,
1661305034000000000,218.95381,-83.23001,1.92602,-0.19619,-0.00240,0.00258,0.98056,
1661305034500000000,219.21248,-83.84924,1.92657,-0.20032,-0.00390,0.00448,0.97971,
1661305035000000000,219.47975,-84.47921,1.92817,-0.20380,-0.00351,0.00433,0.97900,
1661305035400000000,219.70180,-84.99152,1.92916,-0.20630,-0.00219,0.00295,0.97848,
1661305035800000000,219.91650,-85.48222,1.92835,-0.20955,-0.00276,0.00036,0.97779,
1661305036300000000,220.19889,-86.10970,1.93076,-0.21199,-0.00296,0.00491,0.97726,
1661305036800000000,220.48894,-86.77284,1.93137,-0.21078,-0.00260,0.00257,0.97753,
1661305037200000000,220.71391,-87.32637,1.93246,-0.20126,-0.00352,0.00444,0.97952,
1661305037500000000,220.87095,-87.74324,1.93282,-0.19011,-0.00307,0.00383,0.98175,
1661305037800000000,221.01180,-88.14526,1.93379,-0.18003,-0.00316,0.00402,0.98365,
1661305038200000000,221.20072,-88.69502,1.93353,-0.17191,-0.00327,0.00341,0.98510,
1661305038700000000,221.43585,-89.38216,1.93330,-0.17006,-0.00299,0.00285,0.98542,
1661305039200000000,221.67240,-90.05747,1.93351,-0.17063,-0.00171,0.00231,0.98533,
1661305039700000000,221.91734,-90.74141,1.93356,-0.17486,-0.00248,0.00418,0.98458,
1661305040200000000,222.16866,-91.41739,1.93461,-0.17987,-0.00292,0.00492,0.98367,
1661305040600000000,222.36326,-91.93361,1.93790,-0.18381,-0.00350,0.00501,0.98294,
1661305041100000000,222.62568,-92.60185,1.93952,-0.18802,-0.00370,0.00473,0.98215,
1661305041600000000,222.91290,-93.32225,1.94259,-0.19306,-0.00284,0.00461,0.98117,
1661305042000000000,223.16085,-93.93098,1.94630,-0.19719,-0.00302,0.00482,0.98035,
1661305042500000000,223.48487,-94.70254,1.94766,-0.20254,-0.00310,0.00406,0.97926,
1661305043000000000,223.78543,-95.39903,1.95092,-0.20641,-0.00395,0.00424,0.97845,
1661305043500000000,224.07592,-96.06833,1.95473,-0.20975,-0.00435,0.00426,0.97774,
1661305044100000000,224.41540,-96.87916,1.96129,-0.20238,-0.00438,0.00538,0.97928,
1661305044600000000,224.70271,-97.59311,1.96229,-0.19561,-0.00407,0.00484,0.98066,
1661305045000000000,224.91870,-98.15113,1.96367,-0.18651,-0.00341,0.00508,0.98243,
1661305045400000000,225.12358,-98.71882,1.96475,-0.17711,-0.00382,0.00580,0.98417,
1661305045700000000,225.26285,-99.13766,1.96488,-0.16996,-0.00361,0.00554,0.98543,
1661305046200000000,225.51416,-99.87435,1.96877,-0.16597,-0.00352,0.00608,0.98611,
1661305046600000000,225.70631,-100.41323,1.97284,-0.17055,-0.00333,0.00619,0.98532,
1661305047000000000,225.89383,-100.93805,1.97674,-0.17488,-0.00529,0.00549,0.98456,
1661305047500000000,226.14734,-101.60161,1.98179,-0.17862,-0.00315,0.00712,0.98389,
1661305048100000000,226.43892,-102.38451,1.98905,-0.17936,-0.00326,0.00775,0.98375,
1661305048700000000,226.74398,-103.19683,1.99628,-0.18064,-0.00307,0.00851,0.98351,
1661305049300000000,227.07706,-104.07312,2.00284,-0.18183,-0.00268,0.00780,0.98329,
1661305049900000000,227.37244,-104.87996,2.01304,-0.17672,-0.00236,0.00807,0.98423,
1661305050400000000,227.62804,-105.60648,2.02210,-0.17241,-0.00282,0.00831,0.98499,
1661305051000000000,227.90614,-106.42604,2.03291,-0.16753,-0.00356,0.00862,0.98582,
1661305051600000000,228.16556,-107.21337,2.04089,-0.16304,-0.00324,0.00917,0.98657,
1661305052100000000,228.39536,-107.92468,2.05213,-0.16130,-0.00205,0.00834,0.98687,
1661305052800000000,228.70923,-108.89745,2.06556,-0.15953,-0.00217,0.01034,0.98714,
1661305053500000000,229.03135,-109.90051,2.07710,-0.16211,-0.00235,0.01037,0.98672,
1661305054200000000,229.37040,-110.91656,2.09261,-0.16688,-0.00234,0.01016,0.98592,
1661305055000000000,229.75600,-112.04205,2.11287,-0.17057,-0.00160,0.01214,0.98527,
1661305055700000000,230.11274,-113.05081,2.13632,-0.17411,-0.00196,0.01447,0.98462,
1661305056300000000,230.43264,-113.93175,2.15489,-0.17730,-0.00228,0.01292,0.98407,
1661305056900000000,230.74931,-114.80075,2.16777,-0.17708,-0.00014,0.00866,0.98416,
1661305057400000000,230.99053,-115.52597,2.17584,-0.16733,-0.00076,0.01078,0.98584,
1661305057700000000,231.12391,-115.98699,2.17782,-0.15372,-0.00036,0.00903,0.98807,
1661305057900000000,231.21478,-116.32121,2.17915,-0.14071,0.00125,0.00819,0.99002,
1661305058100000000,231.28515,-116.62758,2.18150,-0.12729,0.00159,0.00884,0.99182,
1661305058400000000,231.34877,-117.02909,2.18193,-0.10332,0.00060,0.00842,0.99461,
1661305058800000000,231.39548,-117.59934,2.18439,-0.06438,0.00004,0.00935,0.99788,
1661305059400000000,231.37514,-118.47988,2.19257,-0.00130,-0.00054,0.00945,0.99995,
1661305059900000000,231.27313,-119.24533,2.19838,0.05349,0.00106,0.00790,0.99854,
1661305060300000000,231.14991,-119.82639,2.20058,0.08813,0.00100,0.00560,0.99609,
1661305060900000000,230.92671,-120.70529,2.20101,0.12135,-0.00094,0.00343,0.99260,
1661305061600000000,230.69652,-121.69410,2.22314,0.13095,0.01874,0.01838,0.99104,
1661305062100000000,230.43881,-122.38072,2.23017,0.16074,0.00811,0.01086,0.98690,
1661305062800000000,229.97589,-123.31234,2.24338,0.21489,0.00506,0.01328,0.97654,
1661305063400000000,229.53973,-124.12751,2.25502,0.24697,0.00923,0.00787,0.96895,
1661305063800000000,229.19177,-124.64934,2.25572,0.28387,0.00941,0.00309,0.95881,
1661305064200000000,228.80633,-125.10847,2.26083,0.32836,0.01331,0.00561,0.94444,
1661305064600000000,228.38942,-125.53941,2.26789,0.35932,0.01310,0.00667,0.93310,
1661305065000000000,227.97518,-125.98667,2.27768,0.36178,0.01169,0.00884,0.93215,
1661305065500000000,227.48924,-126.53828,2.29320,0.35602,0.01600,0.01335,0.93424,
1661305065800000000,227.18973,-126.88870,2.30118,0.35232,0.01798,0.01223,0.93563,
1661305066000000000,226.99215,-127.12301,2.30476,0.34760,0.01549,0.00908,0.93747,
1661305066300000000,226.73754,-127.45973,2.31247,0.32874,0.01482,0.00977,0.94425,
1661305066600000000,226.50531,-127.81460,2.32157,0.30312,0.01552,0.01013,0.95277,
1661305066900000000,226.28437,-128.19893,2.32735,0.27344,0.01414,0.00914,0.96174,
1661305067300000000,226.02910,-128.73748,2.33891,0.23215,0.01575,0.01118,0.97249,
1661305067600000000,225.86741,-129.14372,2.35003,0.20346,0.01662,0.01276,0.97886,
1661305067900000000,225.72665,-129.56177,2.35738,0.17423,0.01622,0.01015,0.98452,
1661305068300000000,225.58183,-130.12527,2.36792,0.13346,0.01547,0.01000,0.99088,
1661305068700000000,225.48288,-130.70582,2.37663,0.09527,0.01711,0.00814,0.99527,
1661305069200000000,225.37132,-131.43858,2.39952,0.07024,0.01638,0.02033,0.99719,
1661305069700000000,225.29173,-132.13012,2.43824,0.04908,0.01330,0.03163,0.99821,
1661305070300000000,225.24169,-133.03036,2.48925,0.02321,0.01496,0.03091,0.99914,
1661305070900000000,225.23931,-133.78859,2.53196,0.00104,0.01625,0.03017,0.99941,
1661305071500000000,225.26655,-134.65842,2.57887,-0.01768,0.01392,0.03152,0.99925,
1661305072100000000,225.29239,-135.58844,2.62397,-0.01570,0.01300,0.02647,0.99944,
1661305073100000000,225.29649,-137.11277,2.69717,-0.00534,0.01711,0.02951,0.99940,
1661305073600000000,225.31355,-137.87424,2.73714,-0.01075,0.01990,0.03012,0.99929,
1661305074400000000,225.34269,-139.12213,2.80766,-0.02119,0.01239,0.03193,0.99919,
1661305075200000000,225.40769,-140.41847,2.87770,-0.03138,0.01028,0.03010,0.99900,
1661305076000000000,225.49031,-141.67942,2.93103,-0.04098,0.00602,0.02641,0.99879,
1661305076700000000,225.58919,-142.77534,2.96355,-0.04865,0.00743,0.01492,0.99868,
1661305077100000000,225.64271,-143.33783,2.97916,-0.05334,0.00426,0.01745,0.99841,
1661305078000000000,225.81188,-144.81849,3.01222,-0.06393,0.00377,0.01358,0.99785,
1661305078500000000,225.94619,-145.65701,3.03038,-0.08423,0.00257,0.01231,0.99637,
1661305079000000000,226.12668,-146.39851,3.04826,-0.11342,0.00514,0.01571,0.99341,
1661305079600000000,226.39846,-147.32835,3.07429,-0.14443,0.00359,0.01816,0.98934,
1661305080200000000,226.68160,-148.28210,3.09509,-0.14385,0.00321,0.01490,0.98948,
1661305080700000000,226.88730,-149.08287,3.11044,-0.13705,0.00279,0.01266,0.99048,
1661305081000000000,227.02092,-149.55595,3.11663,-0.14106,0.00124,0.00997,0.98995,
1661305081400000000,227.21018,-150.17737,3.12547,-0.14768,0.00419,0.01027,0.98897,
1661305081800000000,227.40734,-150.80554,3.13005,-0.15558,0.00424,0.00767,0.98778,
1661305082300000000,227.66855,-151.58640,3.13607,-0.16532,0.00285,0.00923,0.98619,
1661305082800000000,227.94655,-152.33463,3.14221,-0.17388,0.00317,0.01216,0.98469,
1661305083200000000,228.18367,-152.94090,3.14817,-0.18086,0.00464,0.01118,0.98343,
1661305083600000000,228.41234,-153.51504,3.15459,-0.18650,0.00755,0.00948,0.98238,
1661305084200000000,228.75812,-154.38963,3.16703,-0.19316,0.00236,0.01179,0.98109,
1661305084500000000,228.91937,-154.81451,3.17189,-0.18990,0.00441,0.00999,0.98174,
1661305084700000000,229.03865,-155.15698,3.17677,-0.18258,0.00328,0.00960,0.98314,
1661305084900000000,229.15302,-155.48738,3.17814,-0.17432,0.00548,0.00840,0.98464,
1661305085300000000,229.36097,-156.09137,3.18454,-0.16998,0.00566,0.00986,0.98538,
1661305085700000000,229.56351,-156.69642,3.19244,-0.16615,0.00528,0.01188,0.98601,
1661305086000000000,229.71529,-157.16648,3.19651,-0.16543,0.00275,0.00907,0.98618,
1661305086400000000,229.92501,-157.79138,3.20692,-0.16334,0.00424,0.01245,0.98648,
1661305086800000000,230.13750,-158.43246,3.21412,-0.16126,0.00490,0.01326,0.98681,
1661305087100000000,230.28531,-158.89475,3.21985,-0.16053,0.00381,0.01112,0.98696,
1661305087500000000,230.48560,-159.51033,3.23089,-0.15895,0.00397,0.01375,0.98718,
1661305087800000000,230.63578,-159.97975,3.23993,-0.15768,0.00390,0.01222,0.98741,
1661305088200000000,230.82184,-160.56980,3.25095,-0.15718,0.00449,0.01301,0.98747,
1661305088500000000,230.98278,-161.05325,3.25998,-0.15816,0.00657,0.01138,0.98733,
1661305088800000000,231.13413,-161.50975,3.26586,-0.16034,0.00647,0.00953,0.98699,
1661305089200000000,231.32744,-162.07095,3.27329,-0.16294,0.00795,0.01242,0.98653,
1661305089600000000,231.53351,-162.65854,3.28410,-0.16699,0.00951,0.01360,0.98582,
1661305090000000000,231.73513,-163.22790,3.29445,-0.17117,0.00931,0.01312,0.98511,
1661305090400000000,231.95998,-163.84982,3.30498,-0.17510,0.00954,0.01350,0.98441,
1661305090900000000,232.24499,-164.61687,3.32288,-0.17893,0.01115,0.01707,0.98365,
1661305091300000000,232.46902,-165.21434,3.33366,-0.18142,0.01188,0.01315,0.98325,
1661305091700000000,232.68671,-165.81871,3.33831,-0.17714,0.01220,0.00854,0.98407,
1661305091900000000,232.77892,-166.10244,3.33929,-0.17058,0.01257,0.00743,0.98524,
1661305092100000000,232.86901,-166.39443,3.33720,-0.16444,0.01076,0.00698,0.98630,
1661305092300000000,232.94158,-166.64723,3.34268,-0.15773,0.01091,0.00885,0.98738,
1661305092500000000,233.03689,-166.97143,3.34765,-0.15103,0.00972,0.01359,0.98839,
1661305092800000000,233.17591,-167.46836,3.35768,-0.14485,0.00753,0.01545,0.98930,
1661305093000000000,233.26890,-167.79849,3.36183,-0.14046,0.00789,0.01627,0.98992,
1661305093500000000,233.48094,-168.59895,3.36981,-0.13521,0.00673,0.01040,0.99074,
1661305093900000000,233.63996,-169.20147,3.37447,-0.13147,0.00753,0.00808,0.99126,
1661305094500000000,233.83901,-169.98475,3.38160,-0.12730,0.00520,0.00837,0.99182,
1661305095000000000,233.98647,-170.60282,3.38841,-0.12333,0.00447,0.01134,0.99229,
1661305095500000000,234.15224,-171.30083,3.39815,-0.11972,0.00625,0.01250,0.99271,
1661305095900000000,234.27423,-171.84154,3.40847,-0.11575,0.00736,0.01074,0.99319,
1661305096400000000,234.42598,-172.52574,3.41567,-0.11343,0.00420,0.01017,0.99349,
1661305096900000000,234.55829,-173.17064,3.42213,-0.10946,0.00345,0.00894,0.99394,
1661305097400000000,234.69337,-173.83570,3.43596,-0.10534,0.00336,0.01167,0.99436,
1661305097900000000,234.82052,-174.49095,3.44824,-0.10083,0.00297,0.01296,0.99481,
1661305098200000000,234.90461,-174.93086,3.45268,-0.09879,0.00377,0.00921,0.99506,
1661305098500000000,234.97467,-175.35991,3.46074,-0.09302,0.00224,0.00850,0.99563,
1661305098800000000,235.04296,-175.77968,3.46676,-0.08303,0.00630,0.01201,0.99646,
1661305099000000000,235.07893,-176.06370,3.46884,-0.07362,0.00470,0.01189,0.99720,
1661305099200000000,235.10054,-176.31712,3.47186,-0.06357,0.00353,0.00896,0.99793,
1661305099600000000,235.13618,-176.85638,3.47724,-0.04037,0.00213,0.00821,0.99915,
1661305100000000000,235.12882,-177.34042,3.47980,-0.01232,0.00042,0.00912,0.99988,
1661305100300000000,235.09989,-177.74670,3.48238,0.01400,0.00184,0.00967,0.99985,
1661305100600000000,235.04737,-178.16842,3.48503,0.04180,0.00401,0.01129,0.99905,
1661305101000000000,234.92727,-178.75018,3.48734,0.08253,0.00600,0.00968,0.99652,
1661305101300000000,234.81051,-179.18638,3.48736,0.11092,0.00519,0.00793,0.99378,
1661305101800000000,234.59538,-179.82079,3.49624,0.14941,0.00543,0.00804,0.98873,
1661305102200000000,234.42192,-180.26209,3.49953,0.17117,0.00350,0.00859,0.98520,
1661305102500000000,234.30213,-180.56548,3.50187,0.17990,0.00303,0.00835,0.98364,
1661305103100000000,234.05444,-181.15869,3.50528,0.19363,0.00264,0.00536,0.98106,
1661305103300000000,233.95624,-181.37245,3.51155,0.19907,0.00427,0.00563,0.97996,
1661305103900000000,233.65397,-182.00568,3.51233,0.21515,0.00345,0.00460,0.97656,
1661305104300000000,233.46314,-182.37577,3.51861,0.22572,0.00469,0.00818,0.97415,
1661305104900000000,233.14011,-182.95676,3.52607,0.24312,0.00227,0.01064,0.96994,
1661305105300000000,232.89390,-183.36432,3.52972,0.25943,0.00214,0.00855,0.96572,
1661305105900000000,232.49526,-183.96481,3.53737,0.28626,0.00657,0.00741,0.95810,
1661305106300000000,232.23707,-184.30924,3.54427,0.30196,0.00820,0.00651,0.95326,
1661305107200000000,231.71481,-184.99054,3.56240,0.31364,0.00808,0.01615,0.94937,
1661305107500000000,231.51742,-185.26216,3.56542,0.30942,0.00421,0.01051,0.95086,
1661305107700000000,231.38966,-185.43708,3.55053,0.30741,-0.00029,-0.00452,0.95157,
1661305108100000000,231.13038,-185.82014,3.49169,0.30362,-0.01265,-0.05500,0.95112,
1661305108800000000,230.73588,-186.37863,3.41990,0.29751,-0.01694,-0.05361,0.95306,
1661305109300000000,230.43445,-186.82571,3.35866,0.29348,-0.01624,-0.05534,0.95422,
1661305109800000000,230.14832,-187.26129,3.29414,0.28847,-0.01737,-0.05687,0.95564,
1661305110500000000,229.73064,-187.89676,3.21089,0.28550,-0.01508,-0.05304,0.95679,
1661305110800000000,229.49785,-188.23245,3.16861,0.29265,-0.01630,-0.05507,0.95449,
1661305111000000000,229.34640,-188.43633,3.14309,0.30236,-0.01336,-0.05489,0.95152,
1661305111400000000,229.03240,-188.80728,3.09165,0.32691,-0.00857,-0.05052,0.94366,
1661305111800000000,228.70579,-189.14255,3.03445,0.35244,-0.01019,-0.05069,0.93440,
1661305112000000000,228.53229,-189.31781,3.00764,0.36555,-0.00769,-0.05232,0.92929,
1661305112300000000,228.26215,-189.58439,2.96419,0.37703,-0.00622,-0.05342,0.92464,
1661305112900000000,227.67573,-190.15476,2.87083,0.38709,-0.00422,-0.05727,0.92025,
1661305113300000000,227.28295,-190.55043,2.80300,0.38532,-0.00359,-0.06031,0.92080,
1661305113600000000,226.98731,-190.84749,2.75188,0.38151,-0.00545,-0.06241,0.92224,
1661305114000000000,226.59724,-191.24339,2.67993,0.37602,-0.00842,-0.06316,0.92442,
1661305114200000000,226.39647,-191.45535,2.63831,0.37227,-0.01164,-0.06827,0.92554,
1661305114400000000,226.19782,-191.66789,2.59393,0.36829,-0.01433,-0.07356,0.92668,
1661305114800000000,225.83299,-192.06860,2.51679,0.36376,-0.01071,-0.07253,0.92860,
1661305115300000000,225.36988,-192.57731,2.42070,0.35559,-0.01185,-0.06760,0.93212,
1661305115600000000,225.07380,-192.91355,2.35744,0.35101,-0.01292,-0.06942,0.93370,
1661305116000000000,224.69153,-193.36093,2.27862,0.34428,-0.01173,-0.06635,0.93645,
1661305116300000000,224.42193,-193.68583,2.21846,0.33959,-0.01205,-0.06713,0.93810,
1661305116600000000,224.14330,-194.02753,2.15840,0.33539,-0.01129,-0.06673,0.93964,
1661305117000000000,223.78079,-194.46912,2.08037,0.33181,-0.01371,-0.06549,0.94097,
1661305117300000000,223.50948,-194.79194,2.02237,0.33383,-0.01514,-0.06545,0.94024,
1661305117700000000,223.18585,-195.18166,1.95322,0.33369,-0.01617,-0.06342,0.94041,
1661305118100000000,222.92311,-195.51283,1.89349,0.33190,-0.01386,-0.06570,0.94092,
1661305118500000000,222.65001,-195.84651,1.83641,0.32831,-0.01891,-0.06603,0.94207,
1661305118800000000,222.46593,-196.08903,1.79246,0.32568,-0.01757,-0.06718,0.94293,
1661305119200000000,222.20478,-196.43332,1.73140,0.32242,-0.01601,-0.06562,0.94418,
1661305119600000000,221.91903,-196.80707,1.66717,0.31923,-0.01718,-0.06565,0.94524,
1661305119900000000,221.70590,-197.08078,1.61671,0.31912,-0.02009,-0.06467,0.94529,
1661305120200000000,221.46074,-197.40404,1.56071,0.31852,-0.02012,-0.06553,0.94543,
1661305120500000000,221.22670,-197.72502,1.50487,0.31572,-0.01698,-0.06279,0.94662,
1661305120700000000,221.07141,-197.93411,1.46755,0.31391,-0.01731,-0.06521,0.94705,
1661305120900000000,220.91237,-198.14811,1.43083,0.31213,-0.01854,-0.06705,0.94749,
1661305121200000000,220.69962,-198.43481,1.38011,0.30923,-0.01994,-0.06560,0.94851,
1661305121400000000,220.56751,-198.61379,1.34899,0.30815,-0.02071,-0.06526,0.94887,
1661305121600000000,220.43279,-198.80273,1.31444,0.30816,-0.01847,-0.06600,0.94886,
1661305121800000000,220.29561,-198.98736,1.28142,0.30782,-0.01968,-0.06636,0.94892,
1661305122000000000,220.14775,-199.18213,1.24914,0.31045,-0.01995,-0.06574,0.94810,
1661305122200000000,220.02777,-199.33441,1.22117,0.31345,-0.01928,-0.06521,0.94717,
1661305122600000000,219.75713,-199.68264,1.15859,0.31589,-0.02174,-0.06546,0.94628,
1661305122800000000,219.63220,-199.84598,1.12811,0.31498,-0.02343,-0.06701,0.94644,
1661305123000000000,219.51006,-200.00987,1.09723,0.31380,-0.02415,-0.06889,0.94668,
1661305123400000000,219.27828,-200.32075,1.03867,0.31146,-0.02608,-0.06834,0.94744,
1661305123600000000,219.15677,-200.48919,1.00673,0.31084,-0.02510,-0.06998,0.94755,
1661305123800000000,219.04107,-200.64635,0.97921,0.30956,-0.02555,-0.06921,0.94801,
1661305124000000000,218.94800,-200.77498,0.95764,0.30811,-0.02555,-0.06772,0.94859,
1661305124200000000,218.90018,-200.83867,0.94556,0.30737,-0.02603,-0.06561,0.94897,
1661305124400000000,218.86461,-200.88634,0.93681,0.30680,-0.02643,-0.06481,0.94920,
1661305124700000000,218.82700,-200.93867,0.92762,0.30595,-0.02648,-0.06432,0.94950,
1661305125100000000,218.78077,-201.00507,0.91533,0.30490,-0.02661,-0.06518,0.94978,
1661305125500000000,218.74388,-201.05890,0.90621,0.30417,-0.02598,-0.06559,0.95000,
