1749131157080217088,0.03316,-0.02511,-0.00447,0.87096,-0.00353,0.00212,-0.49133,
1749131157179677696,0.03712,-0.03084,-0.00372,0.85739,-0.00328,0.00176,-0.51465,
1749131157278988288,0.04059,-0.03670,-0.00313,0.84373,-0.00307,0.00141,-0.53676,
1749131157378898944,0.04225,-0.04070,-0.00284,0.82880,-0.00291,0.00103,-0.55953,
1749131157479109632,0.04175,-0.04245,-0.00296,0.81372,-0.00281,0.00055,-0.58126,
1749131157578120192,0.03920,-0.04210,-0.00385,0.79834,-0.00274,0.00001,-0.60221,
1749131157677580800,0.03716,-0.04311,-0.00495,0.78171,-0.00269,-0.00049,-0.62364,
1749131157776741376,0.03653,-0.04589,-0.00582,0.76533,-0.00253,-0.00063,-0.64363,
1749131157876652032,0.03578,-0.04900,-0.00634,0.74752,-0.00244,-0.00071,-0.66423,
1749131157975812608,0.03475,-0.05229,-0.00658,0.72875,-0.00225,-0.00060,-0.68478,
1749131158074973184,0.03381,-0.05450,-0.00661,0.71050,-0.00201,-0.00042,-0.70369,
1749131158174733824,0.03318,-0.05601,-0.00644,0.69114,-0.00166,-0.00019,-0.72272,
1749131158274494464,0.03290,-0.05752,-0.00609,0.67168,-0.00130,0.00002,-0.74084,
1749131158373955072,0.03268,-0.06026,-0.00544,0.65079,-0.00086,0.00028,-0.75926,
1749131158473415680,0.03242,-0.06543,-0.00484,0.63085,-0.00045,0.00057,-0.77591,
1749131158572876288,0.03277,-0.07219,-0.00410,0.60913,0.00011,0.00101,-0.79307,
1749131158673387008,0.03317,-0.07963,-0.00333,0.58833,0.00066,0.00139,-0.80862,
1749131158771797504,0.03326,-0.08555,-0.00311,0.56737,0.00124,0.00166,-0.82346,
1749131158872458240,0.03227,-0.08934,-0.00305,0.54484,0.00160,0.00167,-0.83854,
1749131158971918848,0.03025,-0.09372,-0.00314,0.52219,0.00188,0.00163,-0.85282,
1749131159070479360,0.02822,-0.09732,-0.00335,-0.49993,-0.00213,-0.00157,0.86606,
1749131159169939968,0.02646,-0.09958,-0.00378,-0.47438,-0.00237,-0.00150,0.88032,
1749131159270900736,0.02463,-0.10214,-0.00402,-0.44946,-0.00268,-0.00152,0.89330,
1749131159370211328,0.02338,-0.10593,-0.00267,-0.42475,-0.00291,-0.00164,0.90530,
1749131159468471808,0.01932,-0.11100,-0.00242,-0.39947,-0.00305,-0.00160,0.91674,
1749131159567932416,0.01396,-0.11632,-0.00192,-0.37399,-0.00310,-0.00153,0.92743,
1749131159667993088,0.00757,-0.12241,-0.00165,-0.34987,-0.00316,-0.00145,0.93679,
1749131159767003648,0.00099,-0.12929,-0.00128,-0.32610,-0.00322,-0.00140,0.94533,
1749131159866464256,-0.00651,-0.13711,-0.00074,-0.30128,-0.00327,-0.00133,0.95353,
1749131159967275008,-0.01277,-0.14495,0.00051,-0.27613,-0.00336,-0.00133,0.96111,
1749131160065985536,-0.01932,-0.15360,0.00185,-0.25194,-0.00348,-0.00132,0.96773,
1749131160165146112,-0.02324,-0.16222,0.00280,-0.22699,-0.00365,-0.00135,0.97389,
1749131160265356800,-0.02341,-0.17157,0.00326,-0.20261,-0.00379,-0.00144,0.97925,
1749131160364217344,-0.02354,-0.18225,0.00339,-0.17890,-0.00378,-0.00148,0.98386,
1749131160563438592,-0.02864,-0.20719,0.00312,-0.13098,-0.00385,-0.00142,0.99138,
1749131160763559936,-0.02747,-0.23461,0.00198,-0.08174,-0.00382,-0.00133,0.99665,
1749131160962481152,-0.02429,-0.26420,0.00032,-0.03335,-0.00378,-0.00117,0.99944,
1749131161160202240,-0.02232,-0.29746,-0.00204,0.01517,-0.00378,-0.00096,0.99988,
1749131161359573504,-0.02062,-0.33344,-0.00433,0.06359,-0.00377,-0.00072,0.99797,
1749131161558344704,-0.02363,-0.36926,-0.00603,0.11170,-0.00370,-0.00044,0.99373,
1749131161857026560,-0.03242,-0.42817,-0.00907,0.18349,-0.00379,-0.00005,0.98301,
1749131162156758528,-0.04542,-0.49139,-0.01336,0.25463,-0.00393,0.00039,0.96703,
1749131162354179584,-0.06232,-0.53001,-0.01504,0.30098,-0.00413,0.00077,0.95362,
1749131162553550848,-0.08790,-0.55799,-0.01582,0.34672,-0.00426,0.00124,0.93796,
1749131162852382720,-0.13437,-0.59180,-0.01720,0.41383,-0.00450,0.00191,0.91034,
1749131163150914560,-0.18799,-0.61159,-0.01689,0.47856,-0.00480,0.00271,0.87804,
1749131163449146368,-0.24558,-0.61554,-0.01630,0.54029,-0.00500,0.00359,0.84146,
1749131163747978240,-0.30346,-0.60509,-0.01646,0.59962,-0.00518,0.00456,0.80026,
1749131164046360064,-0.35766,-0.58100,-0.01852,0.65578,-0.00520,0.00555,0.75492,
1749131165439408640,-0.70118,-0.45364,-0.02112,0.86583,-0.00449,0.00762,0.50026,
1749131166335154176,-0.92491,-0.24547,-0.02673,0.95243,-0.00326,0.00838,0.30462,
1749131166533925376,-0.95764,-0.19396,-0.02946,0.96593,-0.00283,0.00859,0.25865,
1749131166732696576,-0.98367,-0.14050,-0.03272,0.97723,-0.00239,0.00883,0.21196,
1749131167032428544,-1.03986,-0.05524,-0.05121,0.99009,-0.00186,0.00910,0.14015,
1749131167329760256,-1.07741,0.04004,-0.05944,0.99759,-0.00132,0.00938,0.06875,
1749131167628142080,-1.12443,0.13638,-0.06626,0.99995,-0.00074,0.00963,-0.00347,
1749131167926973952,-1.14965,0.23364,-0.07448,0.99711,-0.00010,0.00995,-0.07532,
1749131169121401344,-1.16761,0.67709,-0.11695,0.93618,0.00206,0.01023,-0.35137,
1749131170117207552,-1.00859,1.00863,-0.13264,0.82844,0.00379,0.00957,-0.55998,
1749131170316278784,-0.88627,1.00057,-0.10961,0.80181,0.00427,0.00956,-0.59749,
1749131170515200000,-0.73750,0.93116,-0.07996,0.77326,0.00490,0.00964,-0.63400,
1749131170713971200,-0.61980,0.88594,-0.06291,0.74329,0.00541,0.00950,-0.66888,
1749131170913342464,-0.52490,0.87472,-0.05351,0.71175,0.00586,0.00931,-0.70234,
1749131171211424256,-0.40005,0.90336,-0.05072,0.66180,0.00645,0.00896,-0.74960,
1749131171509956096,-0.26944,0.92011,-0.05217,0.60830,0.00698,0.00854,-0.79363,
1749131171708877312,-0.18553,0.90267,-0.05421,0.57133,0.00747,0.00827,-0.82065,
1749131171808487936,-0.15947,0.86181,-0.06062,0.55398,0.00793,0.00811,-0.83245,
1749131171909448704,-0.13471,0.83065,-0.06625,0.53530,0.00841,0.00790,-0.84459,
1749131172008009216,-0.10714,0.80396,-0.06572,0.51813,0.00878,0.00768,-0.85522,
1749131172207680512,-0.06041,0.74253,-0.05907,-0.48255,-0.00969,-0.00731,0.87578,
1749131172306991104,-0.03448,0.71381,-0.05640,-0.46410,-0.00999,-0.00709,0.88570,
1749131172406601728,-0.00259,0.68913,-0.05554,-0.44561,-0.01022,-0.00686,0.89514,
1749131172605822976,0.06871,0.63840,-0.05702,-0.40714,-0.01071,-0.00638,0.91328,
1749131172706033664,0.10846,0.61282,-0.05774,-0.38652,-0.01098,-0.00616,0.92219,
1749131172904954880,0.17791,0.55484,-0.05974,-0.34614,-0.01134,-0.00556,0.93810,
1749131173005615616,0.20676,0.52228,-0.06175,-0.32455,-0.01159,-0.00524,0.94578,
1749131173104776192,0.23104,0.48815,-0.06394,-0.30389,-0.01187,-0.00489,0.95262,
1749131173304297472,0.27663,0.41565,-0.06629,-0.26263,-0.01255,-0.00421,0.96481,
1749131173403908096,0.29465,0.37837,-0.06605,-0.24108,-0.01289,-0.00386,0.97041,
1749131173503068672,0.30845,0.34097,-0.06537,-0.21993,-0.01316,-0.00346,0.97542,
1749131173702739968,0.33489,0.26162,-0.06488,-0.17697,-0.01366,-0.00270,0.98412,
1749131173802350592,0.35116,0.21984,-0.06515,-0.15496,-0.01389,-0.00236,0.98782,
1749131173902261248,0.36942,0.17615,-0.06557,-0.13274,-0.01407,-0.00204,0.99105,
1749131174001571840,0.38575,0.13181,-0.06617,-0.11054,-0.01420,-0.00169,0.99377,
1749131174100732416,0.39983,0.08676,-0.06700,-0.08822,-0.01430,-0.00133,0.99600,
1749131174200793088,0.41104,0.04159,-0.06794,-0.06536,-0.01446,-0.00096,0.99776,
1749131174300553728,0.41885,-0.00247,-0.06898,-0.04283,-0.01465,-0.00055,0.99897,
1749131174399864320,0.42558,-0.04550,-0.07008,-0.02072,-0.01486,-0.00013,0.99967,
1749131174499474944,0.43023,-0.08794,-0.07136,0.00170,-0.01501,0.00031,0.99989,
1749131174599235584,0.43124,-0.12930,-0.07242,0.02481,-0.01519,0.00077,0.99958,
1749131174698696192,0.43056,-0.16870,-0.07332,0.04744,-0.01543,0.00124,0.99875,
1749131174798456832,0.42567,-0.20570,-0.07386,0.07020,-0.01560,0.00175,0.99741,
1749131174898817536,0.41689,-0.24063,-0.07424,0.09320,-0.01578,0.00228,0.99552,
1749131174997228032,0.40622,-0.27247,-0.07448,0.11571,-0.01601,0.00282,0.99315,
1749131175097288704,0.39375,-0.30247,-0.07457,0.13909,-0.01616,0.00336,0.99014,
1749131175197349376,0.38027,-0.33103,-0.07483,0.16239,-0.01625,0.00390,0.98659,
1749131175296209920,0.36672,-0.35891,-0.07540,0.18533,-0.01633,0.00443,0.98253,
1749131175395670528,0.35384,-0.38539,-0.07587,0.20831,-0.01640,0.00498,0.97791,
1749131175496031232,0.33958,-0.40835,-0.07616,0.23136,-0.01638,0.00556,0.97271,
1749131175595641856,0.32185,-0.42264,-0.07609,0.25414,-0.01625,0.00619,0.96701,
1749131175694502400,0.30153,-0.42601,-0.07561,0.27656,-0.01618,0.00694,0.96083,
1749131175795163136,0.28121,-0.42227,-0.07488,0.29927,-0.01613,0.00775,0.95400,
1749131175893573632,0.26167,-0.41812,-0.07418,0.32129,-0.01599,0.00847,0.94681,
1749131175993184256,0.24340,-0.42076,-0.07407,0.34341,-0.01584,0.00911,0.93901,
1749131176092644864,0.22547,-0.42671,-0.07407,0.36529,-0.01557,0.00964,0.93072,
1749131176193305600,0.20619,-0.43381,-0.07401,0.38721,-0.01533,0.01015,0.92181,
1749131176291866112,0.18783,-0.43820,-0.07378,0.40847,-0.01507,0.01064,0.91258,
1749131176391626752,0.16982,-0.44104,-0.07356,0.42977,-0.01479,0.01112,0.90275,
1749131176491387392,0.15242,-0.44427,-0.07343,0.45081,-0.01453,0.01158,0.89243,
1749131176691208704,0.11464,-0.45202,-0.07343,0.49223,-0.01401,0.01230,0.87026,
1749131176790219264,0.09770,-0.45072,-0.07355,0.51225,-0.01369,0.01269,0.85863,
1749131176889379840,0.08032,-0.44781,-0.07352,0.53183,-0.01340,0.01309,0.84664,
1749131176990040576,0.06153,-0.44779,-0.07362,0.55144,-0.01321,0.01348,0.83400,
1749131177088751104,0.04122,-0.44839,-0.07369,0.57039,-0.01303,0.01381,0.82116,
1749131177188361728,0.01999,-0.44715,-0.07370,0.58923,-0.01282,0.01412,0.80774,
1749131177288722432,-0.00154,-0.44457,-0.07360,0.60794,-0.01259,0.01443,0.79375,
1749131177386982912,-0.02264,-0.44076,-0.07357,0.62587,-0.01232,0.01470,0.77969,
1749131177486893568,-0.04483,-0.43586,-0.07360,0.64379,-0.01205,0.01498,0.76496,
1749131177587254272,-0.06816,-0.42948,-0.07361,0.66142,-0.01171,0.01517,0.74977,
1749131177685964800,-0.09095,-0.42101,-0.07363,0.67839,-0.01138,0.01538,0.73445,
1749131177785725440,-0.11488,-0.41209,-0.07381,0.69524,-0.01106,0.01558,0.71853,
1749131177885336064,-0.13969,-0.40240,-0.07401,0.71169,-0.01072,0.01575,0.70224,
1749131177985396736,-0.16507,-0.39244,-0.07410,0.72779,-0.01035,0.01588,0.68553,
1749131178084407296,-0.19073,-0.38202,-0.07405,0.74339,-0.00997,0.01600,0.66859,
1749131178184317952,-0.21639,-0.37061,-0.07389,0.75867,-0.00956,0.01610,0.65121,
1749131178283478528,-0.24173,-0.35778,-0.07403,0.77347,-0.00912,0.01617,0.63356,
1749131178383389184,-0.26670,-0.34484,-0.07461,0.78801,-0.00871,0.01627,0.61539,
1749131178482549760,-0.29071,-0.33040,-0.07530,0.80199,-0.00829,0.01636,0.59705,
1749131178582460416,-0.31290,-0.31284,-0.07578,0.81563,-0.00785,0.01646,0.57829,
1749131178682521088,-0.33450,-0.29291,-0.07603,0.82861,-0.00747,0.01662,0.55953,
1749131178781681664,-0.35614,-0.27216,-0.07611,0.84001,-0.00710,0.01681,0.54226,
1749131178880842240,-0.37728,-0.24980,-0.07619,0.85000,-0.00667,0.01694,0.52647,
1749131178980752896,-0.39695,-0.22600,-0.07594,0.86103,-0.00631,0.01715,0.50822,
1749131179081113600,-0.41569,-0.20162,-0.07530,0.87226,-0.00592,0.01727,0.48870,
1749131179179824128,-0.43432,-0.17588,-0.07480,0.88222,-0.00552,0.01736,0.47049,
1749131179280034816,-0.45486,-0.14953,-0.07505,0.89232,-0.00515,0.01746,0.45104,
1749131179379645440,-0.47620,-0.12163,-0.07579,0.90161,-0.00475,0.01751,0.43216,
1749131179478806016,-0.49784,-0.09263,-0.07707,0.91081,-0.00434,0.01752,0.41244,
1749131179578866688,-0.52076,-0.06457,-0.07835,0.91952,-0.00390,0.01748,0.39263,
1749131179678927360,-0.54204,-0.03381,-0.07997,0.92815,-0.00347,0.01744,0.37177,
1749131179778387968,-0.56318,-0.00344,-0.08180,0.93634,-0.00306,0.01745,0.35064,
1749131179876948480,-0.58350,0.02772,-0.08392,0.94381,-0.00262,0.01739,0.33003,
1749131179976859136,-0.60221,0.06313,-0.08568,0.95105,-0.00223,0.01742,0.30854,
1749131180076769792,-0.62023,0.09888,-0.08702,0.95777,-0.00185,0.01749,0.28701,
1749131180176830464,-0.63747,0.13523,-0.08869,0.96406,-0.00148,0.01756,0.26509,
1749131180276591104,-0.65228,0.17100,-0.09047,0.96997,-0.00109,0.01761,0.24259,
1749131180375301632,-0.66542,0.20644,-0.09231,0.97530,-0.00068,0.01762,0.22020,
1749131180474912256,-0.67763,0.24252,-0.09404,0.98014,-0.00028,0.01766,0.19751,
1749131180575122944,-0.69032,0.27819,-0.09570,0.98449,0.00014,0.01766,0.17454,
1749131180673983488,-0.70197,0.31395,-0.09771,0.98824,0.00054,0.01771,0.15186,
1749131180773294080,-0.71329,0.34922,-0.09960,0.99148,0.00095,0.01776,0.12901,
1749131180874104832,-0.72471,0.38538,-0.10122,0.99423,0.00135,0.01781,0.10578,
1749131180972815360,-0.73319,0.42095,-0.10237,0.99639,0.00174,0.01786,0.08296,
1749131181072125952,-0.73858,0.45652,-0.10320,0.99804,0.00215,0.01790,0.05989,
1749131181171586560,-0.74196,0.49212,-0.10371,0.99916,0.00255,0.01797,0.03673,
1749131181271647232,-0.74285,0.52691,-0.10379,0.99974,0.00296,0.01806,0.01346,
1749131181371107840,-0.74169,0.55896,-0.10336,0.99978,0.00340,0.01819,-0.00965,
1749131181470868480,-0.73801,0.58701,-0.10281,0.99929,0.00388,0.01838,-0.03279,
1749131181570629120,-0.72986,0.60943,-0.10219,0.99826,0.00441,0.01840,-0.05593,
1749131181669789696,-0.71661,0.62481,-0.10109,0.99670,0.00499,0.01851,-0.07891,
1749131181768950272,-0.70049,0.63566,-0.09975,0.99461,0.00561,0.01857,-0.10190,
1749131181868710912,-0.67839,0.63730,-0.09790,0.99198,0.00629,0.01856,-0.12488,
1749131181968171520,-0.65296,0.62527,-0.09728,0.98881,0.00711,0.01857,-0.14782,
1749131182067932160,-0.63439,0.63327,-0.09750,0.98513,0.00768,0.01841,-0.17065,
1749131182167992832,-0.61745,0.65051,-0.09745,0.98097,0.00813,0.01820,-0.19312,
1749131182267303424,-0.59882,0.67039,-0.09758,0.97631,0.00852,0.01801,-0.21545,
1749131182367214080,-0.57837,0.69038,-0.09824,0.97108,0.00890,0.01783,-0.23790,
1749131182466074624,-0.55706,0.70785,-0.09919,0.96540,0.00930,0.01767,-0.26001,
1749131182565985280,-0.53390,0.72314,-0.10009,0.95917,0.00971,0.01747,-0.28213,
1749131182665745920,-0.50863,0.73682,-0.10092,0.95244,0.01011,0.01732,-0.30405,
1749131182764756480,-0.48182,0.75026,-0.10176,0.94524,0.01049,0.01715,-0.32576,
1749131182864967168,-0.45387,0.76407,-0.10243,0.93747,0.01085,0.01693,-0.34748,
1749131182963977728,-0.42369,0.77696,-0.10294,0.92930,0.01115,0.01667,-0.36877,
1749131183063438336,-0.39194,0.79029,-0.10354,0.92063,0.01146,0.01645,-0.38993,
1749131183162898944,-0.35877,0.80326,-0.10423,0.91149,0.01175,0.01620,-0.41083,
1749131183262959616,-0.32491,0.81632,-0.10501,0.90182,0.01206,0.01599,-0.43165,
1749131183362570240,-0.29183,0.82901,-0.10604,0.89174,0.01240,0.01581,-0.45210,
1749131183462180864,-0.25863,0.83936,-0.10688,0.88114,0.01271,0.01551,-0.47243,
1749131183561191424,-0.22455,0.84602,-0.10774,0.87015,0.01303,0.01521,-0.49238,
1749131183661702144,-0.18889,0.84962,-0.10844,0.85847,0.01340,0.01495,-0.51247,
1749131183761162752,-0.15327,0.85124,-0.10895,0.84654,0.01379,0.01472,-0.53195,
1749131183860173312,-0.11797,0.85155,-0.10942,0.83427,0.01414,0.01440,-0.55099,
1749131183960233984,-0.08121,0.85011,-0.10990,0.82130,0.01448,0.01408,-0.57014,
1749131184059994624,-0.04405,0.84904,-0.11016,0.80797,0.01482,0.01377,-0.58888,
1749131184159005184,-0.00687,0.84902,-0.11006,0.79411,0.01513,0.01347,-0.60743,
1749131184258465792,0.03134,0.84945,-0.11014,0.77960,0.01537,0.01313,-0.62596,
1749131184358226432,0.06978,0.84923,-0.10994,0.76468,0.01562,0.01278,-0.64409,
1749131184457537024,0.10777,0.84622,-0.10992,0.74927,0.01582,0.01238,-0.66196,
1749131184557897728,0.14560,0.84290,-0.10999,0.73348,0.01604,0.01197,-0.67942,
1749131184657058304,0.18289,0.83721,-0.10993,0.71725,0.01622,0.01153,-0.69653,
1749131184756068864,0.22002,0.83009,-0.10979,0.70084,0.01642,0.01111,-0.71304,
1749131184856129536,0.25536,0.81996,-0.10933,0.68376,0.01665,0.01065,-0.72944,
1749131184955590144,0.28708,0.80573,-0.10853,0.66639,0.01694,0.01021,-0.74534,
1749131185054900736,0.31559,0.79026,-0.10769,0.64876,0.01724,0.00973,-0.76074,
1749131185154661376,0.34235,0.77375,-0.10708,0.63072,0.01751,0.00922,-0.77576,
1749131185254121984,0.36874,0.75635,-0.10690,0.61245,0.01777,0.00872,-0.79026,
1749131185354032640,0.39412,0.73844,-0.10669,0.59369,0.01803,0.00823,-0.80445,
1749131185453343232,0.41811,0.71887,-0.10653,0.57473,0.01824,0.00770,-0.81811,
1749131185553403904,0.44034,0.69808,-0.10688,0.55528,0.01850,0.00721,-0.83142,
1749131185652564480,0.45998,0.67729,-0.10717,0.53574,0.01874,0.00670,-0.84415,
1749131185751725056,0.47775,0.65537,-0.10747,0.51587,0.01892,0.00614,-0.85643,
1749131185851485696,0.49132,0.63202,-0.10762,-0.49588,-0.01915,-0.00559,0.86816,
1749131185950946304,0.50343,0.60966,-0.10751,-0.47568,-0.01944,-0.00507,0.87939,
1749131186050856960,0.51437,0.58719,-0.10735,-0.45514,-0.01964,-0.00453,0.89019,
1749131186150467584,0.52362,0.56449,-0.10707,-0.43443,-0.01981,-0.00398,0.90048,
1749131186249328128,0.53140,0.54101,-0.10669,-0.41364,-0.01998,-0.00345,0.91021,
1749131186349838848,0.53634,0.51688,-0.10679,-0.39229,-0.02018,-0.00292,0.91962,
1749131186449899520,0.53899,0.49521,-0.10751,-0.37082,-0.02039,-0.00237,0.92848,
1749131186548610048,0.53991,0.47448,-0.10866,-0.34946,-0.02051,-0.00179,0.93673,
1749131186648520704,0.54002,0.45340,-0.10955,-0.32766,-0.02055,-0.00118,0.94457,
1749131186747531264,0.54092,0.43289,-0.11015,-0.30589,-0.02053,-0.00059,0.95185,
1749131186846991872,0.54056,0.41147,-0.11053,-0.28386,-0.02054,-0.00002,0.95865,
1749131186947202560,0.54025,0.38884,-0.11083,-0.26151,-0.02055,0.00052,0.96498,
1749131187045913088,0.53804,0.36533,-0.11090,-0.23937,-0.02048,0.00107,0.97071,
1749131187145523712,0.53442,0.34123,-0.11076,-0.21691,-0.02042,0.00161,0.97598,
1749131187245434368,0.52999,0.31681,-0.11054,-0.19426,-0.02037,0.00214,0.98074,
1749131187344744960,0.52548,0.29111,-0.11018,-0.17165,-0.02033,0.00263,0.98494,
1749131187444205568,0.52169,0.26374,-0.11015,-0.14893,-0.02029,0.00310,0.98863,
1749131187543966208,0.51666,0.23622,-0.11009,-0.12606,-0.02019,0.00357,0.99181,
1749131187642976768,0.51057,0.20897,-0.11025,-0.10343,-0.02021,0.00402,0.99442,
1749131187742887424,0.50293,0.18169,-0.11021,-0.08107,-0.02017,0.00450,0.99649,
1749131187842498048,0.49291,0.15266,-0.11019,-0.05920,-0.02018,0.00495,0.99803,
1749131187941958656,0.48199,0.12263,-0.11014,-0.03706,-0.02023,0.00537,0.99909,
1749131188041719296,0.47057,0.09153,-0.11012,-0.01478,-0.02025,0.00577,0.99967,
1749131188141329920,0.45812,0.06064,-0.10994,0.00739,-0.02028,0.00618,0.99975,
1749131188240490496,0.44577,0.02986,-0.10984,0.02965,-0.02025,0.00658,0.99933,
1749131188341301248,0.43063,-0.00183,-0.10976,0.05200,-0.02013,0.00698,0.99842,
1749131188440461824,0.41401,-0.03224,-0.10972,0.07440,-0.02007,0.00738,0.99700,
1749131188539772416,0.39754,-0.06046,-0.10938,0.09650,-0.01985,0.00781,0.99510,
1749131188638932992,0.37640,-0.08910,-0.10854,0.11849,-0.01963,0.00823,0.99273,
1749131188738993664,0.35359,-0.11761,-0.10755,0.14085,-0.01946,0.00864,0.98980,
1749131188838304256,0.32937,-0.14578,-0.10640,0.16295,-0.01927,0.00905,0.98640,
1749131188937464832,0.30416,-0.17258,-0.10516,0.18514,-0.01909,0.00947,0.98248,
1749131189037525504,0.27855,-0.19977,-0.10370,0.20729,-0.01892,0.00989,0.97805,
1749131189136686080,0.25222,-0.22704,-0.10236,0.22942,-0.01869,0.01028,0.97309,
1749131189236746752,0.22422,-0.25555,-0.10131,0.25136,-0.01850,0.01067,0.96766,
1749131189336357376,0.19315,-0.28336,-0.10054,0.27306,-0.01818,0.01101,0.96176,
1749131189436418048,0.16008,-0.31069,-0.09997,0.29519,-0.01795,0.01136,0.95520,
1749131189535278592,0.12730,-0.33696,-0.09904,0.31698,-0.01771,0.01171,0.94819,
1749131189635039232,0.09381,-0.36364,-0.09787,0.33880,-0.01743,0.01204,0.94062,
1749131189734349824,0.05975,-0.38920,-0.09659,0.36035,-0.01714,0.01237,0.93258,
1749131189834110464,0.02484,-0.41439,-0.09521,0.38180,-0.01683,0.01270,0.92400,
1749131189933871104,-0.01077,-0.43879,-0.09401,0.40305,-0.01652,0.01302,0.91494,
1749131190033481728,-0.04655,-0.46295,-0.09282,0.42405,-0.01620,0.01334,0.90539,
1749131190132942336,-0.08287,-0.48683,-0.09198,0.44480,-0.01588,0.01365,0.89538,
1749131190232252928,-0.11969,-0.51094,-0.09139,0.46528,-0.01555,0.01396,0.88492,
1749131190332313600,-0.15620,-0.53498,-0.09089,0.48567,-0.01522,0.01427,0.87390,
1749131190432224256,-0.19332,-0.55967,-0.09062,0.50576,-0.01484,0.01453,0.86242,
1749131190531234816,-0.23086,-0.58371,-0.09058,0.52541,-0.01446,0.01479,0.85060,
1749131190631745536,-0.26983,-0.60572,-0.09066,0.54508,-0.01397,0.01500,0.83814,
1749131190730606080,-0.30821,-0.62544,-0.09083,0.56413,-0.01352,0.01523,0.82543,
1749131190830516736,-0.34558,-0.64298,-0.09124,0.58309,-0.01306,0.01549,0.81215,
1749131190930427392,-0.38157,-0.65903,-0.09168,0.60174,-0.01258,0.01575,0.79844,
1749131191029137920,-0.41583,-0.67286,-0.09193,0.61985,-0.01210,0.01602,0.78446,
1749131191129048576,-0.44887,-0.68527,-0.09228,0.63786,-0.01153,0.01625,0.76989,
1749131191228959232,-0.48254,-0.69460,-0.09228,0.65552,-0.01100,0.01648,0.75492,
1749131191327969792,-0.51680,-0.70274,-0.09192,0.67265,-0.01049,0.01669,0.73970,
1749131191428180480,-0.55249,-0.71021,-0.09148,0.68963,-0.01002,0.01692,0.72389,
1749131191527491072,-0.59018,-0.71908,-0.09091,0.70609,-0.00955,0.01710,0.70785,
1749131191627101696,-0.62663,-0.72571,-0.09018,0.72221,-0.00913,0.01733,0.69139,
1749131191727012352,-0.66349,-0.73212,-0.08959,0.73801,-0.00865,0.01749,0.67451,
1749131191825722880,-0.69975,-0.73574,-0.08924,0.75322,-0.00821,0.01768,0.65748,
1749131191925333504,-0.73594,-0.73912,-0.08914,0.76817,-0.00778,0.01789,0.63995,
1749131192025394176,-0.77401,-0.74281,-0.08900,0.78278,-0.00736,0.01808,0.62199,
1749131192124704768,-0.81184,-0.74632,-0.08891,0.79687,-0.00693,0.01825,0.60384,
1749131192224315392,-0.84799,-0.74682,-0.08850,0.81056,-0.00645,0.01835,0.58533,
1749131192323776000,-0.88345,-0.74476,-0.08826,0.82380,-0.00599,0.01848,0.56654,
1749131192424286720,-0.91911,-0.74186,-0.08794,0.83675,-0.00556,0.01863,0.54724,
1749131192523597312,-0.95383,-0.73776,-0.08739,0.84910,-0.00513,0.01876,0.52788,
1749131192622607872,-0.98812,-0.73183,-0.08685,0.86096,-0.00472,0.01889,0.50830,
1749131192722368512,-1.02201,-0.72478,-0.08632,0.87245,-0.00430,0.01900,0.48831,
1749131192821679104,-1.05559,-0.71770,-0.08580,0.88342,-0.00388,0.01910,0.46818,
1749131192921439744,-1.08986,-0.71016,-0.08527,0.89398,-0.00346,0.01920,0.44768,
1749131193021200384,-1.12395,-0.70270,-0.08483,0.90407,-0.00303,0.01928,0.42693,
1749131193120811008,-1.15971,-0.69502,-0.08450,0.91366,-0.00261,0.01933,0.40600,
1749131193220871680,-1.19679,-0.68832,-0.08419,0.92280,-0.00221,0.01946,0.38479,
1749131193319882240,-1.23479,-0.68233,-0.08437,0.93136,-0.00179,0.01949,0.36357,
1749131193419192832,-1.27270,-0.67541,-0.08469,0.93947,-0.00136,0.01953,0.34208,
1749131193518653440,-1.31055,-0.66825,-0.08485,0.94708,-0.00091,0.01952,0.32041,
1749131193618564096,-1.34814,-0.66026,-0.08482,0.95423,-0.00047,0.01954,0.29845,
1749131193717724672,-1.38601,-0.64987,-0.08463,0.96081,-0.00007,0.01952,0.27652,
1749131193817635328,-1.42414,-0.63648,-0.08466,0.96694,0.00029,0.01950,0.25427,
1749131193917245952,-1.46045,-0.62064,-0.08443,0.97253,0.00063,0.01953,0.23195,
1749131194017156608,-1.49423,-0.60229,-0.08415,0.97762,0.00095,0.01958,0.20946,
1749131194116167168,-1.52477,-0.58302,-0.08374,0.98215,0.00128,0.01962,0.18706,
1749131194215777792,-1.54938,-0.56104,-0.08305,0.98619,0.00161,0.01962,0.16444,
1749131194315838464,-1.57158,-0.53817,-0.08239,0.98973,0.00194,0.01967,0.14159,
1749131194415599104,-1.59132,-0.51424,-0.08179,0.99273,0.00226,0.01975,0.11874,
1749131194515209728,-1.60770,-0.48985,-0.08131,0.99520,0.00258,0.01973,0.09586,
1749131194614520320,-1.62027,-0.46567,-0.08078,0.99713,0.00292,0.01973,0.07301,
1749131194714430976,-1.63134,-0.44121,-0.08034,0.99855,0.00328,0.01965,0.04997,
1749131194813741568,-1.64151,-0.41639,-0.07986,0.99944,0.00364,0.01958,0.02705,
1749131194913202176,-1.65097,-0.39033,-0.07952,0.99979,0.00397,0.01951,0.00406,
1749131195012812800,-1.65794,-0.36375,-0.07928,0.99962,0.00430,0.01944,-0.01897,
1749131195112723456,-1.66628,-0.33688,-0.07910,0.99892,0.00465,0.01935,-0.04203,
1749131195212484096,-1.67415,-0.31096,-0.07894,0.99767,0.00504,0.01921,-0.06520,
1749131195312544768,-1.68191,-0.28619,-0.07885,0.99585,0.00545,0.01902,-0.08886,
1749131195411405312,-1.68869,-0.26270,-0.07892,0.99349,0.00588,0.01885,-0.11221,
1749131195510565888,-1.69490,-0.24009,-0.07906,0.99055,0.00633,0.01859,-0.13574,
1749131195610476544,-1.69907,-0.21868,-0.07915,0.98701,0.00679,0.01838,-0.15948,
1749131195710687232,-1.70181,-0.19818,-0.07939,0.98295,0.00725,0.01814,-0.18281,
1749131195810447872,-1.70106,-0.17880,-0.08028,0.97831,0.00771,0.01800,-0.20621,
1749131195908858368,-1.69929,-0.15796,-0.08110,0.97329,0.00809,0.01782,-0.22876,
1749131196009369088,-1.69526,-0.13592,-0.08159,0.96759,0.00844,0.01764,-0.25177,
1749131196108979712,-1.68684,-0.11650,-0.08156,0.96129,0.00878,0.01745,-0.27486,
1749131196208140288,-1.67595,-0.09858,-0.08150,0.95465,0.00914,0.01732,-0.29708,
1749131196308050944,-1.66238,-0.08217,-0.08119,0.94740,0.00950,0.01718,-0.31946,
1749131196406761472,-1.64633,-0.06811,-0.08088,0.93971,0.00986,0.01702,-0.34141,
1749131196506672128,-1.62845,-0.05547,-0.08075,0.93133,0.01021,0.01684,-0.36365,
1749131196606732800,-1.61024,-0.04324,-0.08073,0.92250,0.01057,0.01666,-0.38548,
1749131196705743360,-1.59198,-0.03182,-0.08069,0.91319,0.01089,0.01638,-0.40706,
1749131196805353984,-1.57330,-0.02172,-0.08070,0.90335,0.01126,0.01613,-0.42845,
1749131196904814592,-1.55488,-0.01080,-0.08077,0.89324,0.01163,0.01586,-0.44915,
1749131197004425216,-1.53450,-0.00190,-0.08046,0.88264,0.01195,0.01553,-0.46964,
1749131197103885824,-1.51396,0.00554,-0.08014,0.87159,0.01233,0.01523,-0.48984,
1749131197203496448,-1.49262,0.01158,-0.07990,0.86006,0.01268,0.01485,-0.50981,
1749131197302807040,-1.47095,0.01765,-0.07989,0.84812,0.01301,0.01448,-0.52945,
1749131197402417664,-1.44900,0.02382,-0.07999,0.83568,0.01336,0.01412,-0.54887,
1749131197502928384,-1.42684,0.02870,-0.08010,0.82269,0.01370,0.01372,-0.56817,
1749131197601638912,-1.40504,0.03375,-0.08015,0.80949,0.01403,0.01332,-0.58682,
1749131197701099520,-1.38443,0.04027,-0.08054,0.79576,0.01437,0.01289,-0.60530,
1749131197800710144,-1.36295,0.04507,-0.08074,0.78159,0.01468,0.01245,-0.62349,
1749131197900320768,-1.34090,0.05007,-0.08034,0.76701,0.01498,0.01201,-0.64135,
1749131198000981504,-1.31841,0.05493,-0.07994,0.75185,0.01528,0.01157,-0.65906,
1749131198099842048,-1.29552,0.05782,-0.07959,0.73657,0.01555,0.01112,-0.67609,
1749131198199902720,-1.27270,0.05896,-0.07911,0.72071,0.01584,0.01067,-0.69297,
1749131198299363328,-1.25068,0.06058,-0.07886,0.70456,0.01614,0.01023,-0.70939,
1749131198398223872,-1.22996,0.06211,-0.07870,0.68814,0.01644,0.00976,-0.72533,
1749131198497834496,-1.21006,0.06334,-0.07868,0.67123,0.01673,0.00926,-0.74101,
1749131198597895168,-1.19003,0.06497,-0.07880,0.65387,0.01701,0.00877,-0.75636,
1749131198697055744,-1.17105,0.06751,-0.07887,0.63634,0.01728,0.00827,-0.77117,
1749131198796816384,-1.15003,0.07118,-0.07851,0.61882,0.01756,0.00780,-0.78530,
1749131198896276992,-1.12711,0.07359,-0.07811,0.60153,0.01781,0.00736,-0.79862,
1749131198995737600,-1.10285,0.07498,-0.07780,0.58376,0.01801,0.00692,-0.81170,
1749131199095948288,-1.07876,0.07309,-0.07746,0.56581,0.01816,0.00646,-0.82431,
1749131199195258880,-1.05597,0.06947,-0.07725,0.54759,0.01838,0.00604,-0.83652,
1749131199294719488,-1.03496,0.06379,-0.07713,0.52906,0.01860,0.00559,-0.84836,
1749131199395230208,-1.01414,0.05888,-0.07727,0.51000,0.01885,0.00515,-0.85995,
1749131199494240768,-0.99524,0.05470,-0.07752,-0.49083,-0.01912,-0.00469,0.87103,
1749131199594451456,-0.97787,0.05196,-0.07762,-0.47088,-0.01932,-0.00415,0.88197,
1749131199693462016,-0.96139,0.04795,-0.07772,-0.45111,-0.01947,-0.00361,0.89225,
1749131199792772608,-0.94527,0.04202,-0.07767,-0.43093,-0.01966,-0.00312,0.90216,
1749131199892383232,-0.92995,0.03492,-0.07744,-0.41048,-0.01980,-0.00263,0.91165,
1749131199992293888,-0.91648,0.02534,-0.07704,-0.38970,-0.01996,-0.00215,0.92072,
1749131200092504576,-0.90363,0.01319,-0.07678,-0.36871,-0.02004,-0.00169,0.92933,
1749131200191965184,-0.89234,-0.00050,-0.07635,-0.34754,-0.02019,-0.00128,0.93745,
1749131200291725824,-0.88412,-0.01501,-0.07589,-0.32614,-0.02034,-0.00087,0.94510,
1749131200390436352,-0.87863,-0.02988,-0.07543,-0.30491,-0.02048,-0.00043,0.95216,
1749131200490347008,-0.87423,-0.04444,-0.07506,-0.28316,-0.02055,0.00005,0.95885,
1749131200589507584,-0.86775,-0.05899,-0.07487,-0.26154,-0.02061,0.00052,0.96497,
1749131200689118208,-0.86029,-0.07303,-0.07488,-0.23942,-0.02065,0.00100,0.97070,
1749131200788878848,-0.85407,-0.08676,-0.07485,-0.21723,-0.02068,0.00149,0.97590,
1749131200889089536,-0.84823,-0.10087,-0.07488,-0.19494,-0.02059,0.00200,0.98060,
1749131200987950080,-0.84311,-0.11550,-0.07506,-0.17293,-0.02051,0.00249,0.98472,
1749131201087410688,-0.83852,-0.13034,-0.07520,-0.15059,-0.02053,0.00295,0.98838,
1749131201187021312,-0.83221,-0.14515,-0.07529,-0.12821,-0.02051,0.00341,0.99153,
1749131201286931968,-0.82629,-0.15995,-0.07477,-0.10566,-0.02048,0.00388,0.99418,
1749131201386242560,-0.82287,-0.17526,-0.07430,-0.08313,-0.02037,0.00435,0.99632,
1749131201485703168,-0.82079,-0.19032,-0.07382,-0.06035,-0.02029,0.00482,0.99796,
1749131201585763840,-0.82116,-0.20571,-0.07361,-0.03757,-0.02019,0.00528,0.99908,
1749131201685074432,-0.82136,-0.22139,-0.07371,-0.01502,-0.02017,0.00572,0.99967,
1749131201784835072,-0.82060,-0.23730,-0.07404,0.00776,-0.02011,0.00615,0.99975,
1749131201884445696,-0.82009,-0.25308,-0.07431,0.03064,-0.02002,0.00657,0.99931,
1749131201983906304,-0.81940,-0.26925,-0.07450,0.05339,-0.01992,0.00698,0.99835,
1749131202083666944,-0.81833,-0.28544,-0.07453,0.07611,-0.01986,0.00740,0.99687,
1749131202182977536,-0.81760,-0.30119,-0.07442,0.09882,-0.01975,0.00781,0.99488,
1749131202282588160,-0.81817,-0.31711,-0.07415,0.12154,-0.01961,0.00822,0.99236,
1749131202382498816,-0.82053,-0.33311,-0.07375,0.14429,-0.01948,0.00861,0.98931,
1749131202482259456,-0.82602,-0.34856,-0.07303,0.16664,-0.01931,0.00898,0.98579,
1749131202581570048,-0.83360,-0.36456,-0.07212,0.18784,-0.01911,0.00932,0.98197,
1749131202680880640,-0.84261,-0.38114,-0.07135,0.20928,-0.01899,0.00964,0.97762,
1749131202781241344,-0.85279,-0.39806,-0.07065,0.23072,-0.01889,0.00997,0.97279,
1749131202880251904,-0.86263,-0.41529,-0.07029,0.25250,-0.01874,0.01028,0.96736,
1749131202979862528,-0.87170,-0.43314,-0.07024,0.27428,-0.01859,0.01060,0.96141,
1749131203079173120,-0.88019,-0.45110,-0.07027,0.29549,-0.01832,0.01092,0.95511,
1749131203179233792,-0.88985,-0.46795,-0.07014,0.31712,-0.01806,0.01126,0.94815,
1749131203278694400,-0.89924,-0.48371,-0.07015,0.33822,-0.01778,0.01162,0.94083,
1749131203378155008,-0.90913,-0.49784,-0.07028,0.35898,-0.01736,0.01197,0.93311,
1749131203477915648,-0.92047,-0.50906,-0.07021,0.37999,-0.01700,0.01237,0.92475,
1749131203577526272,-0.93238,-0.51770,-0.07000,0.40092,-0.01667,0.01280,0.91587,
1749131203677286912,-0.94305,-0.52588,-0.06958,0.42147,-0.01635,0.01325,0.90660,
1749131203776747520,-0.95436,-0.53454,-0.06927,0.44185,-0.01602,0.01364,0.89684,
1749131203876508160,-0.96716,-0.54454,-0.06901,0.46192,-0.01573,0.01400,0.88667,
1749131203976718848,-0.98046,-0.55396,-0.06900,0.48180,-0.01537,0.01433,0.87603,
1749131204076179456,-0.99497,-0.56148,-0.06880,0.50144,-0.01501,0.01466,0.86494,
1749131204175190016,-1.00955,-0.56811,-0.06875,0.52059,-0.01470,0.01502,0.85355,
1749131204275850752,-1.02507,-0.57370,-0.06868,0.53989,-0.01432,0.01534,0.84147,
1749131204375161344,-1.03996,-0.57656,-0.06854,0.55858,-0.01393,0.01568,0.82919,
1749131204473871872,-1.05396,-0.57750,-0.06816,0.57680,-0.01348,0.01602,0.81661,
1749131204574082560,-1.06989,-0.57635,-0.06759,0.59476,-0.01299,0.01630,0.80363,
1749131204673393152,-1.08794,-0.57616,-0.06690,0.61239,-0.01262,0.01657,0.79028,
1749131204772853760,-1.10708,-0.57468,-0.06607,0.63003,-0.01222,0.01680,0.77629,
1749131204872764416,-1.12651,-0.57201,-0.06501,0.64744,-0.01181,0.01702,0.76183,
1749131204972525056,-1.14611,-0.56748,-0.06377,0.66450,-0.01136,0.01723,0.74700,
1749131205071685632,-1.16569,-0.56256,-0.06262,0.68104,-0.01095,0.01747,0.73195,
1749131205171446272,-1.18531,-0.55814,-0.06167,0.69727,-0.01050,0.01768,0.71651,
1749131205270906880,-1.20428,-0.55303,-0.06083,0.71322,-0.01003,0.01788,0.70064,
1749131205370667520,-1.22351,-0.54736,-0.06018,0.72900,-0.00957,0.01808,0.68421,
1749131205469978112,-1.24253,-0.54177,-0.05982,0.74428,-0.00912,0.01828,0.66755,
1749131205569888768,-1.26146,-0.53691,-0.05958,0.75915,-0.00869,0.01850,0.65059,
1749131205669349376,-1.28038,-0.53353,-0.05996,0.77365,-0.00824,0.01870,0.63328,
1749131205768960000,-1.29885,-0.53076,-0.06112,0.78789,-0.00776,0.01886,0.61547,
1749131205868870656,-1.31730,-0.52876,-0.06225,0.80155,-0.00734,0.01910,0.59757,
1749131205968031232,-1.33607,-0.52721,-0.06317,0.81485,-0.00693,0.01931,0.57931,
1749131206067641856,-1.35575,-0.52386,-0.06366,0.82772,-0.00658,0.01954,0.56076,
1749131206167252480,-1.37590,-0.51946,-0.06387,0.84017,-0.00621,0.01972,0.54193,
1749131206267163136,-1.39522,-0.51325,-0.06370,0.85234,-0.00584,0.01989,0.52258,
1749131206366473728,-1.41277,-0.50583,-0.06327,0.86398,-0.00546,0.02008,0.50310,
1749131206466384384,-1.42913,-0.49761,-0.06277,0.87532,-0.00508,0.02027,0.48309,
1749131206566445056,-1.44384,-0.48993,-0.06215,0.88636,-0.00466,0.02045,0.46252,
1749131206665305600,-1.45570,-0.48185,-0.06168,0.89683,-0.00421,0.02061,0.44187,
1749131206765216256,-1.46467,-0.47324,-0.06132,0.90697,-0.00373,0.02074,0.42066,
1749131206864526848,-1.47358,-0.46382,-0.06116,0.91648,-0.00326,0.02083,0.39952,
1749131206964287488,-1.48413,-0.45248,-0.06109,0.92556,-0.00285,0.02090,0.37802,
1749131207064798208,-1.49457,-0.43977,-0.06111,0.93419,-0.00247,0.02097,0.35615,
1749131207163508736,-1.50544,-0.42695,-0.06137,0.94218,-0.00214,0.02107,0.33444,
1749131207262969344,-1.51533,-0.41219,-0.06156,0.94971,-0.00178,0.02105,0.31241,
1749131207363030016,-1.52268,-0.39529,-0.06173,0.95679,-0.00142,0.02103,0.29001,
1749131207462490624,-1.52863,-0.37782,-0.06178,0.96330,-0.00105,0.02106,0.26758,
1749131207562551296,-1.53452,-0.36094,-0.06194,0.96929,-0.00063,0.02107,0.24501,
1749131207661711872,-1.53997,-0.34429,-0.06197,0.97469,-0.00020,0.02101,0.22257,
1749131207762222592,-1.54407,-0.32704,-0.06190,0.97965,0.00025,0.02095,0.19963,
1749131207861833216,-1.54587,-0.30829,-0.06170,0.98405,0.00067,0.02083,0.17666,
1749131207961443840,-1.54490,-0.28840,-0.06146,0.98794,0.00109,0.02066,0.15345,
1749131208060604416,-1.54215,-0.26815,-0.06097,0.99123,0.00152,0.02050,0.13052,
1749131208160065024,-1.53969,-0.24810,-0.06050,0.99401,0.00195,0.02041,0.10736,
1749131208259675648,-1.53818,-0.22905,-0.06007,0.99633,0.00235,0.02034,0.08307,
1749131208358986240,-1.53657,-0.21107,-0.05971,0.99811,0.00275,0.02023,0.05803,
1749131208459346944,-1.53372,-0.19390,-0.05967,0.99934,0.00313,0.02008,0.03024,
1749131208558207488,-1.52848,-0.17824,-0.05981,0.99978,0.00355,0.01992,0.00482,
1749131208658718208,-1.52078,-0.16342,-0.05982,0.99959,0.00400,0.01971,-0.02033,
1749131208757428736,-1.51064,-0.15002,-0.05929,0.99876,0.00442,0.01951,-0.04560,
1749131208858089472,-1.50009,-0.13687,-0.05817,0.99734,0.00487,0.01933,-0.07013,
1749131208957700096,-1.48947,-0.12122,-0.05786,0.99538,0.00524,0.01914,-0.09394,
1749131209057160704,-1.47467,-0.10433,-0.05768,0.99272,0.00553,0.01895,-0.11878,
1749131209156171264,-1.45825,-0.08874,-0.05726,0.98959,0.00587,0.01882,-0.14254,
1749131209256681984,-1.44011,-0.07318,-0.05694,0.98582,0.00620,0.01861,-0.16667,
1749131209355542528,-1.42027,-0.05751,-0.05662,0.98161,0.00652,0.01843,-0.18991,
1749131209454853120,-1.39880,-0.04094,-0.05621,0.97676,0.00680,0.01820,-0.21347,
1749131209555213824,-1.37585,-0.02290,-0.05588,0.97131,0.00705,0.01799,-0.23703,
1749131209653924352,-1.35240,-0.00458,-0.05579,0.96541,0.00729,0.01775,-0.26004,
1749131209754585088,-1.32878,0.01173,-0.05566,0.95866,0.00760,0.01750,-0.28392,
1749131209853295616,-1.30662,0.02595,-0.05536,0.95155,0.00792,0.01716,-0.30691,
1749131209953056256,-1.28275,0.03846,-0.05493,0.94357,0.00825,0.01679,-0.33064,
1749131210052516864,-1.25941,0.04926,-0.05453,0.93521,0.00865,0.01650,-0.35361,
1749131210152727552,-1.23621,0.05946,-0.05377,0.92629,0.00899,0.01604,-0.37636,
1749131210251588096,-1.21040,0.06702,-0.05318,0.91709,0.00935,0.01564,-0.39827,
1749131210351198720,-1.18102,0.07551,-0.05281,0.90732,0.00968,0.01540,-0.42005,
1749131210450959360,-1.14834,0.08290,-0.05234,0.89682,0.00997,0.01513,-0.44202,
1749131210551020032,-1.11487,0.08936,-0.05214,0.88617,0.01029,0.01485,-0.46301,
1749131210649580544,-1.08245,0.09571,-0.05215,0.87515,0.01061,0.01455,-0.48352,
1749131210749941248,-1.05061,0.10252,-0.05229,0.86336,0.01095,0.01420,-0.50427,
1749131210849851904,-1.01864,0.10944,-0.05223,0.85100,0.01127,0.01383,-0.52486,
1749131210948862464,-0.98723,0.11504,-0.05200,0.83845,0.01156,0.01340,-0.54469,
1749131211047873024,-0.95463,0.11887,-0.05163,0.82554,0.01187,0.01298,-0.56408,
1749131211147183616,-0.92239,0.12122,-0.05117,0.81205,0.01217,0.01255,-0.58333,
1749131211247094272,-0.89068,0.12284,-0.05058,0.79803,0.01250,0.01212,-0.60237,
1749131211346854912,-0.85977,0.12429,-0.04968,0.78357,0.01281,0.01167,-0.62106,
1749131211446465536,-0.82897,0.12419,-0.04880,0.76865,0.01309,0.01117,-0.63944,
1749131211545926144,-0.79911,0.12206,-0.04802,0.75325,0.01334,0.01063,-0.65752,
1749131211645986816,-0.76954,0.11999,-0.04724,0.73756,0.01365,0.01016,-0.67507,
1749131211745597440,-0.74008,0.11785,-0.04660,0.72153,0.01395,0.00971,-0.69218,
1749131211845358080,-0.71016,0.11625,-0.04587,0.70511,0.01425,0.00927,-0.70889,
1749131211944368640,-0.68071,0.11409,-0.04503,0.68849,0.01449,0.00877,-0.72505,
1749131212044579328,-0.65150,0.10970,-0.04395,0.67118,0.01473,0.00827,-0.74110,
1749131212143589888,-0.62291,0.10491,-0.04281,0.65374,0.01501,0.00783,-0.75653,
1749131212243350528,-0.59354,0.09967,-0.04161,0.63587,0.01529,0.00739,-0.77161,
1749131212342961152,-0.56432,0.09483,-0.04095,0.61759,0.01560,0.00698,-0.78631,
1749131212442721792,-0.53595,0.09065,-0.04053,0.59899,0.01585,0.00651,-0.80057,
1749131212542782464,-0.50887,0.08612,-0.04056,0.58008,0.01610,0.00603,-0.81438,
1749131212641643008,-0.48406,0.08112,-0.04042,0.56091,0.01639,0.00558,-0.82770,
1749131212741403648,-0.45985,0.07602,-0.04052,0.54129,0.01655,0.00504,-0.84066,
1749131212840714240,-0.43754,0.07029,-0.04067,0.52162,0.01680,0.00454,-0.85300,
1749131212940474880,-0.41827,0.06500,-0.04052,0.50164,0.01704,0.00402,-0.86490,
1749131213039785472,-0.40043,0.06063,-0.04024,-0.48129,-0.01736,-0.00355,0.87638,
1749131213139696128,-0.38213,0.05580,-0.03989,-0.46063,-0.01762,-0.00308,0.88741,
1749131213239156736,-0.36435,0.05013,-0.03956,-0.43980,-0.01788,-0.00264,0.89791,
1749131213338617344,-0.34829,0.04381,-0.03931,-0.41883,-0.01812,-0.00219,0.90788,
1749131213438528000,-0.33230,0.03624,-0.03915,-0.39734,-0.01827,-0.00172,0.91749,
1749131213537688576,-0.31822,0.02666,-0.03880,-0.37585,-0.01850,-0.00132,0.92649,
1749131213637749248,-0.30317,0.01627,-0.03848,-0.35411,-0.01872,-0.00093,0.93502,
1749131213736909824,-0.29187,0.00357,-0.03806,-0.33271,-0.01892,-0.00053,0.94284,
1749131213836220416,-0.28410,-0.01157,-0.03769,-0.31116,-0.01912,-0.00015,0.95017,
1749131213936431104,-0.28347,-0.02944,-0.03732,-0.28935,-0.01932,0.00023,0.95703,
1749131214035441664,-0.29256,-0.04877,-0.03718,-0.26744,-0.01962,0.00059,0.96337,
1749131214134902272,-0.31143,-0.06833,-0.03742,-0.24535,-0.01986,0.00098,0.96923,
1749131214234812928,-0.32525,-0.08853,-0.03812,-0.22292,-0.02002,0.00135,0.97463,
1749131214334423552,-0.32999,-0.10727,-0.03797,-0.20068,-0.02005,0.00176,0.97945,
1749131214434484224,-0.33006,-0.12568,-0.03763,-0.17809,-0.02004,0.00216,0.98381,
1749131214533644800,-0.33210,-0.14146,-0.03717,-0.15556,-0.02007,0.00261,0.98762,
1749131214633405440,-0.33507,-0.15626,-0.03672,-0.13287,-0.02000,0.00309,0.99093,
1749131214732566016,-0.34143,-0.17021,-0.03634,-0.11022,-0.02000,0.00359,0.99370,
1749131214832026624,-0.35033,-0.18370,-0.03602,-0.08748,-0.01997,0.00410,0.99596,
1749131214932237312,-0.36084,-0.19629,-0.03584,-0.06452,-0.01995,0.00460,0.99771,
1749131215031397888,-0.37313,-0.20736,-0.03516,-0.04183,-0.01994,0.00512,0.99891,
1749131215131308544,-0.38583,-0.21816,-0.03461,-0.01889,-0.01997,0.00563,0.99961,
1749131215230469120,-0.39995,-0.22848,-0.03398,0.00379,-0.01986,0.00611,0.99978,
1749131215330679808,-0.41664,-0.23872,-0.03367,0.02683,-0.01980,0.00658,0.99942,
1749131215429990400,-0.43543,-0.24831,-0.03372,0.04843,-0.01970,0.00705,0.99861,
1749131215529601024,-0.45544,-0.25813,-0.03398,0.06994,-0.01962,0.00751,0.99733,
1749131215628761600,-0.47628,-0.26758,-0.03463,0.09115,-0.01955,0.00797,0.99561,
1749131215728372224,-0.50088,-0.27631,-0.03559,0.11250,-0.01937,0.00841,0.99343,
1749131215828582912,-0.52954,-0.28400,-0.03606,0.13360,-0.01920,0.00887,0.99081,
1749131215927743488,-0.56110,-0.29177,-0.03643,0.15517,-0.01914,0.00928,0.98766,
1749131216028254208,-0.59275,-0.29928,-0.03734,0.17718,-0.01906,0.00969,0.98395,
1749131216126814720,-0.62546,-0.30655,-0.03788,0.19822,-0.01892,0.01008,0.97992,
1749131216227325440,-0.66114,-0.31331,-0.03821,0.22007,-0.01877,0.01045,0.97525,
1749131216326486016,-0.69830,-0.31982,-0.03811,0.24191,-0.01863,0.01080,0.97006,
1749131216426696704,-0.73764,-0.32521,-0.03778,0.26377,-0.01851,0.01117,0.96434,
1749131216525257216,-0.77662,-0.32996,-0.03699,0.28505,-0.01838,0.01153,0.95827,
1749131216625017856,-0.81770,-0.33581,-0.03574,0.30669,-0.01823,0.01184,0.95156,
1749131216724478464,-0.85852,-0.33969,-0.03384,0.32788,-0.01802,0.01217,0.94447,
1749131216824389120,-0.90153,-0.34185,-0.03164,0.34905,-0.01781,0.01250,0.93685,
1749131216924599808,-0.94698,-0.34061,-0.03003,0.37000,-0.01760,0.01287,0.92878,
1749131217023610368,-0.99308,-0.33753,-0.02876,0.39037,-0.01738,0.01323,0.92040,
1749131217123220992,-1.03934,-0.33388,-0.02734,0.41101,-0.01718,0.01359,0.91137,
1749131217222831616,-1.08636,-0.32807,-0.02559,0.43188,-0.01693,0.01392,0.90166,
1749131217321992192,-1.13465,-0.31987,-0.02327,0.45247,-0.01672,0.01426,0.89151,
1749131217421752832,-1.18104,-0.30997,-0.02119,0.47297,-0.01650,0.01464,0.88080,
1749131217521213440,-1.22642,-0.29917,-0.01851,0.49314,-0.01623,0.01500,0.86967,
1749131217621424128,-1.27206,-0.28593,-0.01540,0.51321,-0.01592,0.01535,0.85798,
1749131217720284672,-1.31633,-0.27181,-0.01267,0.53272,-0.01569,0.01574,0.84600,
1749131217819895296,-1.36069,-0.25818,-0.01031,0.55210,-0.01544,0.01609,0.83348,
1749131217920105984,-1.40485,-0.24309,-0.00793,0.57131,-0.01515,0.01643,0.82043,
1749131218019566592,-1.44883,-0.22755,-0.00557,0.59007,-0.01491,0.01679,0.80704,
1749131218118877184,-1.49014,-0.21087,-0.00321,0.60846,-0.01460,0.01713,0.79326,
1749131218218487808,-1.53087,-0.19357,-0.00083,0.62663,-0.01424,0.01742,0.77899,
1749131218317948416,-1.57101,-0.17367,0.00130,0.64442,-0.01394,0.01775,0.76434,
1749131218417409024,-1.61051,-0.15199,0.00376,0.66186,-0.01357,0.01804,0.74929,
1749131218517619712,-1.64988,-0.12870,0.00568,0.67907,-0.01323,0.01834,0.73372,
1749131218617080320,-1.68836,-0.10437,0.00722,0.69580,-0.01286,0.01859,0.71788,
1749131218716240896,-1.72604,-0.07881,0.00863,0.71211,-0.01248,0.01884,0.70171,
1749131218816601600,-1.76282,-0.04993,0.00991,0.72822,-0.01207,0.01908,0.68497,
1749131218915462144,-1.79723,-0.01952,0.01106,0.74369,-0.01169,0.01935,0.66815,
1749131219015972864,-1.83121,0.01181,0.01218,0.75905,-0.01131,0.01962,0.65064,
1749131219114833408,-1.86356,0.04304,0.01360,0.77377,-0.01092,0.01987,0.63306,
1749131219214294016,-1.89607,0.07299,0.01500,0.78819,-0.01056,0.02014,0.61501,
1749131219314204672,-1.92778,0.10274,0.01623,0.80238,-0.01014,0.02032,0.59638,
1749131219414265344,-1.95619,0.13579,0.01778,0.81721,-0.00973,0.02044,0.57590,
1749131219513125888,-1.98217,0.16866,0.01940,0.83218,-0.00940,0.02060,0.55404,
1749131219613036544,-2.00673,0.20232,0.02114,0.84592,-0.00903,0.02075,0.53283,
1749131219713097216,-2.02980,0.23761,0.02326,0.85969,-0.00867,0.02086,0.51031,
1749131219812107776,-2.05186,0.27412,0.02519,0.87284,-0.00831,0.02090,0.48748,
1749131219912168448,-2.07182,0.31261,0.02714,0.88496,-0.00793,0.02095,0.46514,
1749131220011028992,-2.08774,0.35179,0.02943,0.89689,-0.00757,0.02101,0.44169,
1749131220110789632,-2.10094,0.39268,0.03195,0.90878,-0.00718,0.02099,0.41669,
1749131220210850304,-2.11326,0.43514,0.03421,0.91891,-0.00681,0.02105,0.39384,
1749131220310310912,-2.12514,0.47702,0.03722,0.92907,-0.00651,0.02112,0.36924,
1749131220409321472,-2.13589,0.51825,0.04001,0.93818,-0.00616,0.02113,0.34546,
1749131220509232128,-2.14359,0.55978,0.04296,0.94757,-0.00581,0.02110,0.31879,
1749131220608692736,-2.15060,0.60133,0.04580,0.95530,-0.00544,0.02109,0.29484,
1749131220709053440,-2.15635,0.64324,0.04850,0.96279,-0.00507,0.02106,0.26940,
1749131220808664064,-2.15792,0.68391,0.05156,0.96955,-0.00468,0.02102,0.24395,
1749131220907674624,-2.16019,0.72400,0.05439,0.97582,-0.00432,0.02100,0.21751,
1749131221007885312,-2.16133,0.76449,0.05726,0.98124,-0.00394,0.02095,0.19162,
1749131221106895872,-2.16061,0.80336,0.06021,0.98582,-0.00354,0.02087,0.16645,
1749131221206206464,-2.15684,0.84143,0.06348,0.98977,-0.00312,0.02079,0.14109,
1749131221306267136,-2.15359,0.88008,0.06659,0.99315,-0.00273,0.02074,0.11492,
1749131221405727744,-2.14960,0.91894,0.06951,0.99589,-0.00235,0.02059,0.08821,
1749131221505038336,-2.14310,0.95678,0.07265,0.99781,-0.00194,0.02048,0.06282,
1749131221605249024,-2.13518,0.99466,0.07602,0.99913,-0.00154,0.02032,0.03643,
1749131221705009664,-2.12463,1.03177,0.07992,0.99974,-0.00114,0.02014,0.01032,
1749131221804320256,-2.11001,1.06654,0.08440,0.99969,-0.00072,0.02000,-0.01490,
1749131221903780864,-2.09265,1.09980,0.08915,0.99901,-0.00029,0.01984,-0.03993,
1749131222003391488,-2.07388,1.13174,0.09425,0.99751,0.00011,0.01972,-0.06766,
1749131222103752192,-2.05410,1.16233,0.09983,0.99544,0.00055,0.01953,-0.09341,
1749131222203512832,-2.03252,1.19065,0.10580,0.99270,0.00098,0.01938,-0.11902,
1749131222302673408,-2.00951,1.21755,0.11145,0.98908,0.00138,0.01918,-0.14613,
1749131222403184128,-1.98378,1.24302,0.11711,0.98504,0.00181,0.01895,-0.17125,
1749131222501744640,-1.95340,1.26361,0.12290,0.98038,0.00225,0.01874,-0.19619,
1749131222602555392,-1.92069,1.28464,0.12772,0.97503,0.00268,0.01853,-0.22128,
1749131222702016000,-1.88750,1.30446,0.13271,0.96929,0.00310,0.01825,-0.24520,
1749131222801026560,-1.85011,1.32097,0.13666,0.96315,0.00355,0.01808,-0.26833,
1749131222900337152,-1.81143,1.33751,0.13986,0.95636,0.00397,0.01782,-0.29163,
1749131223000697856,-1.76481,1.34902,0.13939,0.94909,0.00440,0.01763,-0.31447,
1749131223099408384,-1.70974,1.34923,0.13498,0.94127,0.00486,0.01744,-0.33717,
1749131223200069120,-1.65469,1.34619,0.12947,0.93266,0.00537,0.01734,-0.36029,
1749131223298779648,-1.60824,1.34242,0.12344,0.92374,0.00583,0.01702,-0.38260,
1749131223398090240,-1.57189,1.35566,0.12206,0.91440,0.00619,0.01663,-0.40443,
1749131223498900992,-1.53766,1.37285,0.12100,0.90428,0.00656,0.01628,-0.42658,
1749131223598361600,-1.50609,1.39189,0.11954,0.89405,0.00693,0.01590,-0.44764,
1749131223697072128,-1.47519,1.41300,0.11810,0.88340,0.00728,0.01548,-0.46831,
1749131223797132800,-1.44204,1.43243,0.11716,0.87200,0.00762,0.01501,-0.48922,
1749131223896143360,-1.40754,1.45121,0.11630,0.86032,0.00800,0.01462,-0.50948,
1749131223995904000,-1.36908,1.46937,0.11553,0.84804,0.00836,0.01422,-0.52968,
1749131224195725312,-1.28289,1.50576,0.11509,0.82234,0.00897,0.01340,-0.56877,
1749131224394496512,-1.19064,1.53668,0.11509,0.79497,0.00957,0.01255,-0.60644,
1749131224593567744,-1.09756,1.56293,0.11475,0.76581,0.01020,0.01169,-0.64288,
1749131224792338944,-1.00745,1.58717,0.11384,0.73520,0.01086,0.01082,-0.67768,
1749131224992760320,-0.92270,1.60451,0.11237,0.70274,0.01147,0.00984,-0.71129,
1749131225191081472,-0.84152,1.61725,0.11037,0.66914,0.01212,0.00894,-0.74299,
1749131225391052800,-0.76773,1.62320,0.10820,0.63384,0.01276,0.00801,-0.77332,
1749131225589073920,-0.70923,1.61845,0.10597,0.59735,0.01335,0.00707,-0.80184,
1749131226884912128,-0.19533,1.67275,0.09918,-0.33197,-0.01566,-0.00070,0.94316,
1749131227082933248,-0.19163,1.63683,0.09917,-0.28819,-0.01600,0.00017,0.95744,
1749131230669965824,0.64005,1.64399,0.12352,0.51491,-0.01309,0.01551,0.85701,
1749131233557023744,0.72655,2.44675,0.14407,0.93552,-0.00426,0.02081,0.35264,
1749131235648396800,1.52726,3.53272,0.12746,0.99205,0.00398,0.01935,-0.12427,
1749131237342227456,2.38178,4.39296,0.16844,0.86902,0.01004,0.01495,-0.49445,
1749131238635965440,3.00971,5.08427,0.13222,0.68397,0.01362,0.00972,-0.72932,
1749131239831592960,3.88271,5.63929,0.04779,-0.45822,-0.01587,-0.00427,0.88869,
1749131241025720320,3.56935,5.51029,-0.11190,-0.19827,-0.01738,0.00106,0.97999,
1749131242020926464,3.88066,5.61588,-0.21827,0.03164,-0.01722,0.00556,0.99934,
1749131243216854016,4.10423,5.49466,-0.27630,0.30410,-0.01555,0.01038,0.95246,
1749131244111699456,3.66244,4.98341,-0.29164,0.49438,-0.01368,0.01305,0.86904,
1749131245207116288,4.20759,5.51853,-0.34483,0.69701,-0.01039,0.01666,0.71679,
1749131246003851264,4.38760,5.85245,-0.38211,0.81681,-0.00766,0.01843,0.57657,
1749131246800586240,4.70782,6.27760,-0.40969,0.90883,-0.00461,0.01966,0.41669,
1749131247596571136,5.20511,6.81580,-0.42256,0.96984,-0.00144,0.02031,0.24288,
1749131248692888064,5.93218,7.56443,-0.44552,0.99976,0.00296,0.01997,-0.00882,
1749131249887165440,6.93448,8.34286,-0.52187,0.95931,0.00754,0.01808,-0.28169,
1749131250783211008,7.13110,8.79244,-0.45942,0.88049,0.01066,0.01541,-0.47369,
1749131251779167232,7.94092,9.32969,-0.47063,0.74871,0.01358,0.01199,-0.66265,
1749131252575152128,8.56513,9.57726,-0.50195,0.61440,0.01547,0.00892,-0.78879,
1749131253470447616,9.27398,9.80713,-0.54652,-0.43864,-0.01692,-0.00509,0.89849,
1749131254467453952,9.94601,9.93606,-0.59459,-0.22104,-0.01766,-0.00059,0.97511,
1749131255262688768,9.80525,9.24048,-0.56285,-0.03819,-0.01760,0.00251,0.99911,
1749131256058673664,9.83848,8.98204,-0.57840,0.14616,-0.01685,0.00582,0.98910,
1749131256855108608,9.25772,8.36030,-0.53291,0.32662,-0.01549,0.00864,0.94499,
1749131257752504320,7.30204,7.13658,-0.35118,0.51730,-0.01381,0.01093,0.85562,
1749131258647349760,7.16805,6.96307,-0.36525,0.68286,-0.01061,0.01356,0.73035,
1749131259443484672,6.98866,6.90773,-0.36113,0.80584,-0.00756,0.01537,0.59189,
1749131259941537792,6.88484,6.90477,-0.36423,0.86921,-0.00558,0.01622,0.49415,
1749131260241119744,6.82822,6.96263,-0.35832,0.90193,-0.00446,0.01676,0.43154,
1749131260438990848,6.80277,7.00813,-0.35070,0.92131,-0.00377,0.01709,0.38843,
1749131260638212096,6.77702,7.03261,-0.34823,0.93871,-0.00301,0.01730,0.34425,
1749131260737672704,6.76212,7.03809,-0.34870,0.94678,-0.00259,0.01738,0.32139,
1749131260837733376,6.75879,7.05449,-0.34909,0.95503,-0.00223,0.01756,0.29599,
1749131261036504576,6.77959,7.09899,-0.35247,0.96900,-0.00151,0.01804,0.24638,
1749131261136865280,6.79159,7.10929,-0.35382,0.97496,-0.00102,0.01832,0.22162,
1749131261334736384,6.80470,7.12073,-0.35364,0.98496,-0.00018,0.01861,0.17178,
1749131261535007744,6.81165,7.13475,-0.35284,0.99221,0.00038,0.01882,0.12311,
1749131261634018304,6.81523,7.14201,-0.35236,0.99492,0.00063,0.01883,0.09889,
1749131261833089536,6.82505,7.15773,-0.35078,0.99850,0.00131,0.01868,0.05143,
1749131262032010752,6.82909,7.17409,-0.35079,0.99982,0.00212,0.01834,0.00399,
1749131262230931968,6.83211,7.18940,-0.35107,0.99890,0.00298,0.01826,-0.04317,
1749131262430303232,6.83459,7.20468,-0.35073,0.99572,0.00388,0.01814,-0.09059,
1749131262728685056,6.83868,7.22604,-0.34926,0.98681,0.00523,0.01768,-0.16082,
1749131263027366912,6.85092,7.24460,-0.34687,0.97306,0.00660,0.01724,-0.22981,
1749131263327098880,6.86437,7.26057,-0.34320,0.95452,0.00792,0.01660,-0.29757,
1749131263725091328,6.89738,7.27304,-0.33880,0.92269,0.00955,0.01555,-0.38511,
1749131264122183680,6.93492,7.27941,-0.33593,0.88301,0.01120,0.01446,-0.46900,
1749131264620236800,6.98725,7.26981,-0.33101,0.82253,0.01311,0.01277,-0.56843,
1749131265117689856,7.02735,7.23253,-0.32537,0.75114,0.01505,0.01092,-0.65988,
1749131265714903552,7.06264,7.16816,-0.32057,0.65236,0.01712,0.00860,-0.75767,
1749131266411277824,7.07155,7.06942,-0.31228,0.52128,0.01873,0.00546,-0.85316,
1749131267008641536,7.03175,6.95346,-0.30162,-0.39787,-0.01998,-0.00281,0.91722,
1749131267805976576,6.89236,6.83456,-0.28458,-0.22194,-0.02120,0.00097,0.97483,
1749131268502800896,6.67348,6.79108,-0.27050,-0.06162,-0.02173,0.00434,0.99785,
1749131269199175168,6.40041,6.80257,-0.24615,0.10027,-0.02176,0.00751,0.99469,
1749131269795938816,6.12618,6.89618,-0.22599,0.23703,-0.02110,0.01008,0.97122,
1749131270492913152,5.80707,7.06790,-0.20177,0.39068,-0.02018,0.01289,0.92021,
1749131271090276864,5.52662,7.25952,-0.18080,0.51436,-0.01887,0.01483,0.85724,
1749131271687490560,5.23281,7.52994,-0.16642,0.62811,-0.01724,0.01656,0.77776,
1749131272484075520,4.84543,7.93195,-0.15029,0.76063,-0.01475,0.01840,0.64875,
1749131273181649920,4.50398,8.32862,-0.14289,0.85541,-0.01208,0.01928,0.51745,
1749131273877424128,4.13960,8.81164,-0.13114,0.92759,-0.00906,0.01949,0.37297,
1749131274574548480,3.76029,9.37721,-0.11471,0.97566,-0.00588,0.01913,0.21838,
1749131274973291008,3.61419,9.67565,-0.12020,0.99169,-0.00386,0.01895,0.12720,
1749131275569754624,3.40209,10.15030,-0.12113,0.99977,-0.00085,0.01832,-0.01107,
1749131276068107776,3.26246,10.53903,-0.14575,0.99181,0.00169,0.01774,-0.12650,
1749131276466100224,3.14241,10.83930,-0.14680,0.97589,0.00371,0.01700,-0.21757,
1749131276964003328,3.00525,11.23133,-0.14704,0.94426,0.00612,0.01583,-0.32877,
1749131277461756416,2.86403,11.66751,-0.14804,0.89997,0.00832,0.01434,-0.43563,
1749131277760438272,2.83284,11.88808,-0.14743,0.86754,0.00957,0.01342,-0.49710,
1749131278159330816,2.80836,12.15155,-0.14630,0.81776,0.01122,0.01216,-0.57533,
1749131278656183808,2.78716,12.47646,-0.14884,0.74593,0.01316,0.01053,-0.66581,
1749131278855105024,2.86980,12.50465,-0.15068,0.71427,0.01377,0.00996,-0.69967,
1749131279253697536,2.97339,12.61058,-0.15343,0.64638,0.01492,0.00862,-0.76282,
1749131279552079360,3.28334,12.36814,-0.15305,0.59186,0.01565,0.00821,-0.80585,
1749131279950221824,4.11723,10.74136,-0.16290,0.51484,0.01747,0.00937,-0.85705,
1749131280249203712,4.11880,10.66530,-0.16677,-0.45444,-0.01834,-0.00788,0.89055,
1749131280547285504,4.05206,10.58772,-0.16266,-0.39231,-0.01930,-0.00623,0.91961,
1749131280746956800,3.98106,10.54704,-0.15877,-0.34995,-0.01992,-0.00507,0.93654,
1749131280945728000,3.92604,10.52906,-0.15498,-0.30769,-0.02040,-0.00379,0.95126,
1749131281145099264,3.92492,10.50347,-0.15518,-0.26492,-0.02060,-0.00281,0.96405,
1749131281244709888,3.92898,10.48417,-0.15549,-0.24379,-0.02073,-0.00235,0.96960,
1749131281344320512,3.92975,10.46583,-0.15561,-0.22205,-0.02084,-0.00185,0.97481,
1749131281544291840,3.92267,10.43722,-0.15481,-0.17960,-0.02100,-0.00070,0.98352,
1749131281643152384,3.91908,10.42392,-0.15469,-0.15771,-0.02102,-0.00010,0.98726,
1749131281842223616,3.91088,10.40610,-0.15493,-0.11393,-0.02093,0.00124,0.99327,
1749131282040694784,3.90063,10.39477,-0.15443,-0.07368,-0.02080,0.00258,0.99706,
1749131282140305408,3.89510,10.38329,-0.15434,-0.05313,-0.02076,0.00311,0.99837,
1749131282339226624,3.88169,10.35519,-0.15451,-0.01097,-0.02067,0.00412,0.99972,
1749131282438687232,3.87509,10.34250,-0.15475,0.01072,-0.02055,0.00465,0.99972,
1749131282538747904,3.86883,10.33064,-0.15517,0.03267,-0.02039,0.00518,0.99924,
1749131282637908480,3.86360,10.32169,-0.15567,0.05419,-0.02018,0.00577,0.99831,
1749131282737369088,3.86086,10.31766,-0.15619,0.07641,-0.01990,0.00642,0.99686,
1749131282836979712,3.86343,10.32269,-0.15647,0.09874,-0.01946,0.00721,0.99490,
1749131282936440320,3.86498,10.33475,-0.15549,0.12073,-0.01910,0.00813,0.99247,
1749131283037101056,3.85933,10.33486,-0.15485,0.14311,-0.01891,0.00876,0.98949,
1749131283135811584,3.85545,10.33634,-0.15460,0.16483,-0.01869,0.00934,0.98610,
1749131283235272192,3.85080,10.33579,-0.15453,0.18680,-0.01847,0.00985,0.98217,
1749131283334882816,3.84539,10.33520,-0.15447,0.20867,-0.01826,0.01034,0.97776,
1749131283435093504,3.84046,10.33524,-0.15445,0.23063,-0.01802,0.01080,0.97282,
1749131283533504000,3.83735,10.33625,-0.15449,0.25196,-0.01774,0.01122,0.96751,
1749131283634014720,3.83150,10.33714,-0.15456,0.27384,-0.01753,0.01168,0.96154,
1749131283832185856,3.82265,10.34077,-0.15497,0.31683,-0.01701,0.01250,0.94825,
1749131283932246528,3.81425,10.34447,-0.15524,0.33825,-0.01681,0.01301,0.94082,
1749131284032007168,3.80897,10.34819,-0.15534,0.35959,-0.01653,0.01343,0.93287,
1749131284131017728,3.80482,10.35175,-0.15543,0.38049,-0.01621,0.01379,0.92454,
1749131284230478336,3.79995,10.35614,-0.15530,0.40143,-0.01590,0.01417,0.91564,
1749131284330088960,3.79685,10.35991,-0.15496,0.42217,-0.01554,0.01450,0.90627,
1749131284429699584,3.79330,10.36563,-0.15479,0.44261,-0.01521,0.01490,0.89646,
1749131284529310208,3.78955,10.37294,-0.15440,0.46289,-0.01491,0.01532,0.88616,
1749131284629220864,3.78666,10.38151,-0.15423,0.48318,-0.01461,0.01575,0.87526,
1749131284728531456,3.78406,10.39126,-0.15440,0.50289,-0.01431,0.01617,0.86408,
1749131284827842048,3.78207,10.40168,-0.15426,0.52248,-0.01401,0.01657,0.85237,
1749131284928352768,3.78063,10.41296,-0.15401,0.54196,-0.01370,0.01695,0.84012,
1749131285027063296,3.77992,10.42463,-0.15374,0.56082,-0.01338,0.01731,0.82765,
1749131285126973952,3.77981,10.43734,-0.15408,0.57968,-0.01306,0.01767,0.81455,
1749131285225834496,3.78044,10.45062,-0.15413,0.59807,-0.01273,0.01801,0.80114,
1749131285326195200,3.78142,10.46490,-0.15367,0.61642,-0.01240,0.01833,0.78710,
1749131285424905728,3.78266,10.48022,-0.15248,0.63415,-0.01208,0.01865,0.77289,
1749131285524666368,3.78348,10.49628,-0.15378,0.65177,-0.01176,0.01894,0.75809,
1749131285624276992,3.78500,10.51477,-0.15420,0.66899,-0.01146,0.01925,0.74293,
1749131285723737600,3.78706,10.53418,-0.15423,0.68580,-0.01115,0.01955,0.72744,
1749131285823498240,3.79002,10.55483,-0.15276,0.70231,-0.01083,0.01985,0.71151,
1749131285923708928,3.79351,10.57621,-0.15251,0.71849,-0.01050,0.02012,0.69517,
1749131286022719488,3.79772,10.59817,-0.15249,0.73415,-0.01017,0.02039,0.67861,
1749131286122780160,3.80232,10.62163,-0.15262,0.74952,-0.00984,0.02063,0.66158,
1749131286221640704,3.80706,10.64554,-0.15244,0.76443,-0.00951,0.02086,0.64430,
1749131286322001408,3.81337,10.67190,-0.15265,0.77907,-0.00918,0.02110,0.62651,
1749131286420411904,3.82027,10.69715,-0.15301,0.79310,-0.00882,0.02131,0.60866,
1749131286520322560,3.82795,10.72443,-0.15341,0.80687,-0.00847,0.02152,0.59028,
1749131286619783168,3.83685,10.75377,-0.15312,0.82016,-0.00813,0.02173,0.57167,
1749131286719693824,3.84649,10.78283,-0.15379,0.83311,-0.00776,0.02192,0.55262,
1749131286819304448,3.85680,10.81275,-0.15392,0.84560,-0.00739,0.02209,0.53331,
1749131286918315008,3.86697,10.84384,-0.15427,0.85754,-0.00705,0.02223,0.51388,
1749131287018075648,3.87823,10.87660,-0.15471,0.86911,-0.00670,0.02237,0.49406,
1749131287118436352,3.89012,10.91054,-0.15522,0.88031,-0.00635,0.02249,0.47383,
1749131287217296896,3.90273,10.94536,-0.15579,0.89086,-0.00601,0.02260,0.45368,
1749131287316607488,3.91498,10.98073,-0.15657,0.90100,-0.00567,0.02267,0.43319,
1749131287417118208,3.92833,11.01845,-0.15731,0.91078,-0.00533,0.02274,0.41222,
1749131287515528704,3.94129,11.05652,-0.15899,0.91990,-0.00502,0.02278,0.39147,
1749131287615289344,3.95338,11.09393,-0.16110,0.92867,-0.00467,0.02276,0.37017,
1749131287714899968,3.96895,11.13315,-0.16229,0.93694,-0.00431,0.02279,0.34871,
1749131287815260672,3.98501,11.17406,-0.16355,0.94475,-0.00394,0.02280,0.32696,
1749131287914271232,4.00364,11.21713,-0.16473,0.95198,-0.00358,0.02285,0.30530,
1749131288014181888,4.02369,11.26143,-0.16583,0.95874,-0.00319,0.02288,0.28334,
1749131288113942528,4.03929,11.30461,-0.16604,0.96501,-0.00284,0.02280,0.26119,
1749131288212203008,4.05907,11.35008,-0.16709,0.97069,-0.00248,0.02277,0.23924,
1749131288312113664,4.08223,11.39944,-0.16763,0.97594,-0.00213,0.02278,0.21685,
1749131288412474368,4.10606,11.44731,-0.16809,0.98069,-0.00173,0.02275,0.19421,
1749131288511034880,4.13046,11.49496,-0.16840,0.98486,-0.00134,0.02270,0.17186,
1749131288610795520,4.15842,11.54488,-0.16870,0.98856,-0.00094,0.02269,0.14913,
1749131288710406144,4.18493,11.59079,-0.16876,0.99173,-0.00050,0.02261,0.12634,
1749131288809566720,4.21202,11.63592,-0.16879,0.99436,-0.00005,0.02252,0.10360,
1749131288909027328,4.24045,11.68236,-0.16904,0.99648,0.00039,0.02242,0.08073,
1749131289008487936,4.26959,11.72936,-0.16973,0.99808,0.00082,0.02229,0.05786,
1749131289108098560,4.29941,11.77635,-0.17018,0.99914,0.00126,0.02215,0.03492,
1749131289207859200,4.32980,11.82352,-0.17056,0.99969,0.00170,0.02198,0.01193,
1749131289307319808,4.36145,11.87142,-0.17088,0.99970,0.00213,0.02182,-0.01104,
1749131289406480384,4.39361,11.91882,-0.17111,0.99919,0.00256,0.02163,-0.03391,
1749131289506991104,4.42566,11.96604,-0.17125,0.99813,0.00301,0.02141,-0.05709,
1749131289605701632,4.45944,12.01390,-0.17124,0.99658,0.00344,0.02120,-0.07984,
1749131289705612288,4.49386,12.06157,-0.17126,0.99447,0.00387,0.02098,-0.10283,
1749131289805222912,4.52901,12.10946,-0.17128,0.99185,0.00430,0.02075,-0.12567,
1749131289904683520,4.56578,12.15766,-0.17110,0.98869,0.00472,0.02053,-0.14846,
1749131290004144128,4.60320,12.20507,-0.17108,0.98503,0.00515,0.02030,-0.17112,
1749131290103604736,4.64162,12.25179,-0.17123,0.98084,0.00558,0.02007,-0.19372,
1749131290203965440,4.68132,12.29788,-0.17149,0.97608,0.00601,0.01984,-0.21641,
1749131290302976000,4.72166,12.34272,-0.17184,0.97087,0.00644,0.01961,-0.23871,
1749131290402586624,4.76279,12.38608,-0.17217,0.96512,0.00688,0.01938,-0.26100,
1749131290502197248,4.80437,12.42808,-0.17258,0.95885,0.00732,0.01915,-0.28316,
1749131290602257920,4.84640,12.46892,-0.17308,0.95205,0.00776,0.01890,-0.30527,
1749131290700968448,4.88837,12.50745,-0.17340,0.94484,0.00820,0.01865,-0.32689,
1749131290801029120,4.93088,12.54511,-0.17382,0.93704,0.00864,0.01839,-0.34864,
1749131290900489728,4.97365,12.58187,-0.17422,0.92877,0.00907,0.01811,-0.37010,
1749131290999500288,5.01627,12.61680,-0.17433,0.92006,0.00950,0.01783,-0.39126,
1749131291099260928,5.05980,12.65138,-0.17448,0.91079,0.00993,0.01754,-0.41238,
1749131291199471616,5.10342,12.68443,-0.17466,0.90100,0.01035,0.01724,-0.43335,
1749131291298482176,5.14698,12.71636,-0.17482,0.89084,0.01076,0.01693,-0.45387,
1749131291397792768,5.19095,12.74711,-0.17513,0.88020,0.01116,0.01662,-0.47418,
1749131291497853440,5.23516,12.77647,-0.17530,0.86900,0.01157,0.01630,-0.49441,
1749131291597014016,5.27938,12.80482,-0.17548,0.85744,0.01196,0.01597,-0.51419,
1749131291696324608,5.32342,12.83094,-0.17556,0.84542,0.01235,0.01564,-0.53373,
1749131291795935232,5.36621,12.85325,-0.17555,0.83291,0.01276,0.01531,-0.55305,
1749131291895545856,5.40713,12.87173,-0.17553,0.81998,0.01318,0.01498,-0.57204,
1749131291995156480,5.44662,12.88692,-0.17560,0.80660,0.01361,0.01464,-0.59076,
1749131292094767104,5.48478,12.89975,-0.17556,0.79281,0.01403,0.01429,-0.60913,
1749131292193927680,5.52191,12.91065,-0.17566,0.77865,0.01444,0.01394,-0.62714,
1749131292294138368,5.55721,12.91807,-0.17565,0.76390,0.01486,0.01358,-0.64502,
1749131292394049024,5.59069,12.92304,-0.17560,0.74880,0.01527,0.01322,-0.66248,
1749131292494109696,5.62124,12.92416,-0.17558,0.73328,0.01569,0.01285,-0.67963,
1749131292593270272,5.64694,12.92017,-0.17551,0.71749,0.01613,0.01247,-0.69627,
1749131292693180928,5.66901,12.91266,-0.17548,0.70122,0.01658,0.01208,-0.71265,
1749131292792041472,5.68486,12.90042,-0.17547,0.68477,0.01705,0.01167,-0.72846,
1749131292891202048,5.69532,12.88463,-0.17543,0.66795,0.01753,0.01125,-0.74392,
1749131292991262720,5.69942,12.86550,-0.17539,0.65054,0.01802,0.01079,-0.75918,
1749131293090423296,5.69150,12.84143,-0.17533,0.63296,0.01857,0.01028,-0.77389,
1749131293190333952,5.67232,12.81615,-0.17533,0.61490,0.01914,0.00968,-0.78831,
1749131293289944576,5.62501,12.79118,-0.17503,0.59660,0.01981,0.00882,-0.80225,
1749131293389405184,5.61207,12.78249,-0.17473,0.57799,0.02004,0.00807,-0.81576,
1749131293488565760,5.61254,12.77463,-0.17460,0.55912,0.02017,0.00755,-0.82881,
1749131293588626432,5.61563,12.76504,-0.17450,0.53978,0.02032,0.00708,-0.84153,
1749131293687787008,5.61776,12.75538,-0.17440,0.52032,0.02045,0.00661,-0.85370,
1749131293788297728,5.61880,12.74506,-0.17439,0.50032,0.02058,0.00612,-0.86558,
1749131293886858240,5.61938,12.73479,-0.17444,-0.48044,-0.02069,-0.00565,0.87677,
1749131293986768896,5.61939,12.72356,-0.17459,-0.46003,-0.02079,-0.00518,0.88765,
1749131294086079488,5.61840,12.71199,-0.17459,-0.43947,-0.02090,-0.00471,0.89800,
1749131294185390080,5.61635,12.70012,-0.17463,-0.41865,-0.02101,-0.00422,0.90790,
1749131294284850688,5.61356,12.69606,-0.17465,-0.39760,-0.02091,-0.00366,0.91731,
1749131294384611328,5.61025,12.68717,-0.17481,-0.37628,-0.02091,-0.00317,0.92626,
1749131294484071936,5.60629,12.67907,-0.17485,-0.35473,-0.02090,-0.00266,0.93473,
1749131294583682560,5.60199,12.67136,-0.17510,-0.33291,-0.02086,-0.00217,0.94272,
1749131294684193280,5.59695,12.66394,-0.17530,-0.31068,-0.02082,-0.00168,0.95029,
1749131294782603776,5.59123,12.65618,-0.17559,-0.28879,-0.02078,-0.00121,0.95717,
1749131294882064384,5.58491,12.64906,-0.17589,-0.26652,-0.02074,-0.00074,0.96361,
1749131294981524992,5.58119,12.64666,-0.17603,-0.24399,-0.02056,-0.00029,0.96956,
1749131295081585664,5.57483,12.64125,-0.17639,-0.22119,-0.02049,0.00018,0.97502,
1749131295180896256,5.56840,12.63532,-0.17672,-0.19815,-0.02039,0.00060,0.97996,
1749131295280356864,5.56259,12.63053,-0.17684,-0.17520,-0.02026,0.00104,0.98432,
1749131295380117504,5.55699,12.62451,-0.17644,-0.15208,-0.02011,0.00143,0.98816,
1749131295479728128,5.54971,12.61811,-0.17619,-0.12852,-0.02001,0.00183,0.99150,
1749131295579638784,5.54241,12.61151,-0.17561,-0.10509,-0.01989,0.00222,0.99426,
1749131295678649344,5.53755,12.60833,-0.17515,-0.08165,-0.01968,0.00263,0.99646,
1749131295778109952,5.52995,12.60402,-0.17487,-0.05763,-0.01953,0.00305,0.99814,
1749131295878020608,5.40716,12.52670,-0.17520,-0.03395,-0.02203,0.00339,0.99918,
1749131295977331200,5.36110,12.50345,-0.17544,-0.01029,-0.02233,0.00389,0.99969,
1749131296076791808,5.32056,12.48590,-0.17590,0.01493,-0.02241,0.00421,0.99963,
1749131296177302528,5.27922,12.47154,-0.17623,0.04067,-0.02242,0.00454,0.99891,
1749131296276013056,5.23583,12.45791,-0.17656,0.06556,-0.02248,0.00486,0.99758,
1749131296375773696,5.18940,12.44461,-0.17666,0.09031,-0.02253,0.00518,0.99565,
1749131296475534336,5.14128,12.43308,-0.17696,0.11431,-0.02252,0.00553,0.99317,
1749131296575294976,5.09382,12.42447,-0.17656,0.13907,-0.02241,0.00587,0.99001,
1749131296674755584,5.05122,12.41886,-0.17591,0.16291,-0.02220,0.00623,0.98637,
1749131296774066176,5.00960,12.41446,-0.17493,0.18685,-0.02197,0.00657,0.98212,
1749131296873976832,4.96890,12.41102,-0.17472,0.21050,-0.02169,0.00690,0.97733,
1749131296973887488,4.92636,12.40849,-0.17454,0.23381,-0.02143,0.00723,0.97202,
1749131297072898048,4.88332,12.40678,-0.17404,0.25679,-0.02116,0.00756,0.96621,
1749131297172658688,4.84082,12.40611,-0.17334,0.28042,-0.02087,0.00789,0.95962,
1749131297271519232,4.79773,12.40538,-0.17279,0.30340,-0.02057,0.00819,0.95261,
1749131297371429888,4.75158,12.40447,-0.17251,0.32576,-0.02027,0.00850,0.94520,
1749131297471490560,4.70313,12.40289,-0.17205,0.34821,-0.01996,0.00877,0.93716,
1749131297570801152,4.65490,12.40272,-0.17150,0.37033,-0.01964,0.00906,0.92865,
1749131297670261760,4.60409,12.40028,-0.17079,0.39234,-0.01931,0.00929,0.91957,
1749131297769572352,4.55246,12.39895,-0.17004,0.41398,-0.01897,0.00953,0.91004,
1749131297869332992,4.49997,12.39788,-0.16924,0.43535,-0.01860,0.00977,0.90002,
1749131297968793600,4.44817,12.39604,-0.16894,0.45620,-0.01819,0.01000,0.88963,
1749131298067954176,4.39608,12.39417,-0.16915,0.47722,-0.01778,0.01022,0.87854,
1749131298167714816,4.34255,12.39285,-0.17013,0.49775,-0.01736,0.01046,0.86708,
1749131298267325440,4.28988,12.39165,-0.17160,0.51800,-0.01692,0.01070,0.85514,
1749131298366636032,4.23705,12.39205,-0.17280,0.53805,-0.01649,0.01095,0.84268,
1749131298466246656,4.18374,12.39438,-0.17400,0.55768,-0.01608,0.01124,0.82982,
1749131298566007296,4.12947,12.39862,-0.17517,0.57703,-0.01567,0.01154,0.81649,
1749131298665317888,4.07544,12.40462,-0.17626,0.59598,-0.01528,0.01186,0.80277,
1749131298765228544,4.02309,12.41177,-0.17736,0.61475,-0.01486,0.01219,0.78849,
1749131298865289216,3.97350,12.41983,-0.17860,0.63304,-0.01440,0.01254,0.77389,
1749131298964449792,3.92433,12.42955,-0.17987,0.65091,-0.01397,0.01288,0.75892,
1749131299163220992,3.82224,12.44881,-0.18225,0.68551,-0.01310,0.01344,0.72782,
1749131299262981632,3.78088,12.46155,-0.18331,0.70237,-0.01263,0.01381,0.71157,
1749131299363342336,3.74169,12.47577,-0.18432,0.71883,-0.01214,0.01418,0.69494,
1749131299561363456,3.65687,12.50257,-0.18624,0.75034,-0.01121,0.01474,0.66079,
1749131299661274112,3.63274,12.51947,-0.18629,0.76549,-0.01069,0.01514,0.64319,
1749131299760584704,3.61889,12.53632,-0.18627,0.78016,-0.01013,0.01557,0.62530,
1749131299959955968,3.57415,12.56864,-0.18702,0.80855,-0.00908,0.01619,0.58813,
1749131300059566592,3.59924,12.58455,-0.18560,0.82204,-0.00842,0.01674,0.56911,
1749131300259237888,3.77199,12.58750,-0.18043,0.84778,-0.00654,0.01802,0.53000,
1749131300458009088,3.79344,12.60154,-0.17966,0.87145,-0.00549,0.01853,0.49010,
1749131300657530368,3.78154,12.63067,-0.18028,0.89337,-0.00468,0.01895,0.44889,
1749131300856301568,3.77986,12.65387,-0.17997,0.91325,-0.00377,0.01930,0.40693,
1749131302848814080,3.85456,12.93608,-0.18198,0.99877,0.00494,0.01952,-0.04529,
1749131303047285248,3.87879,12.94725,-0.18188,0.99562,0.00585,0.01926,-0.09133,
1749131303246506496,3.90440,12.95214,-0.18096,0.99031,0.00679,0.01895,-0.13739,
1749131304938686976,4.16089,13.07389,-0.19012,0.86197,0.01301,0.01500,-0.50657,
1749131305138508288,4.18739,13.06981,-0.19189,0.83753,0.01368,0.01433,-0.54603,
1749131305338329600,4.21754,13.05802,-0.19220,0.81127,0.01437,0.01368,-0.58433,
1749131305536800768,4.24328,13.03966,-0.19153,0.78344,0.01502,0.01299,-0.62115,
1749131305735872000,4.25924,13.00747,-0.18959,0.75389,0.01573,0.01228,-0.65670,
1749131305935243264,4.27394,12.97692,-0.18885,0.72270,0.01636,0.01152,-0.69087,
1749131306134614528,4.27280,12.94808,-0.18666,0.68994,0.01704,0.01056,-0.72359,
1749131306234075136,4.26544,12.93316,-0.18537,0.67304,0.01739,0.01003,-0.73934,
1749131306333235712,4.25888,12.92073,-0.18457,0.65579,0.01773,0.00951,-0.75467,
1749131306433896448,4.25622,12.91291,-0.18519,0.63797,0.01804,0.00892,-0.76980,
1749131306632517632,4.26660,12.89516,-0.18545,0.60174,0.01846,0.00801,-0.79844,
1749131306731978240,4.26907,12.88699,-0.18542,0.58314,0.01868,0.00752,-0.81212,
1749131306931049472,4.27581,12.86872,-0.18527,0.54496,0.01902,0.00660,-0.83822,
1749131307030810112,4.27770,12.86050,-0.18519,0.52539,0.01918,0.00610,-0.85062,
1749131307129970688,4.27921,12.85244,-0.18504,0.50565,0.01933,0.00560,-0.86250,
1749131307230181376,4.28071,12.84425,-0.18489,-0.48541,-0.01944,-0.00511,0.87405,
1749131307330242048,4.28182,12.83616,-0.18474,-0.46498,-0.01953,-0.00462,0.88509,
1749131307429852672,4.28243,12.82867,-0.18458,-0.44439,-0.01961,-0.00413,0.89561,
1749131307627873792,4.28238,12.81223,-0.18427,-0.40268,-0.01976,-0.00320,0.91512,
1749131307826945024,4.28173,12.79593,-0.18394,-0.35991,-0.01983,-0.00227,0.93277,
1749131308026316288,4.27772,12.78298,-0.18340,-0.31635,-0.01989,-0.00128,0.94843,
1749131308225537536,4.27536,12.76919,-0.18350,-0.27216,-0.01984,-0.00036,0.96205,
1749131308424608768,4.26967,12.75884,-0.18314,-0.22737,-0.01982,0.00061,0.97361,
1749131308623980032,4.26414,12.74942,-0.18268,-0.18205,-0.01972,0.00155,0.98309,
1749131308823201280,4.25849,12.74153,-0.18260,-0.13632,-0.01956,0.00246,0.99047,
1749131309021672448,4.25143,12.73674,-0.18249,-0.09044,-0.01939,0.00337,0.99571,
1749131309221193728,4.24257,12.73105,-0.18220,-0.04412,-0.01920,0.00428,0.99883,
1749131309320804352,4.24116,12.73033,-0.18233,-0.02099,-0.01899,0.00470,0.99959,
1749131309419964928,4.24163,12.73059,-0.18237,0.00210,-0.01877,0.00509,0.99981,
1749131309520175616,4.23935,12.72792,-0.18233,0.02543,-0.01860,0.00550,0.99949,
1749131309620236288,4.23810,12.72636,-0.18256,0.04872,-0.01844,0.00594,0.99862,
1749131309918468096,4.22482,12.72256,-0.18241,0.11778,-0.01800,0.00729,0.99285,
1749131310117389312,4.21991,12.71930,-0.18242,0.16361,-0.01755,0.00805,0.98634,
1749131310316760576,4.21458,12.71638,-0.18261,0.20929,-0.01713,0.00882,0.97766,
1749131310515831808,4.21098,12.71390,-0.18272,0.25450,-0.01667,0.00956,0.96688,
1749131310714903040,4.20632,12.71199,-0.18273,0.29907,-0.01618,0.01026,0.95404,
1749131310815113728,4.20489,12.71043,-0.18291,0.32133,-0.01591,0.01059,0.94677,
1749131310913974272,4.20679,12.70901,-0.18320,0.34322,-0.01562,0.01081,0.93906,
1749131311013734912,4.20620,12.70885,-0.18333,0.36511,-0.01535,0.01111,0.93077,
1749131311113195520,4.20489,12.70891,-0.18342,0.38683,-0.01508,0.01141,0.92196,
1749131311212656128,4.20276,12.70919,-0.18345,0.40824,-0.01481,0.01175,0.91268,
1749131311412477440,4.20084,12.70911,-0.18350,0.45076,-0.01421,0.01229,0.89245,
1749131311511187968,4.19873,12.70999,-0.18340,0.47160,-0.01392,0.01258,0.88161,
1749131311611548672,4.19713,12.71057,-0.18334,0.49277,-0.01362,0.01282,0.86996,
1749131311711009280,4.19341,12.71238,-0.18329,0.51333,-0.01332,0.01312,0.85799,
1749131311810769920,4.19117,12.71341,-0.18329,0.53356,-0.01301,0.01335,0.84555,
1749131312010291200,4.16974,12.73165,-0.18337,0.57334,-0.01241,0.01440,0.81910,
1749131312109601792,4.16514,12.73666,-0.18348,0.59251,-0.01208,0.01467,0.80534,
1749131312208462336,4.16118,12.74116,-0.18359,0.61121,-0.01174,0.01491,0.79124,
1749131312308673024,4.15636,12.74646,-0.18358,0.62980,-0.01138,0.01515,0.77652,
1749131312408883712,4.15385,12.74985,-0.18349,0.64805,-0.01101,0.01535,0.76137,
1749131312508344320,4.15188,12.75289,-0.18335,0.66578,-0.01063,0.01553,0.74591,
1749131312608104960,4.15028,12.75609,-0.18322,0.68342,-0.01026,0.01574,0.72978,
1749131312806576128,4.14767,12.76934,-0.18294,0.71827,-0.00948,0.01628,0.69551,
1749131312906186752,4.14799,12.77488,-0.18267,0.73559,-0.00911,0.01649,0.67716,
1749131313005797376,4.14862,12.78090,-0.18231,0.75204,-0.00872,0.01670,0.65885,
1749131313105558016,4.14942,12.78587,-0.18210,0.76781,-0.00836,0.01685,0.64040,
1749131313304929280,4.14811,12.78954,-0.18143,0.79811,-0.00774,0.01685,0.60223,
1749131313404389888,4.14297,12.78140,-0.18209,0.81234,-0.00752,0.01650,0.58291,
1749131313603161088,4.13937,12.77086,-0.18198,0.83925,-0.00670,0.01640,0.54346,
1749131313803282432,4.13577,12.76910,-0.18287,0.86419,-0.00579,0.01654,0.50285,
1749131314001753600,4.13421,12.77156,-0.18285,0.88687,-0.00487,0.01681,0.46170,
1749131314300435456,4.13447,12.77122,-0.18285,0.91723,-0.00346,0.01709,0.39799,
1749131314599867392,4.13456,12.77201,-0.18287,0.94295,-0.00208,0.01731,0.33249,
1749131314897649152,4.13406,12.77513,-0.18287,0.96386,-0.00070,0.01745,0.26583,
1749131315395852288,4.13446,12.78010,-0.18286,0.98823,0.00158,0.01748,0.15193,
1749131316092826624,4.13681,12.78661,-0.18281,0.99979,0.00463,0.01709,-0.01040,
1749131317089082880,4.14358,12.79362,-0.18275,0.97048,0.00875,0.01570,-0.24051,
1749131318482581504,4.14883,12.75966,-0.17840,0.84301,0.01421,0.01239,-0.53757,
1749131319777969664,4.12673,12.67982,-0.17308,0.64548,0.01790,0.00798,-0.76352,
1749131321171618304,4.02582,12.54517,-0.17182,-0.36859,-0.02011,-0.00242,0.92937,
1749131322266435072,3.87111,12.45444,-0.17433,-0.12268,-0.02040,0.00225,0.99223,
1749131323361851904,3.64940,12.41242,-0.17545,0.13136,-0.01943,0.00679,0.99112,
1749131324358408192,3.47668,12.65005,-0.18193,0.35553,-0.01753,0.01105,0.93443,
1749131325155293184,3.26425,12.73714,-0.18644,0.52171,-0.01539,0.01350,0.85288,
1749131325453675008,3.18305,12.79909,-0.19047,0.57955,-0.01417,0.01413,0.81469,
1749131325751306752,3.14292,12.88857,-0.14727,0.63455,-0.01238,0.01447,0.77264,
1749131325950528000,3.08416,12.90282,-0.13292,0.66971,-0.01082,0.01424,0.74240,
1749131326150649344,2.98027,12.92716,-0.11012,0.70358,-0.00968,0.01420,0.71041,
1749131326348670464,2.89497,13.00386,-0.10476,0.73553,-0.00876,0.01449,0.67728,
1749131326548041728,2.79416,13.09459,-0.10047,0.76617,-0.00792,0.01477,0.64242,
1749131326748013056,2.68732,13.20980,-0.10082,0.79519,-0.00700,0.01497,0.60613,
1749131327345526784,2.48730,13.63805,-0.10707,0.87156,-0.00387,0.01536,0.49003,
1749131327842679808,2.38453,14.12472,-0.06431,0.92242,-0.00170,0.01615,0.38585,
1749131328141361664,2.36163,14.48509,0.05452,0.94706,-0.00036,0.01674,0.32062,
1749131328340282880,2.36232,14.74534,0.14107,0.96093,0.00049,0.01713,0.27628,
1749131328739025408,2.43754,15.27210,0.33910,0.98252,0.00232,0.01748,0.18532,
1749131329037407232,2.53026,15.69421,0.48144,0.99313,0.00360,0.01763,0.11564,
1749131329236328448,2.61234,15.98404,0.57808,0.99747,0.00444,0.01791,0.06866,
1749131329436449792,2.71960,16.27375,0.69100,0.99960,0.00524,0.01819,0.02090,
1749131329634620928,2.85357,16.54595,0.81179,0.99947,0.00617,0.01862,-0.02597,
1749131329735431680,2.92698,16.68934,0.87438,0.99853,0.00657,0.01891,-0.05041,
1749131329833992192,3.00381,16.83572,0.93589,0.99695,0.00689,0.01910,-0.07530,
1749131330033213440,3.16685,17.13013,1.07101,0.99185,0.00746,0.01961,-0.12569,
1749131330232434688,3.33823,17.42106,1.20564,0.98468,0.00801,0.01968,-0.17309,
1749131330431355904,3.51535,17.70884,1.33894,0.97523,0.00848,0.01964,-0.22015,
1749131330631477248,3.69431,17.98455,1.47525,0.96346,0.00908,0.01941,-0.26698,
1749131330829648384,3.87556,18.25656,1.60850,0.94966,0.00966,0.01910,-0.31254,
1749131331029769728,4.06330,18.53238,1.74197,0.93352,0.01020,0.01872,-0.35789,
1749131331229441024,4.25545,18.80860,1.87418,0.91562,0.01072,0.01826,-0.40150,
1749131331427312128,4.45097,19.08366,2.00333,0.89571,0.01121,0.01776,-0.44414,
1749131331626383360,4.65319,19.36235,2.13140,0.87378,0.01166,0.01721,-0.48588,
1749131331925665280,4.96117,19.77503,2.32412,0.83743,0.01236,0.01626,-0.54617,
1749131332124586496,5.17608,20.05437,2.44831,0.81093,0.01276,0.01559,-0.58480,
1749131332323507712,5.39743,20.33382,2.57066,0.78274,0.01313,0.01490,-0.62203,
1749131332523629056,5.62463,20.61485,2.69274,0.75270,0.01347,0.01414,-0.65808,
1749131332821410816,5.96405,21.02342,2.87649,0.70448,0.01397,0.01294,-0.70947,
1749131333120542720,6.31720,21.43114,3.05840,0.65293,0.01440,0.01167,-0.75719,
1749131333420274688,6.68284,21.83558,3.23841,0.59796,0.01475,0.01033,-0.80133,
1749131333818867200,7.17562,22.35959,3.47956,0.52056,0.01515,0.00844,-0.85365,
1749131334215959552,7.68760,22.87389,3.71604,-0.43930,-0.01539,-0.00648,0.89818,
1749131334714762752,8.35077,23.50084,4.01226,-0.33252,-0.01551,-0.00392,0.94296,
1749131335311226368,9.16767,24.22940,4.36493,-0.19947,-0.01538,-0.00074,0.97978,
1749131335609758208,9.62214,24.55883,4.53299,-0.13175,-0.01513,0.00080,0.99117,
1749131335908740096,10.09428,24.85886,4.70023,-0.06361,-0.01478,0.00232,0.99786,
1749131336207721984,10.57221,25.13487,4.86856,0.00458,-0.01436,0.00383,0.99988,
1749131336307332608,10.78477,25.15805,4.91526,0.02599,-0.01405,0.00422,0.99955,
1749131336506403840,11.18558,25.18629,5.01268,0.06853,-0.01346,0.00494,0.99755,
1749131336705475072,11.57447,25.20080,5.11161,0.11072,-0.01279,0.00559,0.99375,
1749131337005057024,12.07886,25.40427,5.27624,0.17594,-0.01207,0.00706,0.98430,
1749131337302838784,12.57057,25.63160,5.44410,0.24035,-0.01140,0.00864,0.97058,
1749131337502060032,12.90227,25.78774,5.55638,0.28378,-0.01095,0.00973,0.95878,
1749131337701881344,13.23823,25.94527,5.66897,0.32630,-0.01048,0.01082,0.94515,
1749131337900202496,13.57450,26.10285,5.78065,0.36863,-0.01001,0.01188,0.92945,
1749131338099423744,13.91675,26.26046,5.89274,0.41007,-0.00950,0.01293,0.91191,
1749131338298194944,14.26225,26.41727,6.00442,0.45102,-0.00898,0.01395,0.89236,
1749131338497266176,14.61268,26.57391,6.11613,0.49100,-0.00844,0.01494,0.87099,
1749131338696637440,14.96867,26.73028,6.22781,0.53028,-0.00788,0.01590,0.84764,
1749131338895558656,15.33013,26.88532,6.33900,0.56836,-0.00730,0.01683,0.82257,
1749131339095680000,15.69688,27.04248,6.45080,0.60540,-0.00671,0.01773,0.79570,
1749131339294001152,16.06493,27.19846,6.56149,0.64104,-0.00611,0.01858,0.76726,
1749131339493822464,16.44120,27.35587,6.67287,0.67560,-0.00550,0.01941,0.73699,
1749131339692443648,16.82027,27.51246,6.78342,0.70854,-0.00488,0.02019,0.70536,
1749131339891964928,17.20663,27.66989,6.89427,0.74015,-0.00424,0.02093,0.67210,
1749131340289657344,17.99143,27.98454,7.11472,0.79842,-0.00295,0.02236,0.60168,
1749131340488428544,18.39326,28.14114,7.22406,0.82509,-0.00229,0.02356,0.56450,
1749131340787710464,19.00164,28.37539,7.38882,0.86204,-0.00122,0.02464,0.50623,
1749131341086242304,19.60931,28.59980,7.55476,0.89479,-0.00047,0.02606,0.44573,
1749131341285463552,20.01556,28.72588,7.67156,0.91428,0.00030,0.02733,0.40416,
1749131341484984832,20.41288,28.85755,7.79847,0.93192,0.00099,0.02791,0.36158,
1749131341784116736,20.98997,29.05633,8.00143,0.95459,0.00174,0.02838,0.29655,
1749131341982587904,21.50300,29.24198,8.13364,0.96708,0.00220,0.02952,0.25274,
1749131342181659136,21.87851,29.37899,8.30350,0.97768,0.00263,0.03023,0.20792,
1749131342480941056,22.41722,29.58427,8.57050,0.98971,0.00314,0.03025,0.13983,
1749131342679562240,22.75852,29.74837,8.75306,0.99507,0.00327,0.03017,0.09439,
1749131342879083520,23.09267,29.91573,8.93861,0.99835,0.00370,0.03041,0.04854,
1749131343078904832,23.40967,30.04951,9.11435,0.99952,0.00420,0.03064,0.00252,
1749131343277075968,23.73210,30.24757,9.29486,0.99859,0.00451,0.03036,-0.04320,
1749131343476597248,24.07511,30.54933,9.50146,0.99555,0.00448,0.02972,-0.08926,
1749131343775879168,24.55596,30.96378,9.86202,0.98700,0.00454,0.02932,-0.15794,
1749131343974500352,24.88590,31.32437,10.10729,0.97875,0.00459,0.02914,-0.20291,
1749131344173571584,25.23038,31.70018,10.36345,0.96842,0.00460,0.02848,-0.24766,
1749131344373092864,25.57960,32.12178,10.60904,0.95598,0.00451,0.02764,-0.29210,
1749131344571564032,25.94296,32.54266,10.84615,0.94160,0.00429,0.02695,-0.33562,
1749131344770785280,26.31291,33.01742,11.07866,0.92521,0.00379,0.02600,-0.37855,
1749131344970006528,26.70266,33.51774,11.31353,0.90684,0.00360,0.02474,-0.42073,
1749131345268988416,27.29170,34.25032,11.65937,0.87568,0.00349,0.02272,-0.48235,
1749131345468059648,27.75734,34.78388,11.88399,0.85258,0.00272,0.02124,-0.52216,
1749131345667130880,28.23892,35.30470,12.10877,0.82773,0.00234,0.01966,-0.56078,
1749131346065423360,29.17103,36.31679,12.55341,0.77266,0.00278,0.01743,-0.63458,
1749131346363955200,29.94558,37.10467,12.88755,0.72708,0.00308,0.01562,-0.68637,
1749131346662487040,30.76000,37.89902,13.22112,0.67800,0.00334,0.01364,-0.73493,
1749131346962369024,31.62478,38.69646,13.55797,0.62546,0.00359,0.01157,-0.78016,
1749131347160390144,32.27016,39.23486,13.78338,0.58914,0.00367,0.01021,-0.80796,
1749131347459522048,33.21137,40.03593,14.11963,0.53194,0.00386,0.00803,-0.84673,
1749131347857514496,34.48513,41.10419,14.56459,-0.45192,-0.00413,-0.00500,0.89203,
1749131348056885760,35.21114,41.63626,14.79059,-0.41033,-0.00417,-0.00351,0.91192,
1749131348953231360,38.20826,44.08329,15.78160,-0.21402,-0.00476,0.00371,0.97681,
1749131349850327040,41.48835,46.59561,16.77073,-0.00848,-0.00508,0.01086,0.99989,
1749131351741878784,49.29903,52.04409,18.85314,0.41682,-0.00490,0.02423,0.90865,
1749131352041010688,50.63292,52.91461,19.17344,0.47927,-0.00480,0.02599,0.87727,
1749131352140021248,51.09902,53.21086,19.27007,0.50064,-0.00479,0.02657,0.86524,
1749131352239781888,51.58595,53.51007,19.37360,0.52111,-0.00474,0.02714,0.85305,
1749131352339242496,51.98470,53.82500,19.48270,0.54126,-0.00476,0.02766,0.84039,
1749131352538913792,52.87422,54.46677,19.69867,0.58074,-0.00473,0.02871,0.81357,
1749131352737684992,53.76658,55.11149,19.91155,0.61828,-0.00467,0.02967,0.78538,
1749131352936906240,54.68207,55.76766,20.12526,0.65502,-0.00462,0.03058,0.75498,
1749131353037116928,55.14863,56.09781,20.23079,0.67262,-0.00457,0.03102,0.73932,
1749131353335198720,56.53849,57.08982,20.54980,0.72295,-0.00444,0.03219,0.69013,
1749131353633880576,57.95795,58.09723,20.86808,0.76966,-0.00428,0.03320,0.63758,
1749131353933762560,59.41014,59.12049,21.18684,0.81271,-0.00409,0.03405,0.58165,
1749131354431365632,61.88602,60.84530,21.71360,0.87500,-0.00372,0.03510,0.48283,
1749131354730197504,63.41797,61.89127,22.02732,0.90659,-0.00345,0.03551,0.42050,
1749131355128489984,65.49142,63.31803,22.44579,0.94173,-0.00309,0.03577,0.33444,
1749131355526782464,67.62588,64.76056,22.86156,0.96871,-0.00269,0.03574,0.24561,
