1750388179,-0.18407,-0.24811,4.91508,0.99999,0.00195,-0.00349,0.00058,-0.09374,-0.08421,-0.02875,
1750388180,-0.24397,-0.28914,5.31471,1.00000,0.00045,-0.00243,0.00068,-0.05874,-0.02916,0.00983,
1750388180,-0.24518,-0.27661,5.39774,1.00000,0.00026,-0.00209,0.00063,-0.05386,-0.02270,0.01337,
1750388180,-0.24571,-0.27138,5.41675,1.00000,0.00024,-0.00191,0.00060,-0.05242,-0.02179,0.01408,
1750388180,-0.24835,-0.27364,5.41925,1.00000,0.00026,-0.00169,0.00059,-0.04730,-0.02218,0.01490,
1750388180,-0.23743,-0.27303,5.44084,1.00000,0.00029,-0.00128,0.00057,-0.03008,-0.02316,0.01659,
1750388180,-0.22139,-0.27956,5.46319,1.00000,0.00039,-0.00088,0.00060,-0.01210,-0.02855,0.01777,
1750388180,-0.19804,-0.29426,5.48403,1.00000,0.00054,-0.00045,0.00066,0.00990,-0.03771,0.01968,
1750388180,-0.15558,-0.29378,5.53160,1.00000,0.00064,0.00007,0.00068,0.04060,-0.04386,0.02381,
1750388180,-0.12941,-0.29322,5.57275,1.00000,0.00069,0.00039,0.00070,0.05922,-0.04679,0.02761,
1750388180,-0.11357,-0.28616,5.60436,1.00000,0.00065,0.00056,0.00068,0.06795,-0.04562,0.03088,
1750388180,-0.10903,-0.26966,5.61661,1.00000,0.00053,0.00054,0.00062,0.06422,-0.03964,0.03152,
1750388181,-0.12626,-0.25755,5.63019,1.00000,0.00038,0.00041,0.00057,0.05140,-0.03180,0.03169,
1750388181,-0.16050,-0.23997,5.63873,1.00000,0.00022,0.00015,0.00050,0.02871,-0.02208,0.03075,
1750388181,-0.22467,-0.24575,5.79953,0.99994,0.00023,0.01121,0.00052,-0.00872,-0.02146,0.07902,
1750388181,-0.30327,-0.22795,6.07836,0.99949,0.00001,0.03203,0.00036,-0.01613,-0.00865,0.16969,
1750388181,-0.31804,-0.19360,5.66969,0.99916,-0.00019,0.04109,0.00029,0.04727,0.00700,0.13000,
1750388183,0.39299,-0.02437,-0.04162,0.99897,0.00129,-0.04327,0.01363,0.12763,-0.04288,0.00979,
1750388183,0.88918,-0.04589,-0.01015,0.99913,0.00386,-0.03887,0.01490,0.37701,-0.09993,0.02297,
1750388183,0.79271,-0.03500,0.00149,0.99917,0.00226,-0.03736,0.01610,0.20821,-0.06901,0.02172,
1750388183,0.77368,-0.02686,0.00966,0.99928,0.00124,-0.03397,0.01693,0.11245,-0.04735,0.01934,
1750388183,0.77904,-0.01409,0.01964,0.99939,0.00051,-0.03012,0.01746,0.05241,-0.02688,0.02073,
1750388183,0.69922,-0.00581,0.02867,0.99952,0.00043,-0.02527,0.01772,-0.01751,-0.02040,0.02802,
1750388184,0.72711,-0.00403,0.03773,0.99961,0.00043,-0.02159,0.01789,-0.03995,-0.01918,0.03473,
1750388184,0.78753,-0.00189,0.04587,0.99967,0.00030,-0.01816,0.01798,-0.03530,-0.01499,0.04147,
1750388184,0.82308,-0.00875,0.04952,0.99974,0.00059,-0.01416,0.01807,-0.02114,-0.02337,0.04697,
1750388184,0.86840,-0.01756,0.05770,0.99977,0.00069,-0.01137,0.01813,-0.01382,-0.02849,0.05258,
1750388184,0.94465,-0.02056,0.07115,0.99979,0.00070,-0.00896,0.01815,0.00865,-0.02937,0.06016,
1750388184,1.00950,-0.02438,0.08510,0.99981,0.00081,-0.00683,0.01815,0.02925,-0.03272,0.06781,
1750388184,1.06424,-0.02546,0.09849,0.99982,0.00084,-0.00500,0.01816,0.04702,-0.03350,0.07471,
1750388184,1.15970,-0.02660,0.10098,0.99983,0.00090,-0.00265,0.01813,0.09860,-0.03387,0.07336,
1750388184,1.14913,-0.02246,0.10404,0.99983,0.00078,-0.00160,0.01809,0.08504,-0.02934,0.07249,
1750388184,1.13971,-0.01910,0.10608,0.99984,0.00069,-0.00074,0.01805,0.07373,-0.02559,0.07159,
1750388185,1.11909,-0.01684,0.10617,0.99984,0.00059,-0.00007,0.01807,0.05903,-0.02226,0.06977,
1750388185,1.09700,-0.03249,0.10389,0.99974,0.00084,0.00046,0.02295,0.04544,-0.03551,0.06624,
1750388185,1.07053,-0.05639,0.10157,0.99938,0.00129,0.00091,0.03506,0.03188,-0.05688,0.06244,
1750388185,1.04187,-0.07795,0.09928,0.99866,0.00166,0.00124,0.05161,0.01904,-0.07469,0.05890,
1750388185,1.04118,-0.08922,0.07979,0.99746,0.00198,0.00184,0.07123,0.02855,-0.08734,0.04463,
1750388185,1.03175,-0.08486,0.06718,0.99570,0.00206,0.00230,0.09257,0.03388,-0.08676,0.03471,
1750388185,1.04175,-0.08773,0.06308,0.99271,0.00220,0.00246,0.12047,0.03717,-0.09016,0.02969,
1750388185,1.02730,-0.07241,0.07906,0.99024,0.00231,0.00257,0.13932,0.03401,-0.08509,0.04033,
1750388185,1.03913,-0.08071,0.08064,0.98651,0.00254,0.00286,0.16363,0.04597,-0.09204,0.04010,
1750388185,1.07248,-0.08658,0.08255,0.98222,0.00270,0.00387,0.18770,0.08291,-0.09331,0.03943,
1750388186,1.10647,-0.09819,0.08543,0.97713,0.00292,0.00447,0.21256,0.11347,-0.09896,0.03913,
1750388186,1.12751,-0.11463,0.08936,0.97156,0.00322,0.00480,0.23671,0.13302,-0.10868,0.03940,
1750388186,1.13540,-0.12590,0.09083,0.96491,0.00338,0.00479,0.26253,0.13703,-0.11294,0.03746,
1750388186,1.14045,-0.13584,0.08981,0.95771,0.00337,0.00450,0.28767,0.13490,-0.11444,0.03211,
1750388186,1.15172,-0.14697,0.08714,0.94994,0.00348,0.00457,0.31237,0.14324,-0.11738,0.02512,
1750388186,1.15656,-0.15701,0.08360,0.94152,0.00340,0.00420,0.33692,0.14009,-0.11762,0.01742,
1750388186,1.16127,-0.16744,0.07858,0.93267,0.00331,0.00389,0.36070,0.13755,-0.11783,0.00870,
1750388186,1.16941,-0.18099,0.07134,0.92288,0.00347,0.00403,0.38506,0.14231,-0.12187,-0.00113,
1750388186,1.17828,-0.19927,0.06377,0.91254,0.00382,0.00414,0.40894,0.14810,-0.13234,-0.00954,
1750388186,1.19495,-0.22615,0.05243,0.90170,0.00452,0.00452,0.43231,0.16634,-0.15270,-0.02114,
1750388187,1.21085,-0.27514,0.02644,0.88969,0.00561,0.00497,0.45651,0.18512,-0.19570,-0.04705,
1750388187,1.22087,-0.31166,0.00090,0.87753,0.00656,0.00576,0.47945,0.20048,-0.22084,-0.07047,
1750388187,1.25534,-0.34589,-0.02322,0.86463,0.00761,0.00673,0.50230,0.24319,-0.24169,-0.09050,
1750388187,1.28524,-0.35240,-0.03971,0.85406,0.00790,0.00747,0.52006,0.27593,-0.23087,-0.10262,
1750388187,1.31366,-0.37423,-0.05842,0.84026,0.00805,0.00763,0.54207,0.29891,-0.23352,-0.11453,
1750388187,1.34404,-0.39728,-0.07818,0.82581,0.00820,0.00782,0.56383,0.32235,-0.23630,-0.12665,
1750388187,1.37801,-0.41628,-0.09091,0.81079,0.00834,0.00793,0.58522,0.34656,-0.23421,-0.12920,
1750388187,1.40645,-0.43478,-0.10120,0.79845,0.00846,0.00797,0.60195,0.36544,-0.23608,-0.13118,
1750388187,1.44437,-0.45845,-0.11420,0.78246,0.00860,0.00800,0.62259,0.38938,-0.23820,-0.13350,
1750388187,1.48440,-0.48194,-0.12769,0.76768,0.00873,0.00804,0.64073,0.41335,-0.23974,-0.13618,
1750388188,1.52660,-0.50545,-0.14135,0.76186,0.00873,0.00820,0.64763,0.43745,-0.24089,-0.13885,
1750388188,1.57176,-0.52935,-0.15546,0.76340,0.00864,0.00846,0.64581,0.46212,-0.24161,-0.14157,
1750388188,1.60971,-0.54881,-0.16693,0.76834,0.00853,0.00866,0.63993,0.48176,-0.24252,-0.14369,
1750388188,1.65740,-0.57229,-0.18093,0.77719,0.00835,0.00894,0.62914,0.50554,-0.24338,-0.14623,
1750388188,1.71058,-0.59730,-0.19608,0.78886,0.00812,0.00927,0.61445,0.53102,-0.24401,-0.14894,
1750388188,1.76574,-0.62079,-0.21158,0.80168,0.00781,0.00978,0.59762,0.55741,-0.24207,-0.15207,
1750388188,1.81069,-0.63996,-0.22370,0.81199,0.00760,0.01004,0.58353,0.57759,-0.24197,-0.15417,
1750388188,1.87044,-0.66272,-0.23950,0.82179,0.00731,0.01055,0.56964,0.60498,-0.23862,-0.15712,
1750388188,1.93340,-0.68632,-0.25558,0.82834,0.00710,0.01091,0.56008,0.63229,-0.23641,-0.15987,
1750388188,1.99863,-0.70957,-0.27186,0.83266,0.00693,0.01122,0.55362,0.65958,-0.23388,-0.16262,
1750388189,2.06558,-0.73240,-0.28818,0.83554,0.00679,0.01148,0.54928,0.68650,-0.23119,-0.16530,
1750388189,2.11870,-0.75003,-0.30079,0.83707,0.00673,0.01162,0.54694,0.70717,-0.22976,-0.16730,
1750388189,2.19007,-0.77230,-0.31720,0.83849,0.00668,0.01191,0.54475,0.73598,-0.22726,-0.16998,
1750388189,2.26478,-0.79491,-0.33423,0.83947,0.00662,0.01208,0.54324,0.76365,-0.22486,-0.17266,
1750388189,2.33231,-0.81439,-0.34933,0.84007,0.00657,0.01224,0.54230,0.78803,-0.22243,-0.17501,
1750388189,2.41028,-0.83588,-0.36644,0.84112,0.00650,0.01242,0.54066,0.81549,-0.21948,-0.17765,
1750388189,2.49294,-0.85759,-0.38424,0.84583,0.00635,0.01264,0.53327,0.84385,-0.21622,-0.18036,
1750388189,2.57948,-0.87923,-0.40255,0.85353,0.00612,0.01291,0.52085,0.87280,-0.21272,-0.18312,
1750388189,2.65332,-0.89667,-0.41793,0.86131,0.00587,0.01318,0.50788,0.89728,-0.20905,-0.18544,
1750388189,2.74210,-0.91791,-0.43643,0.87135,0.00557,0.01348,0.49045,0.92575,-0.20593,-0.18836,
1750388189,2.83550,-0.93763,-0.45545,0.88207,0.00519,0.01382,0.47088,0.95516,-0.20058,-0.19124,
1750388190,2.93349,-0.95831,-0.47502,0.89306,0.00483,0.01415,0.44969,0.98581,-0.19652,-0.19421,
1750388190,3.03318,-0.97766,-0.49451,0.90376,0.00446,0.01444,0.42777,1.01597,-0.19196,-0.19700,
1750388190,3.11586,-0.99294,-0.51044,0.91137,0.00418,0.01465,0.41130,1.04054,-0.18818,-0.19927,
1750388190,3.21718,-1.01079,-0.52970,0.91762,0.00394,0.01488,0.39715,1.07014,-0.18357,-0.20198,
1750388190,3.32705,-1.02461,-0.55072,0.92197,0.00353,0.01537,0.38695,1.10387,-0.17170,-0.20546,
1750388190,3.44062,-1.04173,-0.57171,0.92484,0.00340,0.01557,0.38002,1.13608,-0.16595,-0.20836,
1750388190,3.53301,-1.05489,-0.58855,0.92642,0.00333,0.01572,0.37616,1.16185,-0.16128,-0.21066,
1750388190,3.65034,-1.07066,-0.60968,0.92835,0.00323,0.01591,0.37136,1.19404,-0.15538,-0.21353,
1750388190,3.77237,-1.08602,-0.63135,0.93253,0.00304,0.01612,0.36071,1.22694,-0.14928,-0.21644,
1750388190,3.89605,-1.10000,-0.65332,0.93824,0.00272,0.01640,0.34557,1.25987,-0.14186,-0.21963,
1750388190,3.99843,-1.11120,-0.67107,0.94348,0.00246,0.01658,0.33102,1.28666,-0.13675,-0.22197,
1750388191,4.12826,-1.12450,-0.69333,0.95029,0.00211,0.01680,0.31090,1.32014,-0.13035,-0.22489,
1750388191,4.26240,-1.13585,-0.71607,0.95718,0.00164,0.01712,0.28897,1.35486,-0.12141,-0.22793,
1750388191,4.39489,-1.14727,-0.73823,0.96362,0.00124,0.01733,0.26670,1.38811,-0.11493,-0.23078,
1750388191,4.51698,-1.15701,-0.75842,0.96913,0.00088,0.01750,0.24593,1.41831,-0.10907,-0.23336,
1750388191,4.65533,-1.16539,-0.78124,0.97478,0.00036,0.01784,0.22244,1.45352,-0.09950,-0.23660,
1750388191,4.79205,-1.17434,-0.80337,0.97978,-0.00004,0.01800,0.19926,1.48662,-0.09302,-0.23939,
1750388191,4.95289,-1.18388,-0.82911,0.98489,-0.00052,0.01818,0.17224,1.52498,-0.08561,-0.24260,
1750388191,5.07696,-1.18885,-0.84950,0.98825,-0.00096,0.01844,0.15170,1.55532,-0.07715,-0.24604,
1750388191,5.23371,-1.19619,-0.87416,0.99142,-0.00135,0.01858,0.12936,1.59194,-0.07014,-0.24907,
1750388191,5.39509,-1.20286,-0.89927,0.99330,-0.00160,0.01873,0.11406,1.62910,-0.06315,-0.25213,
1750388192,5.56122,-1.20888,-0.92485,0.99443,-0.00176,0.01889,0.10366,1.66683,-0.05619,-0.25522,
1750388192,5.72876,-1.21319,-0.95154,0.99512,-0.00190,0.01912,0.09675,1.70448,-0.04762,-0.25976,
1750388192,5.86704,-1.21680,-0.97253,0.99550,-0.00195,0.01925,0.09280,1.73519,-0.04206,-0.26225,
1750388192,6.02903,-1.22039,-0.99690,0.99579,-0.00198,0.01940,0.08955,1.77076,-0.03572,-0.26512,
1750388192,6.22038,-1.22424,-1.02621,0.99641,-0.00207,0.01963,0.08236,1.81265,-0.02875,-0.26947,
1750388192,6.39844,-1.22671,-1.05255,0.99738,-0.00228,0.01977,0.06954,1.85083,-0.02221,-0.27252,
1750388195,0.02762,-0.08813,0.00703,0.98528,-0.00293,0.00526,0.17083,0.07397,-0.04579,0.00345,
1750388195,0.03600,-0.07532,0.00770,0.98456,-0.00619,0.00665,0.17483,0.09156,0.01399,0.00278,
1750388195,0.04012,-0.08412,0.00705,0.98272,-0.00476,0.00614,0.18496,0.09366,0.00221,0.00143,
1750388195,0.04507,-0.09807,0.00607,0.98040,-0.00366,0.00574,0.19692,0.09621,-0.01352,0.00007,
1750388195,0.06340,-0.10370,0.00511,0.97654,-0.00262,0.00669,0.21523,0.12510,-0.01694,-0.00196,
1750388195,0.08087,-0.11404,0.00264,0.97174,-0.00133,0.00711,0.23594,0.14738,-0.02908,-0.00567,
1750388195,0.10354,-0.13256,0.00068,0.96602,-0.00031,0.00719,0.25836,0.16863,-0.04604,-0.00878,
1750388195,0.10820,-0.14681,0.00002,0.96085,0.00003,0.00648,0.27698,0.16332,-0.05620,-0.00858,
1750388195,0.11843,-0.15932,0.00058,0.95496,0.00012,0.00600,0.29669,0.16313,-0.05985,-0.00695,
1750388196,0.12330,-0.18363,0.00095,0.95044,-0.00043,0.00550,0.31086,0.15473,-0.06547,-0.00553,
1750388196,0.12971,-0.18757,0.00241,0.94736,-0.00039,0.00494,0.32014,0.14824,-0.06073,-0.00265,
1750388196,0.13286,-0.19157,0.00448,0.94570,0.00042,0.00440,0.32501,0.14271,-0.06633,0.00091,
1750388196,0.15296,-0.19922,0.00519,0.94367,0.00060,0.00462,0.33085,0.15794,-0.06551,0.00184,
1750388196,0.16897,-0.20509,0.00522,0.93969,0.00081,0.00469,0.34199,0.16633,-0.06348,0.00162,
1750388196,0.18717,-0.21061,0.00613,0.93369,0.00099,0.00477,0.35806,0.17570,-0.06068,0.00260,
1750388196,0.20479,-0.21685,0.00720,0.92667,0.00121,0.00483,0.37585,0.18413,-0.06005,0.00373,
1750388196,0.21876,-0.22834,0.00679,0.91989,0.00168,0.00476,0.39214,0.18956,-0.06923,0.00300,
1750388196,0.23733,-0.23997,0.00613,0.91060,0.00213,0.00476,0.41325,0.19703,-0.07626,0.00201,
1750388196,0.25216,-0.25081,0.00559,0.90056,0.00241,0.00463,0.43470,0.19798,-0.08088,0.00142,
1750388196,0.27190,-0.25913,0.00469,0.89452,0.00262,0.00467,0.44700,0.20452,-0.08185,-0.00002,
1750388197,0.28727,-0.26447,0.00475,0.89146,0.00270,0.00471,0.45307,0.20853,-0.08072,-0.00001,
1750388197,0.30495,-0.27340,0.00423,0.88868,0.00283,0.00465,0.45849,0.21090,-0.08244,-0.00067,
1750388197,0.33034,-0.28282,0.00356,0.88677,0.00310,0.00480,0.46217,0.22271,-0.08542,-0.00155,
1750388197,0.35123,-0.29655,0.00198,0.88549,0.00337,0.00478,0.46462,0.22780,-0.09338,-0.00327,
1750388197,0.36756,-0.30536,0.00098,0.88473,0.00355,0.00483,0.46607,0.23118,-0.09685,-0.00436,
1750388197,0.39008,-0.31604,0.00022,0.88404,0.00373,0.00491,0.46736,0.23728,-0.10038,-0.00492,
1750388197,0.41312,-0.32743,-0.00029,0.88356,0.00391,0.00499,0.46827,0.24336,-0.10453,-0.00514,
1750388197,0.43789,-0.33684,-0.00056,0.88324,0.00395,0.00505,0.46888,0.25043,-0.10577,-0.00511,
1750388197,0.45837,-0.34729,-0.00109,0.88302,0.00407,0.00506,0.46929,0.25652,-0.10992,-0.00538,
1750388197,0.48433,-0.35885,-0.00154,0.88282,0.00415,0.00510,0.46966,0.26424,-0.11331,-0.00549,
1750388198,0.51445,-0.37097,-0.00216,0.88267,0.00423,0.00517,0.46995,0.27416,-0.11635,-0.00572,
1750388198,0.54230,-0.38276,-0.00275,0.88352,0.00424,0.00519,0.46835,0.28168,-0.11899,-0.00595,
1750388198,0.56502,-0.39234,-0.00323,0.88673,0.00423,0.00522,0.46224,0.28769,-0.12107,-0.00614,
1750388198,0.59441,-0.40468,-0.00386,0.89309,0.00418,0.00529,0.44983,0.29532,-0.12362,-0.00637,
1750388198,0.62311,-0.41666,-0.00448,0.90063,0.00411,0.00537,0.43454,0.30263,-0.12593,-0.00660,
1750388198,0.67772,-0.42840,-0.01106,0.90958,0.00412,0.00609,0.41545,0.33207,-0.12519,-0.01007,
1750388198,0.76414,-0.44159,-0.02298,0.91856,0.00426,0.00745,0.39518,0.38841,-0.12374,-0.01630,
1750388198,0.84109,-0.46552,-0.03368,0.92582,0.00452,0.00861,0.37785,0.43863,-0.13238,-0.02171,
1750388198,0.89897,-0.48632,-0.03907,0.93465,0.00451,0.00913,0.35543,0.46526,-0.13793,-0.02382,
1750388198,0.95250,-0.49684,-0.04191,0.94316,0.00428,0.00960,0.33218,0.48704,-0.13479,-0.02444,
1750388198,1.00685,-0.50735,-0.04487,0.95125,0.00404,0.01003,0.30822,0.50805,-0.13144,-0.02524,
1750388199,1.05904,-0.51899,-0.04782,0.95855,0.00380,0.01030,0.28473,0.52516,-0.13048,-0.02583,
1750388199,1.10430,-0.52921,-0.05013,0.96440,0.00359,0.01052,0.26420,0.54047,-0.12858,-0.02635,
1750388199,1.16224,-0.54013,-0.05297,0.97089,0.00332,0.01083,0.23927,0.56151,-0.12493,-0.02699,
1750388199,1.21557,-0.55177,-0.05552,0.97639,0.00310,0.01100,0.21572,0.57798,-0.12364,-0.02743,
1750388199,1.27832,-0.56488,-0.05848,0.98198,0.00285,0.01118,0.18863,0.59714,-0.12196,-0.02793,
1750388199,1.32693,-0.57464,-0.06074,0.98570,0.00266,0.01132,0.16811,0.61184,-0.12057,-0.02832,
1750388199,1.38502,-0.58584,-0.06341,0.98949,0.00244,0.01147,0.14411,0.62925,-0.11884,-0.02877,
1750388199,1.45330,-0.59842,-0.06651,0.99270,0.00222,0.01163,0.12006,0.64951,-0.11672,-0.02930,
1750388199,1.51655,-0.60954,-0.06935,0.99435,0.00211,0.01175,0.10546,0.66805,-0.11477,-0.02978,
1750388199,1.57090,-0.61870,-0.07176,0.99522,0.00205,0.01184,0.09687,0.68378,-0.11313,-0.03018,
1750388200,1.64253,-0.63027,-0.07490,0.99594,0.00203,0.01195,0.08921,0.70422,-0.11106,-0.03071,
1750388200,1.71149,-0.64090,-0.07789,0.99635,0.00203,0.01205,0.08443,0.72357,-0.10918,-0.03121,
1750388200,1.77255,-0.64995,-0.08051,0.99659,0.00205,0.01213,0.08158,0.74045,-0.10761,-0.03164,
1750388200,1.86242,-0.66267,-0.08433,0.99686,0.00208,0.01224,0.07817,0.76487,-0.10547,-0.03226,
1750388200,1.93024,-0.67365,-0.08766,0.99730,0.00222,0.01326,0.07218,0.79999,-0.10840,-0.03394,
1750388200,2.01512,-0.68477,-0.09086,0.99821,0.00210,0.01338,0.05824,0.82386,-0.10670,-0.03413,
1750388200,2.08810,-0.69083,-0.09395,0.99908,0.00171,0.01292,0.04075,0.83117,-0.09907,-0.03427,
1750388200,2.20295,-0.65942,-0.09763,0.99956,-0.00050,0.01664,0.02461,0.93028,-0.03876,-0.03644,
1750388200,2.20164,-0.69361,-0.09813,0.99954,-0.00358,0.02979,0.00504,0.82239,-0.07336,-0.01984,
1750388200,2.29926,-0.69367,-0.10114,0.99973,-0.00198,0.02151,-0.00864,0.88236,-0.05642,-0.03305,
1750388200,2.38565,-0.69671,-0.10448,0.99973,-0.00049,0.01506,-0.01753,0.91270,-0.04900,-0.03586,
1750388201,2.46388,-0.69791,-0.10751,0.99967,0.00031,0.01197,-0.02286,0.93406,-0.04327,-0.03634,
1750388201,2.55795,-0.69787,-0.11114,0.99958,0.00079,0.00992,-0.02727,0.95245,-0.03563,-0.03652,
1750388201,2.65358,-0.70129,-0.11478,0.99950,0.00111,0.00897,-0.03018,0.96789,-0.03343,-0.03673,
1750388201,2.75307,-0.70142,-0.11808,0.99894,-0.00523,0.03270,-0.03201,1.00597,-0.02352,-0.01955,
1750388201,2.83503,-0.70279,-0.11853,0.99842,-0.00834,0.04468,-0.03296,1.06723,-0.01074,0.00652,
1750388201,2.95156,-0.70057,-0.11701,0.99804,-0.01005,0.05162,-0.03378,1.16942,0.01128,0.02199,
1750388201,3.07487,-0.69395,-0.11493,0.99794,-0.01048,0.05313,-0.03430,1.27515,0.03781,0.02108,
1750388201,3.21101,-0.68893,-0.11318,0.99802,-0.00998,0.05153,-0.03461,1.37811,0.05956,0.01194,
1750388201,3.34953,-0.68219,-0.11257,0.99817,-0.00913,0.04869,-0.03477,1.47092,0.07889,0.00053,
1750388201,3.46889,-0.67535,-0.11290,0.99830,-0.00833,0.04598,-0.03484,1.54207,0.09349,-0.00884,
1750388202,3.62378,-0.66539,-0.11429,0.99846,-0.00729,0.04252,-0.03486,1.62399,0.10997,-0.01942,
1750388202,3.80066,-0.65284,-0.11689,0.99862,-0.00620,0.03889,-0.03483,1.70557,0.12593,-0.02922,
1750388202,3.96238,-0.64054,-0.11995,0.99873,-0.00531,0.03595,-0.03476,1.77103,0.13833,-0.03631,
1750388202,4.14866,-0.62562,-0.12404,0.99884,-0.00440,0.03300,-0.03467,1.83770,0.15048,-0.04274,
1750388202,4.30291,-0.61279,-0.12776,0.99892,-0.00373,0.03088,-0.03458,1.88709,0.15911,-0.04696,
1750388202,4.48258,-0.59741,-0.13245,0.99899,-0.00305,0.02878,-0.03451,1.93978,0.16784,-0.05102,
1750388202,4.67968,-0.58023,-0.15304,0.99905,-0.00240,0.02678,-0.03438,1.99138,0.17592,-0.06215,
1750388202,4.85356,-0.56477,-0.15854,0.99909,-0.00189,0.02527,-0.03426,2.03281,0.18203,-0.06462,
1750388202,5.05332,-0.54677,-0.16493,0.99913,-0.00138,0.02378,-0.03413,2.07653,0.18805,-0.06694,
1750388202,5.26482,-0.52754,-0.17178,0.99917,-0.00091,0.02245,-0.03399,2.11904,0.19341,-0.06895,
1750388202,5.47659,-0.50817,-0.17869,0.99920,-0.00049,0.02133,-0.03385,2.15838,0.19791,-0.07062,
1750388203,5.66167,-0.49114,-0.18481,0.99922,-0.00018,0.02054,-0.03379,2.19161,0.20132,-0.07195,
1750388203,5.87627,-0.47149,-0.18859,0.99940,0.00378,0.00716,-0.03371,2.22183,0.20321,-0.07433,
1750388203,6.09732,-0.45161,-0.19450,0.99929,0.00950,-0.01381,-0.03364,2.20909,0.19411,-0.04196,
1750388208,-0.83724,-0.31583,-0.04016,0.99720,0.00280,0.00083,0.07474,-0.63298,-0.21130,-0.01263,
1750388208,-1.14698,-0.40825,-0.07649,0.99718,0.00330,-0.00295,0.07490,-0.83430,-0.26450,-0.02461,
1750388208,-1.21980,-0.40569,-0.08943,0.99718,0.00306,-0.00276,0.07489,-0.84542,-0.25346,-0.02455,
1750388208,-0.94466,-0.28273,-0.05387,0.99713,0.00365,0.00213,0.07558,-0.59621,-0.20505,-0.00117,
1750388208,-0.63943,-0.16451,-0.01513,0.99711,0.00265,0.00915,0.07537,-0.28497,-0.11866,0.02384,
1750388208,-0.63344,-0.14959,-0.00751,0.99711,0.00251,0.01017,0.07520,-0.23588,-0.10635,0.03369,
1750388208,-0.70253,-0.14974,-0.00325,0.99712,0.00245,0.00957,0.07516,-0.25964,-0.10520,0.03950,
1750388208,-0.83482,-0.15541,0.00095,0.99713,0.00240,0.00810,0.07521,-0.32672,-0.10848,0.04428,
1750388208,-1.05552,-0.16997,0.00404,0.99714,0.00244,0.00564,0.07531,-0.45038,-0.11991,0.04811,
1750388209,-1.27259,-0.18469,0.00574,0.99714,0.00242,0.00363,0.07544,-0.56051,-0.12878,0.05067,
1750388209,-1.43320,-0.19283,0.00322,0.99714,0.00229,0.00233,0.07555,-0.63565,-0.13079,0.05068,
1750388209,-1.53265,-0.20590,0.00269,0.99713,0.00219,0.00206,0.07569,-0.65386,-0.13240,0.05166,
1750388209,-1.64170,-0.21853,0.04208,0.99692,0.00243,0.01971,0.07588,-0.66887,-0.13411,0.08870,
1750388209,-1.62479,-0.21498,0.06966,0.99637,0.00250,0.03842,0.07597,-0.56295,-0.12143,0.14770,
1750388209,-1.84304,-0.26751,0.06831,0.99610,0.00233,0.04485,0.07601,-0.55448,-0.12337,0.16289,
1750388209,-1.98702,-0.31861,0.04757,0.99607,0.00264,0.04545,0.07601,-0.53628,-0.14320,0.14944,
1750388209,-2.00636,-0.31030,0.06399,0.99611,0.00254,0.04451,0.07607,-0.42872,-0.13016,0.14391,
1750388209,-2.03209,-0.32085,0.07368,0.99623,0.00256,0.04157,0.07616,-0.33591,-0.12998,0.13225,
1750388209,-2.06553,-0.34177,0.07961,0.99698,0.00215,0.01448,0.07628,-0.28085,-0.13350,0.06893,
1750388210,-2.09790,-0.35482,0.07807,0.99708,0.00182,-0.00239,0.07636,-0.27484,-0.13316,0.06595,
1750388210,-2.11834,-0.35136,0.04827,0.99701,0.00150,-0.01220,0.07630,-0.27789,-0.12787,0.05062,
1750388210,-2.11766,-0.31061,0.00920,0.99697,0.00098,-0.01685,0.07599,-0.28500,-0.10171,0.02366,
1750388210,-2.17537,-0.31308,-0.02271,0.99697,0.00087,-0.01842,0.07561,-0.33191,-0.10069,-0.00210,
1750388210,-2.18696,-0.30086,-0.03044,0.99697,0.00070,-0.01819,0.07558,-0.35146,-0.09294,-0.00856,
1750388210,-2.23419,-0.31109,-0.03087,0.99699,0.00069,-0.01724,0.07564,-0.39030,-0.09667,-0.00998,
1750388210,-2.29212,-0.32823,-0.02870,0.99700,0.00074,-0.01576,0.07571,-0.43157,-0.10376,-0.00992,
1750388210,-2.34885,-0.34800,-0.02901,0.99702,0.00082,-0.01417,0.07579,-0.46718,-0.11247,-0.01122,
1750388210,-2.39905,-0.36639,-0.03058,0.99704,0.00090,-0.01293,0.07585,-0.49470,-0.12044,-0.01278,
1750388210,-2.49890,-0.41730,-0.00127,0.99710,0.00127,-0.00120,0.07602,-0.53594,-0.13973,-0.00391,
1750388210,-2.58017,-0.43122,0.02566,0.99685,0.00158,0.02237,0.07608,-0.52771,-0.14068,0.03556,
1750388211,-2.61737,-0.43765,0.01007,0.99654,0.00176,0.03351,0.07609,-0.46353,-0.13851,0.04765,
1750388211,-2.82976,-0.49798,-0.00623,0.99644,0.00202,0.03614,0.07612,-0.48065,-0.15843,0.04686,
1750388211,-2.92826,-0.51427,-0.02751,0.99645,0.00201,0.03601,0.07614,-0.45253,-0.15848,0.03348,
1750388211,-3.01139,-0.55177,-0.02590,0.99650,0.00207,0.03412,0.07629,-0.39044,-0.16562,0.02626,
1750388211,-2.99780,-0.58453,0.00140,0.99654,0.00211,0.03186,0.07672,-0.29253,-0.16896,0.02566,
1750388211,-2.99305,-0.66859,0.08322,0.99660,0.00290,0.02967,0.07687,-0.18349,-0.20405,0.05277,
1750388211,-3.09716,-0.72852,0.11148,0.99686,0.00320,0.01955,0.07660,-0.17427,-0.23177,0.03857,
1750388211,-3.10937,-0.76428,0.12997,0.99703,0.00314,-0.00780,0.07661,-0.16284,-0.24745,0.04072,
1750388211,-3.11296,-0.79762,0.15154,0.99683,0.00322,-0.02097,0.07663,-0.18525,-0.26447,0.06763,
1750388211,-3.11712,-0.83159,0.16865,0.99671,0.00337,-0.02619,0.07666,-0.21663,-0.28105,0.08330,
1750388212,-3.17312,-0.85451,0.18888,0.99664,0.00361,-0.02842,0.07670,-0.28524,-0.29504,0.09423,
1750388212,-3.22132,-0.88103,0.20546,0.99684,0.00402,-0.01961,0.07682,-0.34607,-0.30738,0.06711,
1750388212,-3.27093,-0.90756,0.21991,0.99644,0.00489,0.03372,0.07705,-0.32911,-0.31563,0.11133,
1750388212,-3.31363,-0.93385,0.24328,0.99531,0.00537,0.05822,0.07710,-0.23545,-0.31970,0.20944,
1750388212,-3.34125,-0.96381,0.26152,0.99468,0.00568,0.06815,0.07709,-0.10513,-0.32239,0.25169,
1750388212,-3.35219,-0.98588,0.27613,0.99456,0.00584,0.06972,0.07712,0.01059,-0.32224,0.25269,
1750388212,-3.34029,-1.01545,0.29470,0.99473,0.00596,0.06725,0.07718,0.14967,-0.32280,0.23442,
1750388212,-3.31667,-1.04348,0.31031,0.99502,0.00606,0.06269,0.07724,0.27264,-0.32425,0.20959,
1750388212,-3.27633,-1.07596,0.32637,0.99539,0.00615,0.05636,0.07732,0.40168,-0.32696,0.18086,
1750388212,-3.23641,-1.09970,0.33569,0.99565,0.00625,0.05146,0.07738,0.49043,-0.32953,0.16100,
1750388212,-3.17885,-1.12555,0.34782,0.99593,0.00619,0.04584,0.07741,0.58793,-0.32985,0.14150,
1750388213,-3.11116,-1.15310,0.35783,0.99658,0.00591,0.02329,0.07904,0.66510,-0.33158,0.07537,
1750388213,-3.04111,-1.18517,0.36286,0.99614,0.00620,0.02565,0.08371,0.71612,-0.33891,0.09270,
1750388213,-2.97935,-1.21237,0.36843,0.99587,0.00635,0.02727,0.08637,0.76343,-0.34508,0.09672,
1750388213,-2.90298,-1.24609,0.37785,0.99567,0.00649,0.02699,0.08867,0.81753,-0.35291,0.09765,
1750388213,-2.82093,-1.28079,0.38728,0.99557,0.00657,0.02547,0.09027,0.87000,-0.36104,0.09620,
1750388213,-2.72566,-1.31963,0.39738,0.99552,0.00663,0.02319,0.09146,0.92328,-0.37035,0.09396,
1750388213,-2.65279,-1.34857,0.40459,0.99550,0.00666,0.02139,0.09207,0.95897,-0.37745,0.09246,
1750388213,-2.55153,-1.38803,0.41405,0.99549,0.00670,0.01902,0.09267,1.00232,-0.38737,0.09094,
1750388213,-2.45291,-1.42592,0.42279,0.99549,0.00673,0.01692,0.09306,1.03866,-0.39709,0.09007,
1750388213,-2.33956,-1.46930,0.42638,0.99550,0.00678,0.01502,0.09332,1.07790,-0.40883,0.08663,
1750388214,-2.22298,-1.51844,0.42757,0.99551,0.00690,0.01355,0.09345,1.11676,-0.42614,0.08194,
1750388214,-2.13705,-1.55125,0.43383,0.99551,0.00693,0.01234,0.09358,1.13796,-0.43490,0.08224,
1750388214,-2.02592,-1.59381,0.44180,0.99551,0.00698,0.01097,0.09372,1.16238,-0.44631,0.08287,
1750388214,-1.89973,-1.64245,0.45075,0.99552,0.00703,0.00965,0.09384,1.18670,-0.45938,0.08384,
1750388214,-1.78417,-1.68741,0.45876,0.99556,0.00666,-0.00308,0.09387,1.20240,-0.47160,0.08078,
1750388214,-1.68808,-1.72583,0.46615,0.99532,0.00623,-0.02257,0.09378,1.18216,-0.48441,0.10595,
1750388214,-1.57426,-1.77590,0.47726,0.99500,0.00606,-0.03413,0.09363,1.13127,-0.50407,0.13453,
1750388214,-1.53999,-1.92185,0.50147,0.99482,0.00761,-0.04007,0.09306,0.98856,-0.60468,0.15158,
1750388216,0.11009,-0.00736,0.06742,0.99996,-0.00604,-0.00676,-0.00136,0.04141,0.07309,0.02508,
1750388216,0.37272,0.00197,0.09722,0.99968,-0.01327,-0.02141,-0.00290,0.20964,0.16038,0.02553,
1750388216,0.45283,0.02341,0.08817,0.99930,-0.01585,-0.03323,-0.00686,0.29680,0.19577,0.02654,
1750388216,0.51851,0.01779,0.08600,0.99879,-0.01724,-0.04472,-0.01105,0.24895,0.21529,0.03229,
1750388216,0.18174,-0.03368,0.00264,0.99822,-0.00975,-0.05686,-0.01508,-0.20013,0.08887,-0.04390,
1750388216,0.17106,-0.03234,-0.01212,0.99807,-0.00836,-0.05701,-0.02304,-0.27981,0.08760,-0.06531,
1750388216,0.13801,-0.02325,-0.02680,0.99770,-0.00736,-0.05581,-0.03763,-0.39341,0.10752,-0.09347,
1750388216,0.13743,-0.01991,-0.03465,0.99708,-0.00620,-0.05161,-0.05597,-0.44770,0.12108,-0.10157,
1750388217,0.12896,-0.01287,-0.03688,0.99604,-0.00520,-0.04700,-0.07523,-0.49543,0.13667,-0.09951,
1750388217,0.11637,-0.00440,-0.03619,0.99514,-0.00465,-0.04241,-0.08878,-0.53532,0.15181,-0.09236,
1750388217,0.11017,-0.00124,-0.03327,0.99460,-0.00437,-0.03873,-0.09616,-0.55450,0.15866,-0.08215,
1750388217,0.06848,-0.00944,-0.04864,0.99408,-0.00338,-0.03548,-0.10261,-0.60663,0.14443,-0.09726,
1750388217,-0.00848,-0.00107,-0.07088,0.99368,-0.00263,-0.03398,-0.10694,-0.69391,0.14759,-0.12303,
1750388217,-0.08507,0.01479,-0.08015,0.99270,-0.00239,-0.03129,-0.11644,-0.75787,0.16134,-0.12793,
1750388217,-0.14603,0.02848,-0.09017,0.99148,-0.00202,-0.02534,-0.12777,-0.80099,0.17031,-0.14106,
1750388217,-0.22879,0.04725,-0.10522,0.99022,-0.00196,0.00231,-0.13951,-0.82030,0.17760,-0.13507,
1750388217,-0.30952,0.06674,-0.11570,0.98896,-0.00223,0.01560,-0.14737,-0.79698,0.17990,-0.10989,
1750388217,-0.38796,0.08388,-0.12513,0.98809,-0.00236,0.02047,-0.15247,-0.76383,0.17805,-0.10050,
1750388218,-0.46710,0.10142,-0.13516,0.98752,-0.00237,0.02112,-0.15606,-0.72564,0.17544,-0.10254,
1750388218,-0.52290,0.11652,-0.14430,0.98723,-0.00236,0.01987,-0.15803,-0.69143,0.17540,-0.10943,
1750388218,-0.59410,0.13434,-0.15632,0.98700,-0.00222,0.01732,-0.15978,-0.65774,0.17407,-0.11993,
1750388218,-0.65871,0.15159,-0.16910,0.98687,-0.00205,0.01410,-0.16091,-0.62678,0.17320,-0.13030,
1750388218,-0.72057,0.16898,-0.18251,0.98679,-0.00186,0.01078,-0.16165,-0.60221,0.17319,-0.13962,
1750388218,-0.76836,0.18285,-0.19355,0.98675,-0.00171,0.00825,-0.16204,-0.58708,0.17368,-0.14614,
1750388218,-0.83102,0.20108,-0.20725,0.98671,-0.00158,0.00532,-0.16238,-0.57857,0.17606,-0.15289,
1750388218,-0.88929,0.21965,-0.22396,0.98669,-0.00141,0.00257,-0.16258,-0.56914,0.17828,-0.16070,
1750388218,-0.94636,0.23767,-0.24031,0.98668,-0.00124,0.00017,-0.16268,-0.56555,0.18052,-0.16705,
1750388218,-0.99163,0.25241,-0.25381,0.98667,-0.00112,-0.00154,-0.16271,-0.56549,0.18273,-0.17171,
1750388218,-1.05499,0.27337,-0.26716,0.98666,-0.00103,-0.00342,-0.16276,-0.57481,0.18805,-0.17410,
1750388219,-1.10820,0.29319,-0.28683,0.98666,-0.00090,-0.00506,-0.16273,-0.57843,0.19203,-0.18086,
1750388219,-1.16550,0.31526,-0.30597,0.98666,-0.00081,-0.00652,-0.16267,-0.58770,0.19760,-0.18648,
1750388219,-1.21429,0.33583,-0.32273,0.98666,-0.00077,-0.00759,-0.16261,-0.59727,0.20370,-0.19129,
1750388219,-1.26739,0.36615,-0.34317,0.98666,-0.00079,-0.00860,-0.16258,-0.60749,0.21519,-0.19730,
1750388219,-1.32055,0.41839,-0.36121,0.98666,-0.00108,-0.00960,-0.16249,-0.61875,0.24156,-0.20083,
1750388219,-1.39660,0.50498,-0.38394,0.98665,-0.00171,-0.01096,-0.16248,-0.64883,0.29049,-0.20641,
1750388219,-1.50268,0.66461,-0.41358,0.98661,-0.00305,-0.01276,-0.16256,-0.70195,0.38566,-0.21544,
1750388219,-1.56448,0.70158,-0.43765,0.98660,-0.00309,-0.01349,-0.16256,-0.72638,0.39980,-0.22360,
1750388219,-1.64320,0.74704,-0.46566,0.98660,-0.00310,-0.01422,-0.16253,-0.75584,0.41504,-0.23180,
1750388219,-1.72530,0.79473,-0.49490,0.98659,-0.00312,-0.01488,-0.16251,-0.78684,0.43106,-0.24023,
1750388220,-1.81133,0.84512,-0.52588,0.98658,-0.00315,-0.01549,-0.16249,-0.81963,0.44819,-0.24918,
1750388220,-1.88218,0.88715,-0.55263,0.98638,-0.00263,-0.02590,-0.16242,-0.85023,0.46348,-0.25715,
1750388220,-1.97683,0.94177,-0.58487,0.98555,-0.00183,-0.04900,-0.16216,-0.93145,0.48762,-0.23362,
1750388220,-2.09101,1.00696,-0.62139,0.98498,-0.00154,-0.05966,-0.16202,-1.05314,0.52097,-0.22236,
1750388220,-2.19690,1.05599,-0.63389,0.98482,-0.00142,-0.06243,-0.16193,-1.16457,0.54270,-0.22192,
1750388220,-2.30161,1.10361,-0.65381,0.98486,-0.00143,-0.06193,-0.16188,-1.26665,0.56274,-0.23313,
1750388220,-2.43519,1.16151,-0.67818,0.98502,-0.00152,-0.05941,-0.16185,-1.38250,0.58577,-0.25087,
1750388220,-2.56942,1.21732,-0.70249,0.98522,-0.00165,-0.05619,-0.16183,-1.48455,0.60645,-0.26843,
1750388220,-2.73388,1.28331,-0.73219,0.98544,-0.00181,-0.05219,-0.16181,-1.59350,0.62911,-0.28755,
1750388220,-2.86583,1.33420,-0.75620,0.98560,-0.00193,-0.04920,-0.16179,-1.67043,0.64534,-0.30092,
1750388220,-3.03142,1.39747,-0.78598,0.98576,-0.00207,-0.04581,-0.16177,-1.75664,0.66432,-0.31519,
1750388221,-3.20446,1.46852,-0.81787,0.98661,-0.00330,-0.01917,-0.16194,-1.81485,0.68269,-0.35152,
1750388221,-3.38847,1.53811,-0.85254,0.98679,-0.00404,-0.00090,-0.16195,-1.83046,0.69397,-0.33692,
1750388221,-3.53665,1.59678,-0.87992,0.98678,-0.00433,0.00641,-0.16190,-1.82128,0.70100,-0.32675,
1750388221,-3.71662,1.66764,-0.91275,0.98676,-0.00446,0.00987,-0.16184,-1.80013,0.70743,-0.32390,
1750388221,-3.89337,1.73378,-0.94477,0.98676,-0.00445,0.00995,-0.16179,-1.78099,0.71223,-0.32812,
1750388221,-4.05522,1.80050,-0.97563,0.98679,-0.00437,0.00856,-0.16175,-1.75991,0.71802,-0.33490,
1750388221,-4.24252,1.87750,-1.01302,0.98702,-0.00348,-0.00962,-0.16024,-1.74996,0.72595,-0.37302,
1750388221,-4.38208,1.93538,-1.04275,0.98740,-0.00285,-0.02842,-0.15563,-1.77881,0.73632,-0.37329,
1750388221,-4.54930,2.00439,-1.07722,0.98765,-0.00257,-0.04049,-0.15132,-1.83976,0.75146,-0.36299,
1750388221,-4.73282,2.08810,-1.11437,0.98887,-0.00286,-0.04616,-0.14144,-1.91861,0.77352,-0.36045,
1750388222,-4.15627,2.26160,-1.10308,0.99043,-0.01300,-0.02539,-0.13503,-1.17347,0.95450,-0.33282,
1750388222,-4.91998,2.33929,-1.17146,0.99192,-0.00482,-0.04818,-0.11723,-2.01463,0.88170,-0.37214,
1750388223,0.00409,-0.07629,0.01311,0.99009,-0.01231,0.00737,0.13973,0.02062,0.04333,0.00672,
1750388223,-0.00248,-0.06693,0.01355,0.98977,-0.01295,0.00708,0.14188,0.01074,0.07580,0.00590,
1750388223,-0.01250,-0.05080,0.01339,0.99017,-0.01401,0.00669,0.13897,-0.00241,0.11800,0.00365,
1750388223,-0.01329,-0.03693,0.01361,0.99160,-0.01415,0.00713,0.12840,0.00573,0.14849,0.00233,
1750388223,-0.00354,-0.02706,0.01401,0.99286,-0.01364,0.00812,0.11826,0.03130,0.16638,0.00152,
1750388223,0.00104,-0.01248,0.01403,0.99349,-0.01362,0.00856,0.11278,0.04519,0.19021,0.00058,
1750388223,0.00567,0.00390,0.01480,0.99400,-0.01346,0.00893,0.10821,0.05868,0.21179,0.00093,
1750388223,0.01393,0.03383,0.01443,0.99486,-0.01399,0.00934,0.09990,0.07654,0.25295,-0.00058,
1750388224,0.01195,0.06914,0.01426,0.99618,-0.01461,0.00913,0.08565,0.07853,0.29252,-0.00145,
1750388224,0.02900,0.10642,0.01397,0.99725,-0.01551,0.00983,0.07187,0.10660,0.33741,-0.00251,
1750388224,0.04946,0.13335,0.01330,0.99841,-0.01537,0.01025,0.05332,0.13667,0.35856,-0.00406,
1750388224,0.06323,0.16927,0.01316,0.99934,-0.01535,0.01006,0.03136,0.15391,0.38482,-0.00472,
1750388224,0.07320,0.21857,0.01304,0.99978,-0.01562,0.00959,0.00989,0.16370,0.42224,-0.00511,
1750388224,0.09782,0.25423,0.01231,0.99983,-0.01536,0.00972,-0.00106,0.18943,0.44147,-0.00621,
1750388224,0.10392,0.29448,0.01172,0.99981,-0.01542,0.00939,-0.00665,0.19275,0.46786,-0.00687,
1750388224,0.12196,0.33427,0.01009,0.99977,-0.01517,0.00933,-0.01162,0.20799,0.48534,-0.00898,
1750388224,0.15080,0.37479,0.00830,0.99973,-0.01506,0.00957,-0.01464,0.23502,0.50469,-0.01109,
1750388224,0.16321,0.43320,0.00774,0.99971,-0.01521,0.00931,-0.01592,0.23887,0.53978,-0.01136,
1750388224,0.19194,0.46797,0.00590,0.99977,-0.01506,0.00968,-0.01159,0.26462,0.55380,-0.01329,
1750388225,0.21930,0.52459,0.00518,0.99912,-0.04089,0.00889,-0.00381,0.28339,0.60830,0.01063,
1750388225,0.24839,0.58913,0.00788,0.99848,-0.05449,0.00874,0.00150,0.30097,0.70496,0.04159,
1750388225,0.27404,0.67540,0.01067,0.99818,-0.05949,0.00866,0.00527,0.31103,0.82872,0.04883,
1750388225,0.28832,0.74369,0.01756,0.99814,-0.05987,0.00865,0.00725,0.31365,0.92023,0.04835,
1750388225,0.31910,0.84320,0.02305,0.99824,-0.05790,0.00885,0.00913,0.32824,1.03565,0.03804,
1750388225,0.34615,0.95528,0.02694,0.99841,-0.05463,0.00893,0.01047,0.33813,1.14675,0.02479,
1750388225,0.38535,1.07257,0.02833,0.99860,-0.05075,0.00918,0.01147,0.35825,1.24572,0.01075,
1750388225,0.42976,1.17343,0.02621,0.99892,-0.04392,0.00961,0.01207,0.38374,1.31736,-0.01689,
1750388225,0.48039,1.30463,0.01951,0.99977,-0.01406,0.01054,0.01239,0.41132,1.36527,-0.04784,
1750388225,0.52120,1.43286,0.01530,0.99986,0.00063,0.01091,0.01273,0.43182,1.37251,-0.03365,
1750388226,0.55981,1.55861,0.01215,0.99982,0.00788,0.01107,0.01312,0.44977,1.35199,-0.02241,
1750388226,0.59443,1.67328,0.01048,0.99984,-0.00539,0.01070,0.01359,0.46427,1.34635,-0.04450,
1750388226,0.63304,1.78619,0.00567,0.99956,-0.02406,0.01022,0.01410,0.47871,1.36230,-0.04194,
1750388226,0.69411,1.94157,-0.00161,0.99927,-0.03394,0.01030,0.01441,0.50808,1.43028,-0.03424,
1750388226,0.72048,2.09848,-0.01141,0.99911,-0.03824,0.01028,0.01477,0.51288,1.50994,-0.03518,
1750388226,0.73795,2.25787,-0.01970,0.99907,-0.03911,0.01007,0.01503,0.50965,1.58729,-0.04002,
1750388226,0.72588,2.40414,-0.03252,0.99910,-0.03844,0.00960,0.01510,0.48879,1.65446,-0.04899,
1750388226,0.72025,2.58605,-0.04693,0.99916,-0.03698,0.00927,0.01525,0.47273,1.73406,-0.05953,
1750388226,0.73776,2.78207,-0.05965,0.99923,-0.03493,0.00915,0.01544,0.47106,1.81113,-0.06883,
1750388226,0.74114,2.97897,-0.07563,0.99930,-0.03287,0.00897,0.01556,0.46273,1.88156,-0.07885,
1750388226,0.73174,3.14205,-0.09213,0.99935,-0.03130,0.00879,0.01560,0.45058,1.93543,-0.08808,
1750388227,0.74733,3.34596,-0.10888,0.99941,-0.02936,0.00874,0.01571,0.45108,1.99574,-0.09668,
1750388227,0.77065,3.56483,-0.12670,0.99946,-0.02749,0.00874,0.01582,0.45573,2.05403,-0.10485,
1750388227,0.79593,3.77395,-0.14425,0.99950,-0.02592,0.00877,0.01591,0.46220,2.10479,-0.11215,
1750388227,0.82688,3.99027,-0.16241,0.99953,-0.02448,0.00883,0.01599,0.47145,2.15265,-0.11906,
1750388227,0.85697,4.16868,-0.17641,0.99956,-0.02345,0.00889,0.01607,0.48122,2.18978,-0.12390,
1750388227,0.89936,4.39424,-0.19353,0.99958,-0.02229,0.00897,0.01618,0.49519,2.23281,-0.12921,
1750388227,0.94380,4.62100,-0.21086,0.99960,-0.02127,0.00906,0.01629,0.50986,2.27301,-0.13427,
1750388227,0.98127,4.80872,-0.22606,0.99961,-0.02053,0.00914,0.01635,0.52224,2.30460,-0.13860,
1750388227,1.02887,5.03424,-0.24373,0.99963,-0.01974,0.00923,0.01644,0.53780,2.33984,-0.14327,
1750388227,1.08236,5.27759,-0.26287,0.99964,-0.01899,0.00933,0.01653,0.55502,2.37539,-0.14801,
1750388228,1.13638,5.51589,-0.28178,0.99965,-0.01834,0.00943,0.01661,0.57222,2.40829,-0.15254,
1750388228,1.19253,5.75788,-0.30460,0.99966,-0.01771,0.00959,0.01656,0.59092,2.43822,-0.15849,
1750388228,1.25160,5.99754,-0.32566,0.99967,-0.01716,0.00972,0.01655,0.60993,2.46614,-0.16344,
1750388228,1.30113,6.19333,-0.34207,0.99967,-0.01678,0.00982,0.01656,0.62543,2.48912,-0.16703,
1750388228,1.36250,6.43322,-0.36154,0.99968,-0.01635,0.00993,0.01659,0.64405,2.51576,-0.17102,
1750388228,1.42996,6.69164,-0.38256,0.99968,-0.01594,0.01004,0.01662,0.66397,2.54318,-0.17511,
1750388228,1.48196,6.88672,-0.39890,0.99969,-0.01566,0.01013,0.01660,0.67936,2.56343,-0.17839,
1750388228,1.55313,7.15074,-0.42043,0.99969,-0.01532,0.01024,0.01661,0.69960,2.58939,-0.18232,
1750388228,1.62025,7.39532,-0.44038,0.99970,-0.01502,0.01034,0.01660,0.71846,2.61281,-0.18593,
1750388228,1.69496,7.66290,-0.46215,0.99970,-0.01473,0.01044,0.01660,0.73893,2.63743,-0.18966,
1750388228,1.75217,7.86468,-0.47882,0.99970,-0.01453,0.01053,0.01654,0.75460,2.65574,-0.19258,
1750388229,1.82938,8.13430,-0.50065,0.99971,-0.01417,0.01063,0.01652,0.77498,2.67907,-0.19616,
1750388229,1.90172,8.38301,-0.52002,0.99974,0.01160,0.01137,0.01619,0.79532,2.67552,-0.17538,
1750388229,1.97960,8.64621,-0.53792,0.99947,0.02594,0.01181,0.01588,0.81847,2.62638,-0.14267,
1750388229,2.05008,8.85592,-0.55021,0.99934,0.03049,0.01212,0.01558,0.84222,2.57451,-0.13221,
1750388229,2.13342,9.10044,-0.56245,0.99931,0.03137,0.01227,0.01535,0.86726,2.50519,-0.13277,
1750388229,2.23278,9.34053,-0.57598,0.99937,0.02949,0.01248,0.01524,0.89965,2.44631,-0.14138,
1750388229,2.32719,9.58142,-0.59064,0.99946,0.02627,0.01251,0.01518,0.92589,2.39023,-0.15280,
1750388229,2.40689,9.77919,-0.60383,0.99954,0.02315,0.01250,0.01517,0.94697,2.34863,-0.16251,
1750388229,2.52139,10.05248,-0.62372,0.99963,0.01866,0.01249,0.01529,0.97611,2.29866,-0.17498,
1750388229,2.60208,10.23753,-0.63822,0.99968,0.01570,0.01249,0.01541,0.99603,2.27008,-0.18244,
1750388230,2.70526,10.46369,-0.65772,0.99980,-0.00228,0.01214,0.01573,1.02038,2.24765,-0.21605,
1750388230,2.80817,10.68057,-0.67857,0.99950,-0.02463,0.01169,0.01609,1.04390,2.27363,-0.21048,
1750388230,2.89662,10.87352,-0.69565,0.99919,-0.03487,0.01149,0.01630,1.06182,2.32279,-0.19705,
1750388230,3.02372,11.11878,-0.71566,0.99898,-0.04041,0.01168,0.01656,1.09464,2.40150,-0.19085,
1750388230,3.12978,11.35298,-0.73403,0.99892,-0.04165,0.01172,0.01669,1.11461,2.47744,-0.19286,
1750388230,3.24760,11.61439,-0.75440,0.99896,-0.04064,0.01183,0.01679,1.13656,2.55905,-0.19979,
1750388230,3.33898,11.82106,-0.77060,0.99903,-0.03902,0.01194,0.01686,1.15338,2.61957,-0.20645,
1750388230,3.44788,12.06946,-0.79031,0.99911,-0.03668,0.01207,0.01694,1.17336,2.68683,-0.21448,
