9900000000,-0.51266,-1.91633,0.30002,0.08570,0.99632,-0.00149,0.00312,
10600000000,-0.51024,-1.72665,0.31937,0.09841,0.99514,-0.00147,0.00237,
10750000000,-0.48416,-1.55031,0.29632,0.04511,0.99898,-0.00142,0.00175,
10800000000,-0.46015,-1.48276,0.28055,0.01308,0.99991,-0.00150,0.00128,
10850000000,-0.44881,-1.41560,0.26970,-0.01054,0.99994,-0.00163,0.00100,
10900000000,-0.44257,-1.34819,0.26362,-0.02810,0.99960,-0.00182,0.00084,
11000000000,-0.43858,-1.22750,0.26132,-0.04842,0.99882,-0.00187,0.00083,
11250000000,-0.44339,-0.98504,0.27790,-0.05651,0.99840,-0.00193,0.00097,
11550000000,-0.45650,-0.78227,0.29256,-0.04433,0.99901,-0.00200,0.00106,
11750000000,-0.43463,-0.67705,0.30532,-0.02832,0.99938,-0.00279,0.02082,
11800000000,-0.48544,-0.65466,0.32348,-0.02187,0.99910,-0.00343,0.03614,
11850000000,-0.47101,-0.63670,0.33217,-0.01723,0.99870,-0.00397,0.04776,
11950000000,-0.49746,-0.60824,0.33740,-0.01129,0.99800,-0.00468,0.06197,
12100000000,-0.56306,-0.55570,0.35897,-0.00769,0.99740,-0.00529,0.07141,
12750000000,-1.14730,-0.36638,0.39578,-0.01266,0.99905,-0.00520,0.04141,
12800000000,-1.23361,-0.34942,0.38725,-0.01690,0.99981,-0.00458,0.00895,
12850000000,-1.29417,-0.34956,0.37639,-0.01997,0.99966,-0.00409,-0.01628,
12900000000,-1.36362,-0.34663,0.36953,-0.02206,0.99918,-0.00380,-0.03371,
12950000000,-1.43471,-0.35044,0.36425,-0.02338,0.99870,-0.00358,-0.04522,
13050000000,-1.56944,-0.34313,0.36858,-0.02417,0.99809,-0.00345,-0.05677,
13400000000,-1.93999,-0.31522,0.42028,-0.02020,0.99848,-0.00352,-0.05112,
13600000000,-2.09823,-0.31117,0.43293,-0.01719,0.99900,-0.00371,-0.04103,
13800000000,-2.23510,-0.30722,0.43947,-0.01214,0.99861,-0.00353,-0.05109,
13900000000,-2.30943,-0.30888,0.44470,-0.00949,0.99790,-0.00331,-0.06392,
14100000000,-2.39918,-0.30889,0.46073,-0.00722,0.99727,-0.00318,-0.07340,
14750000000,-2.20282,-0.31400,0.47022,-0.00530,0.99891,-0.00347,-0.04624,
14800000000,-2.09707,-0.28613,0.42490,-0.00567,0.99977,-0.00364,-0.02020,
14850000000,-1.96664,-0.25454,0.38854,-0.00552,0.99998,-0.00354,-0.00033,
14900000000,-1.87873,-0.23793,0.36849,-0.00542,0.99989,-0.00342,0.01314,
15000000000,-1.77298,-0.22794,0.35632,-0.00517,0.99957,-0.00333,0.02863,
15700000000,-1.40527,-0.19287,0.39677,-0.00141,0.99991,-0.00328,0.01303,
15800000000,-1.37357,-0.19514,0.39745,-0.00025,0.99998,-0.00603,-0.00133,
15900000000,-1.35582,-0.20033,0.41647,0.00046,0.99988,-0.01300,-0.00853,
16000000000,-1.33814,-0.20782,0.43495,0.00100,0.99966,-0.02280,-0.01257,
16100000000,-1.31487,-0.21141,0.44902,0.00164,0.99929,-0.03448,-0.01478,
16200000000,-1.29176,-0.21601,0.45672,0.00210,0.99873,-0.04754,-0.01626,
16300000000,-1.26288,-0.21939,0.46373,0.00249,0.99795,-0.06142,-0.01756,
16399999999,-1.23285,-0.22539,0.46970,0.00281,0.99694,-0.07587,-0.01857,
16500000000,-1.19378,-0.23074,0.47289,0.00315,0.99570,-0.09053,-0.01953,
16600000000,-1.15478,-0.23176,0.47987,0.00359,0.99419,-0.10560,-0.02035,
16700000000,-1.11750,-0.23529,0.48717,0.00394,0.99245,-0.12080,-0.02105,
16800000000,-1.08178,-0.23855,0.49224,0.00323,0.99067,-0.13525,-0.01618,
16899999999,-1.04921,-0.24304,0.49079,0.00224,0.98930,-0.14545,-0.01154,
17050000000,-1.00680,-0.24134,0.49229,0.00176,0.98792,-0.15464,-0.00965,
17450000000,-0.91893,-0.19744,0.51290,0.00270,0.98652,-0.16302,-0.01371,
17950000000,-0.83746,-0.10303,0.56960,0.00469,0.98764,-0.15511,-0.02186,
18050000000,-0.82389,-0.09648,0.57356,0.00447,0.98909,-0.14544,-0.02279,
18150000000,-0.80833,-0.07523,0.57904,0.00422,0.99072,-0.13383,-0.02325,
18250000000,-0.79895,-0.05648,0.57836,0.00380,0.99238,-0.12087,-0.02346,
18350000000,-0.78643,-0.03114,0.57922,0.00353,0.99396,-0.10709,-0.02356,
18450000000,-0.77781,-0.00661,0.57565,0.00318,0.99541,-0.09274,-0.02358,
18500000000,-0.77762,0.00443,0.55961,0.00297,0.99606,-0.08546,-0.02349,
18600000000,-0.75685,0.03097,0.55606,0.00253,0.99723,-0.07049,-0.02359,
18700000000,-0.72220,0.05805,0.56304,0.00203,0.99819,-0.05528,-0.02375,
18800000000,-0.69739,0.08348,0.57121,0.00150,0.99892,-0.03990,-0.02379,
18900000000,-0.67466,0.11262,0.57815,0.00102,0.99942,-0.02439,-0.02379,
19000000000,-0.65875,0.14476,0.58294,0.00055,0.99968,-0.00884,-0.02375,
19100000000,-0.62841,0.17195,0.59269,0.00014,0.99970,0.00678,-0.02370,
19200000000,-0.60627,0.20410,0.59870,-0.00024,0.99947,0.02244,-0.02364,
19300000000,-0.60514,0.23633,0.59355,-0.00050,0.99900,0.03815,-0.02343,
19400000000,-0.57699,0.27183,0.59948,-0.00074,0.99828,0.05384,-0.02335,
19450000000,-0.56732,0.28508,0.59624,-0.00085,0.99782,0.06168,-0.02329,
19500000000,-0.57460,0.29034,0.58673,-0.00100,0.99731,0.06956,-0.02297,
19600000000,-0.56930,0.31625,0.58481,-0.00124,0.99610,0.08524,-0.02259,
19650000000,-0.56740,0.31106,0.56789,-0.00144,0.99541,0.09309,-0.02221,
19750000000,-0.57542,0.34798,0.57387,-0.00160,0.99383,0.10874,-0.02169,
19800000000,-0.58255,0.33105,0.56230,-0.00183,0.99298,0.11643,-0.02069,
19900000000,-0.59803,0.33221,0.54709,-0.00211,0.99159,0.12818,-0.01790,
20050000000,-0.59709,0.35967,0.53180,-0.00204,0.99018,0.13883,-0.01610,
20300000000,-0.59428,0.40618,0.51313,-0.00191,0.98901,0.14702,-0.01543,
21100000000,-0.60584,0.59726,0.52191,-0.00136,0.99010,0.13926,-0.01776,
21250000000,-0.64232,0.60728,0.53240,-0.00142,0.99136,0.12991,-0.01818,
21400000000,-0.65928,0.57866,0.52326,-0.00180,0.99265,0.11956,-0.01840,
21550000000,-0.67696,0.58179,0.52527,-0.00196,0.99390,0.10866,-0.01869,
21700000000,-0.69315,0.59760,0.52870,-0.00195,0.99506,0.09742,-0.01884,
21850000000,-0.70691,0.61028,0.52950,-0.00192,0.99607,0.08661,-0.01856,
22100000000,-0.72183,0.62916,0.51035,-0.00166,0.99683,0.07738,-0.01824,
22900000000,-0.82435,0.58695,0.48935,-0.01665,0.99703,0.07226,-0.02080,
23850000000,-0.65981,0.21767,0.46630,0.00286,0.99714,0.07245,-0.02137,
24050000000,-0.65353,0.09971,0.44271,0.01692,0.99699,0.07287,-0.02054,
25000000000,-0.67526,-0.13927,0.46949,0.03086,0.99665,0.07330,-0.01926,
25850000000,-0.66524,0.02719,0.47215,0.01783,0.99698,0.07308,-0.01939,
26450000000,-0.64580,0.30652,0.44170,0.01083,0.99712,0.07263,-0.01883,
26900000000,-0.65648,0.52177,0.42323,-0.00421,0.99721,0.07198,-0.01948,
27900000000,-0.67508,0.81975,0.42826,-0.01439,0.99713,0.07165,-0.01976,
29000000000,-0.62566,0.65622,0.66355,-0.00700,0.99721,0.07195,-0.01860,
29700000000,-0.59396,0.35450,0.80661,0.00036,0.99722,0.07238,-0.01776,
29950000000,-0.57558,0.22624,0.84686,0.01474,0.99710,0.07281,-0.01672,
31000000000,-0.55514,-0.07040,0.85242,0.02501,0.99689,0.07310,-0.01559,
32100000000,-0.58051,0.07205,0.64454,0.01593,0.99708,0.07285,-0.01618,
32700000000,-0.59852,0.31428,0.50830,0.00939,0.99717,0.07271,-0.01667,
33049999999,-0.63107,0.46373,0.45713,-0.00820,0.99718,0.07240,-0.01797,
34000000000,-0.68280,0.71101,0.48036,-0.00613,0.99729,0.07252,-0.01114,
34100000000,-0.66919,0.71734,0.48977,-0.00572,0.99735,0.07250,-0.00081,
35000000000,-0.86380,0.73685,0.49694,0.00170,0.99729,0.07243,-0.01261,
35100000000,-0.90775,0.73543,0.49037,0.00275,0.99709,0.07229,-0.02407,
36000000000,-1.12626,0.71150,0.47019,0.00480,0.99688,0.07214,-0.03162,
36150000000,-1.12990,0.71126,0.46450,0.00550,0.99649,0.07193,-0.04241,
36750000000,-1.06762,0.71681,0.47371,0.00510,0.99682,0.07204,-0.03380,
37150000000,-0.95059,0.73060,0.49294,0.00465,0.99703,0.07213,-0.02656,
37750000000,-0.67905,0.76510,0.50253,0.00414,0.99717,0.07213,-0.02101,
38000000000,-0.56364,0.78421,0.51275,0.00345,0.99732,0.07211,-0.01175,
38100000000,-0.51425,0.78831,0.51320,0.00264,0.99739,0.07209,-0.00199,
39100000000,-0.26766,0.83104,0.55272,0.00229,0.99737,0.07217,0.00648,
39950000000,-0.36839,0.81342,0.57450,0.00288,0.99738,0.07220,-0.00212,
40050000000,-0.39488,0.80410,0.56204,0.00343,0.99731,0.07217,-0.01229,
40150000000,-0.42769,0.79684,0.55962,0.00412,0.99711,0.07211,-0.02336,
42300000000,-0.65081,0.60032,0.55838,0.01292,0.99713,0.07232,-0.01812,
43500000000,-0.62568,0.49690,0.94217,0.00652,0.99721,0.07228,-0.01734,
45100000000,-0.63771,0.47961,0.63511,0.00416,0.99724,0.07227,-0.01668,
45600000000,-0.63208,0.47421,0.12463,0.00390,0.99723,0.07240,-0.01682,
55600000000,-0.64071,0.45096,0.44387,0.00375,0.99724,0.07250,-0.01577,
56350000000,-0.59855,0.47202,0.77921,0.00333,0.99724,0.07240,-0.01619,
57150000000,-0.59197,0.47075,1.15405,0.00319,0.99724,0.07234,-0.01614,
58200000000,-0.58865,0.49229,1.52186,0.00321,0.99624,0.08509,-0.01609,
58250000000,-0.58800,0.49629,1.53241,0.00288,0.99474,0.10110,-0.01620,
58300000000,-0.57633,0.50015,1.53123,0.00247,0.99231,0.12267,-0.01633,
58400000000,-0.56787,0.51192,1.56465,0.00149,0.98338,0.18077,-0.01656,
58450000000,-0.56599,0.51801,1.59100,0.00092,0.97622,0.21613,-0.01664,
58550000000,-0.56335,0.53380,1.64759,-0.00029,0.95516,0.29559,-0.01747,
58650000000,-0.56623,0.53762,1.76372,-0.00204,0.92278,0.38494,-0.01720,
58700000000,-0.56382,0.53737,1.83545,-0.00309,0.90195,0.43149,-0.01696,
58800000000,-0.55832,0.53603,2.01734,-0.00513,0.85041,0.52585,-0.01620,
58900000000,-0.55227,0.53068,2.24844,-0.00711,0.78566,0.61844,-0.01500,
59050000000,-0.54210,0.51882,2.69064,-0.00951,0.66484,0.74682,-0.01266,
59200000000,-0.52737,0.50068,3.24038,-0.01130,0.51924,0.85449,-0.00998,
59350000000,-0.49162,0.47990,3.88657,-0.01300,0.35433,0.93500,-0.00760,
59450000000,-0.45760,0.46500,4.36556,-0.01396,0.23648,0.97152,-0.00598,
59550000000,-0.41023,0.45331,4.87719,-0.01489,0.11468,0.99328,-0.00449,
59600000000,-0.38195,0.44938,5.13962,-0.01531,0.05484,0.99837,-0.00382,
59650000000,-0.35171,0.44620,5.40048,-0.01567,-0.00098,0.99987,-0.00319,
59700000000,-0.32492,0.44040,5.65770,-0.01578,-0.05026,0.99861,-0.00250,
59750000000,-0.29529,0.43507,5.90943,-0.01591,-0.09276,0.99556,-0.00190,
59800000000,-0.26410,0.42953,6.15510,-0.01602,-0.12786,0.99166,-0.00138,
59900000000,-0.19759,0.42112,6.62695,-0.01616,-0.17683,0.98411,-0.00071,
60150000000,-0.02026,0.41366,7.72028,-0.01594,-0.17808,0.98389,-0.00096,
60200000000,0.01725,0.41077,7.93474,-0.01584,-0.16071,0.98687,-0.00120,
60250000000,0.05613,0.40583,8.15276,-0.01576,-0.13947,0.99010,-0.00144,
60350000000,0.12968,0.43324,8.60972,-0.01526,-0.09179,0.99566,-0.00280,
60450000000,0.18376,0.49871,9.09703,-0.01393,-0.04673,0.99880,-0.00461,
60500000000,0.20026,0.54737,9.34715,-0.01293,-0.02787,0.99951,-0.00559,
60550000000,0.21788,0.60071,9.59926,-0.01195,-0.01242,0.99983,-0.00646,
60600000000,0.24363,0.64414,9.85194,-0.01114,-0.00079,0.99991,-0.00713,
60800000000,0.35961,0.84050,10.71435,-0.00455,0.02161,0.99863,-0.04748,
60850000000,0.38807,0.91007,10.90095,-0.00104,0.03994,0.99704,-0.06562,
60900000000,0.41954,0.98717,11.07603,0.00319,0.06656,0.99461,-0.07950,
60950000000,0.45245,1.06648,11.23722,0.00842,0.09990,0.99094,-0.08934,
61050000000,0.52415,1.23923,11.51324,0.02210,0.18173,0.97821,-0.09792,
61100000000,0.56115,1.32550,11.62957,0.02938,0.22753,0.96841,-0.09770,
61200000000,0.62420,1.48625,11.82432,0.04273,0.32462,0.94053,-0.09051,
61300000000,0.69163,1.64782,11.96653,0.05270,0.42522,0.90020,-0.07778,
61350000000,0.72335,1.73112,12.01860,0.05613,0.47543,0.87514,-0.07026,
61450000000,0.78153,1.89936,12.08542,0.05931,0.56475,0.82128,-0.05521,
61550000000,0.82009,2.06743,12.12168,0.05813,0.62695,0.77573,-0.04234,
61800000000,0.94642,2.54128,12.12725,0.04567,0.65037,0.75776,-0.02713,
61850000000,0.96717,2.64269,12.10713,0.04288,0.63825,0.76820,-0.02595,
61950000000,0.99063,2.87057,12.02554,0.03836,0.60738,0.79311,-0.02457,
62100000000,1.03301,3.22488,11.90950,0.03296,0.56205,0.82611,-0.02344,
62200000000,1.05493,3.46533,11.83158,0.03040,0.54204,0.83951,-0.02224,
62900000000,1.21320,5.31242,11.46580,0.02401,0.53415,0.84500,-0.00878,
63000000000,1.20480,5.59065,11.41212,0.02416,0.52157,0.85284,-0.00613,
63050000000,1.15352,5.73837,11.39441,0.02489,0.51292,0.85806,-0.00450,
63150000000,0.98436,6.01565,11.35406,0.02684,0.49086,0.87083,-0.00020,
63250000000,0.84283,6.26639,11.29341,0.02878,0.46177,0.88652,0.00466,
63350000000,0.73932,6.49763,11.21821,0.03091,0.42298,0.90555,0.01110,
63450000000,0.68293,6.76424,11.17129,0.02922,0.36526,0.92987,0.03285,
63550000000,0.62027,7.02476,11.13615,-0.02657,0.28504,0.95606,0.06324,
63650000000,0.56373,7.27230,11.13745,-0.04792,0.19187,0.97706,0.07903,
63700000000,0.53995,7.38738,11.15091,-0.05081,0.14149,0.98505,0.08415,
63750000000,0.51966,7.49823,11.16846,-0.05039,0.08897,0.99089,0.08764,
63800000000,0.50297,7.60526,11.18825,-0.04765,0.03471,0.99423,0.08967,
63850000000,0.49189,7.70785,11.21204,-0.04336,-0.02093,0.99474,0.09043,
63900000000,0.48229,7.80809,11.23343,-0.03790,-0.07772,0.99219,0.08995,
63950000000,0.47517,7.90333,11.25410,-0.03189,-0.13516,0.98634,0.08854,
64050000000,0.46812,8.08457,11.28936,-0.01949,-0.25080,0.96426,0.08319,
64099999999,0.46602,8.17275,11.30158,-0.01357,-0.30833,0.94786,0.07948,
64150000000,0.46574,8.25620,11.31403,-0.00812,-0.36524,0.92783,0.07532,
64250000000,0.46802,8.41497,11.33224,0.00106,-0.47587,0.87702,0.06617,
64349999999,0.47550,8.56528,11.34583,0.00774,-0.58032,0.81237,0.05667,
64500000000,0.48539,8.75500,11.35717,-0.01418,0.72087,-0.69158,-0.04321,
64599999999,0.50523,8.89411,11.36932,-0.01551,0.79762,-0.60194,-0.03505,
64750000000,0.53976,9.10507,11.38086,-0.01371,0.86653,-0.49829,-0.02557,
64900000000,0.57067,9.30028,11.37301,-0.00989,0.88983,-0.45578,-0.01921,
65050000000,0.59157,9.47658,11.36614,-0.00594,0.88203,-0.47093,-0.01476,
65150000000,0.62930,9.58056,11.37093,-0.00327,0.86588,-0.50009,-0.01271,
65300000000,0.70777,9.63284,11.36091,-0.00075,0.83746,-0.54638,-0.01107,
65450000000,0.79066,9.53138,11.33940,-0.00047,0.81513,-0.57918,-0.01048,
65849999999,0.75879,9.25735,11.33878,-0.00313,0.81358,-0.58142,-0.00589,
65950000000,0.76348,9.23910,11.33763,-0.00275,0.81916,-0.57354,-0.00499,
66800000000,0.85665,9.04702,11.35647,0.00115,0.81678,-0.57695,-0.00134,
67599999999,0.93732,8.85835,11.38486,0.00370,0.80952,-0.58709,-0.00109,
68349999999,1.05360,8.64576,11.36255,0.00870,0.80845,-0.58848,-0.00412,
68450000000,1.07823,8.59555,11.32230,0.00991,0.81469,-0.57980,-0.00454,
68650000000,1.10427,8.50260,11.30426,0.01250,0.83288,-0.55327,-0.00613,
68800000000,1.17421,8.37792,11.29960,0.01412,0.84892,-0.52828,-0.00711,
69000000000,1.24536,8.34920,11.31248,0.01768,0.87040,-0.49195,-0.00912,
69200000000,1.31609,8.33018,11.31078,0.02006,0.88904,-0.45727,-0.01060,
69450000000,1.42272,8.28756,11.30671,0.02057,0.90464,-0.42554,-0.01123,
69550000000,1.47190,8.26975,11.30428,0.02059,0.90877,-0.41663,-0.01123,
69750000000,1.58216,8.23004,11.29905,0.02053,0.91547,-0.40171,-0.01109,
69850000000,1.64352,8.20889,11.29613,0.02053,0.91873,-0.39420,-0.01101,
70050000000,1.77510,8.16675,11.28827,0.02067,0.92600,-0.37680,-0.01098,
70150000000,1.84535,8.14874,11.27978,0.02088,0.93014,-0.36644,-0.01102,
70300000000,1.95748,8.12685,11.27333,0.02255,0.93774,-0.34641,-0.01155,
70450000000,2.07859,8.09357,11.26508,0.02529,0.94818,-0.31648,-0.01263,
70600000000,2.20723,8.07419,11.26049,0.02970,0.96156,-0.27260,-0.01433,
70750000000,2.34446,8.07557,11.25051,0.03182,0.97541,-0.21754,-0.01575,
70850000000,2.44150,8.08254,11.24437,0.03122,0.98221,-0.18448,-0.01601,
71050000000,2.64885,8.11012,11.23682,0.02891,0.98880,-0.14560,-0.01517,
71750000000,3.48483,8.33544,11.18301,0.01894,0.98863,-0.14893,-0.00863,
72300000000,4.23664,8.60221,11.13378,0.01214,0.98714,-0.15927,-0.00583,
72650000000,4.74606,8.79262,11.09745,0.00962,0.98533,-0.17030,-0.00475,
72950000000,5.20335,8.95736,11.06408,0.00837,0.98339,-0.18128,-0.00415,
73300000000,5.75081,9.15260,11.02486,0.00786,0.98153,-0.19113,-0.00369,
73750000000,6.47829,9.40152,10.97129,0.00762,0.97924,-0.20253,-0.00330,
74200000000,7.24766,9.64806,10.91416,0.00825,0.97663,-0.21474,-0.00318,
75450000000,9.41210,10.41331,10.73321,0.01151,0.97462,-0.22356,-0.00330,
76250000000,10.87142,10.90712,10.60915,0.01546,0.97582,-0.21799,-0.00383,
76350000000,11.04413,10.80075,10.61810,0.01619,0.97751,-0.21023,-0.00403,
76450000000,11.23375,10.65944,10.63493,0.01682,0.97962,-0.20012,-0.00427,
76550000000,11.49629,10.52188,10.64689,0.01746,0.98191,-0.18850,-0.00481,
76750000000,11.97928,10.21095,10.66728,0.01833,0.98628,-0.16397,-0.00578,
76850000000,12.18641,10.06878,10.67330,0.01861,0.98818,-0.15207,-0.00609,
76950000000,12.39140,9.94255,10.67718,0.01880,0.98984,-0.14082,-0.00638,
77050000000,12.58188,9.86834,10.67739,0.01889,0.99125,-0.13047,-0.00659,
77150000000,12.78007,9.87116,10.66724,0.01926,0.99249,-0.12059,-0.00668,
77350000000,13.16699,9.85030,10.64672,0.01954,0.99460,-0.10167,-0.00674,
77450000000,13.35898,9.83594,10.63615,0.01956,0.99551,-0.09233,-0.00673,
77550000000,13.54929,9.81380,10.62692,0.01946,0.99634,-0.08300,-0.00668,
77650000000,13.74567,9.80440,10.61776,0.01945,0.99707,-0.07365,-0.00663,
77750000000,13.94261,9.79641,10.60880,0.01942,0.99772,-0.06432,-0.00655,
77850000000,14.14291,9.79439,10.59933,0.01942,0.99827,-0.05503,-0.00648,
77950000000,14.34909,9.80306,10.58969,0.01949,0.99874,-0.04581,-0.00643,
78100000000,14.64377,9.78713,10.58162,0.01814,0.99927,-0.03304,-0.00626,
78400000000,15.30106,9.82425,10.55165,0.00996,0.99901,-0.04313,-0.00516,
78500000000,15.50372,9.80998,10.54641,0.00672,0.99812,-0.06082,-0.00452,
78550000000,15.61567,9.78156,10.54716,0.00500,0.99742,-0.07147,-0.00426,
78650000000,15.83537,9.72285,10.54883,0.00164,0.99547,-0.09496,-0.00378,
78750000000,16.03121,9.67062,10.54866,-0.00147,0.99282,-0.11959,-0.00329,
78900000000,16.34989,9.62752,10.54236,-0.00510,0.98793,-0.15481,-0.00279,
79000000000,16.56994,9.62238,10.53313,-0.00676,0.98439,-0.17583,-0.00244,
79100000000,16.79005,9.62080,10.52362,-0.00808,0.98083,-0.19470,-0.00209,
79250000000,17.09478,9.60280,10.50972,-0.00985,0.97556,-0.21950,-0.00137,
79450000000,17.50845,9.55492,10.49366,-0.01084,0.96913,-0.24633,-0.00086,
79550000000,17.70571,9.52122,10.48662,-0.01107,0.96629,-0.25721,-0.00055,
79750000000,18.07792,9.43228,10.47443,-0.01153,0.96085,-0.27684,0.00016,
79850000000,18.24893,9.37560,10.47052,-0.01189,0.95784,-0.28706,0.00059,
80050000000,18.53225,9.23384,10.47009,-0.01320,0.95028,-0.31111,0.00169,
80150000000,18.64621,9.15154,10.47412,-0.01377,0.94534,-0.32578,0.00217,
80450000000,18.97350,8.89157,10.48263,-0.00355,0.94329,-0.33195,-0.00001,
80500000000,19.02870,8.83716,10.48966,-0.00137,0.94648,-0.32275,-0.00057,
80650000000,19.43895,8.72286,10.49187,0.00560,0.95945,-0.28179,-0.00319,
80800000000,19.84351,8.61807,10.48700,0.01113,0.97245,-0.23278,-0.00564,
80950000000,20.20692,8.52204,10.47972,0.01381,0.98153,-0.19069,-0.00715,
81150000000,20.63026,8.38698,10.47148,0.01442,0.98650,-0.16297,-0.00741,
81900000000,22.23524,7.90549,10.43735,0.01444,0.98752,-0.15673,-0.00594,
82000000000,22.42685,7.83475,10.43240,0.01521,0.98909,-0.14641,-0.00588,
82100000000,22.62681,7.75769,10.42798,0.01646,0.99109,-0.13206,-0.00595,
82200000000,22.86474,7.66358,10.42716,0.01831,0.99343,-0.11276,-0.00633,
82350000000,23.18412,7.56099,10.42508,0.02251,0.99713,-0.07195,-0.00699,
82500000000,23.57095,7.46464,10.42051,0.02349,0.99937,-0.02551,-0.00791,
82550000000,23.68908,7.44048,10.41892,0.02339,0.99962,-0.01195,-0.00809,
82650000000,23.91955,7.39677,10.41464,0.02284,0.99966,0.00922,-0.00817,
82750000000,24.15446,7.35516,10.40691,0.02195,0.99948,0.02212,-0.00799,
83250000000,25.33177,7.19334,10.38712,0.01815,0.99942,0.02812,-0.00587,
83450000000,25.78945,7.16424,10.37516,0.01768,0.99911,0.03802,-0.00524,
83550000000,25.99969,7.16739,10.36729,0.01757,0.99873,0.04697,-0.00494,
83650000000,26.19573,7.18288,10.35916,0.01756,0.99818,0.05758,-0.00463,
83750000000,26.34825,7.22405,10.35085,0.01771,0.99745,0.06897,-0.00426,
83850000000,26.48079,7.27541,10.34225,0.01792,0.99661,0.08017,-0.00391,
83950000000,26.65800,7.30112,10.33476,0.01781,0.99574,0.09044,-0.00372,
84100000000,26.97838,7.31660,10.32490,0.01759,0.99441,0.10406,-0.00354,
84250000000,27.30268,7.34063,10.31557,0.01739,0.99315,0.11552,-0.00337,
84400000000,27.63542,7.37113,10.31026,0.01715,0.99194,0.12547,-0.00316,
84550000000,27.95726,7.41554,10.30512,0.01679,0.99076,0.13456,-0.00295,
84700000000,28.24501,7.47761,10.29837,0.01644,0.98961,0.14279,-0.00261,
84900000000,28.61367,7.57386,10.28694,0.01599,0.98812,0.15283,-0.00217,
85100000000,28.93714,7.69570,10.27396,0.01568,0.98662,0.16227,-0.00165,
85300000000,29.25849,7.82414,10.25886,0.01516,0.98509,0.17137,-0.00122,
85800000000,30.13221,8.15535,10.21594,0.00936,0.98671,0.16224,-0.00104,
85950000000,30.30906,8.28576,10.19684,0.00790,0.98849,0.15109,-0.00066,
86100000000,30.51715,8.40111,10.17765,0.00653,0.99015,0.13987,-0.00036,
86250000000,30.77657,8.49993,10.16693,0.00528,0.99153,0.12978,-0.00031,
86450000000,31.13193,8.63991,10.15367,0.00402,0.99293,0.11860,-0.00024,
86650000000,31.50720,8.77064,10.14398,0.00306,0.99404,0.10893,-0.00023,
86850000000,31.90448,8.88691,10.13622,0.00240,0.99501,0.09973,-0.00026,
87100000000,32.39839,9.03101,10.12484,0.00195,0.99607,0.08856,-0.00021,
87350000000,32.90730,9.16531,10.11391,0.00162,0.99702,0.07718,-0.00016,
87550000000,33.31661,9.25586,10.10948,0.00131,0.99770,0.06781,-0.00017,
87800000000,33.81276,9.36683,10.09979,0.00177,0.99837,0.05697,-0.00007,
88300000000,34.82056,9.58893,10.07875,0.00533,0.99798,0.06330,0.00023,
88550000000,35.33318,9.67338,10.07714,0.00666,0.99737,0.07221,0.00023,
88950000000,36.12113,9.81732,10.06699,0.00779,0.99675,0.08016,0.00033,
89650000000,37.46426,10.07632,10.02633,0.00837,0.99622,0.08645,0.00069,
89950000000,38.06694,10.17327,10.01009,0.01047,0.99520,0.09733,0.00105,
90100000000,38.32777,10.21052,10.01164,0.01195,0.99386,0.11000,0.00120,
90200000000,38.53776,10.24326,10.01900,0.01291,0.99256,0.12104,0.00120,
90300000000,38.74122,10.27846,10.02592,0.01385,0.99098,0.13332,0.00122,
90400000000,38.91667,10.32187,10.02823,0.01485,0.98916,0.14606,0.00129,
90500000000,39.10988,10.37471,10.02421,0.01579,0.98718,0.15881,0.00140,
90600000000,39.29529,10.41887,10.02288,0.01660,0.98510,0.17119,0.00147,
90700000000,39.49059,10.47100,10.01788,0.01738,0.98291,0.18327,0.00156,
90800000000,39.68798,10.52940,10.01364,0.01805,0.98065,0.19494,0.00163,
90900000000,39.88869,10.59337,10.00943,0.01854,0.97837,0.20603,0.00166,
91000000000,40.08485,10.65847,10.00486,0.01887,0.97615,0.21627,0.00171,
91100000000,40.27621,10.72268,9.99979,0.01905,0.97403,0.22559,0.00181,
91200000000,40.47816,10.79097,9.99446,0.01914,0.97199,0.23424,0.00183,
91300000000,40.67150,10.86045,9.98865,0.01915,0.96999,0.24237,0.00191,
91450000000,40.95562,10.97125,9.97976,0.01914,0.96700,0.25405,0.00206,
91600000000,41.24158,11.09355,9.97179,0.01909,0.96391,0.26554,0.00218,
91750000000,41.50833,11.22570,9.96402,0.01900,0.96068,0.27699,0.00234,
91900000000,41.77538,11.36117,9.95607,0.01868,0.95750,0.28782,0.00242,
92050000000,42.02620,11.50129,9.94874,0.01829,0.95450,0.29763,0.00252,
92200000000,42.27438,11.64784,9.94173,0.01787,0.95180,0.30619,0.00261,
92400000000,42.59940,11.85333,9.93194,0.01729,0.94851,0.31626,0.00273,
92600000000,42.90580,12.06711,9.92303,0.01670,0.94546,0.32530,0.00283,
92800000000,43.20059,12.28556,9.91404,0.01601,0.94260,0.33353,0.00289,
93050000000,43.57372,12.56749,9.90182,0.01486,0.93983,0.34131,0.00285,
93550000000,44.33134,13.17368,9.86852,0.01295,0.93671,0.34986,0.00278,
94150000000,45.24953,13.96041,9.82756,0.00786,0.94006,0.34092,0.00158,
94300000000,45.45235,14.16730,9.82399,0.00634,0.94411,0.32956,0.00127,
94400000000,45.60879,14.29605,9.82306,0.00532,0.94704,0.32108,0.00101,
94500000000,45.77907,14.43007,9.82074,0.00439,0.94988,0.31259,0.00075,
94600000000,45.96918,14.57117,9.81743,0.00354,0.95255,0.30436,0.00046,
94750000000,46.23465,14.77685,9.81223,0.00248,0.95610,0.29303,0.00016,
94900000000,46.51254,14.98920,9.80645,0.00161,0.95924,0.28260,-0.00008,
95050000000,46.77565,15.18265,9.80146,0.00086,0.96218,0.27242,-0.00023,
95200000000,47.05152,15.38233,9.79485,0.00025,0.96503,0.26213,-0.00039,
95350000000,47.31925,15.57556,9.78639,-0.00022,0.96785,0.25153,-0.00044,
95500000000,47.58729,15.75888,9.77720,-0.00063,0.97061,0.24064,-0.00044,
95650000000,47.85650,15.93355,9.76842,-0.00100,0.97326,0.22972,-0.00042,
95800000000,48.12506,16.09579,9.75993,-0.00130,0.97573,0.21896,-0.00038,
95950000000,48.39243,16.24976,9.75343,-0.00126,0.97800,0.20860,-0.00028,
96350000000,49.09454,16.67623,9.72909,0.00629,0.97519,0.22128,0.00188,
96450000000,49.24158,16.72102,9.72579,0.00808,0.97196,0.23499,0.00234,
96550000000,49.40049,16.78828,9.72203,0.00984,0.96803,0.25064,0.00275,
96650000000,49.54629,16.84505,9.71765,0.01140,0.96373,0.26661,0.00314,
96700000000,49.61144,16.85900,9.71641,0.01198,0.96156,0.27431,0.00333,
96800000000,49.76394,16.93266,9.71176,0.01329,0.95721,0.28907,0.00364,
96900000000,49.91138,17.00426,9.70783,0.01442,0.95306,0.30241,0.00395,
97000000000,50.04957,17.06831,9.70449,0.01533,0.94924,0.31414,0.00426,
97100000000,50.20026,17.15070,9.70056,0.01599,0.94583,0.32423,0.00450,
97200000000,50.35139,17.23915,9.69575,0.01632,0.94291,0.33262,0.00469,
97350000000,50.58500,17.38856,9.68773,0.01658,0.93939,0.34240,0.00488,
97500000000,50.80342,17.52879,9.68002,0.01657,0.93648,0.35028,0.00512,
97700000000,51.12427,17.77255,9.66727,0.01681,0.93235,0.36114,0.00527,
97850000000,51.33668,17.94033,9.65898,0.01690,0.92872,0.37036,0.00549,
97950000000,51.48380,18.07925,9.65293,0.01717,0.92583,0.37752,0.00559,
98050000000,51.61823,18.21052,9.64480,0.01734,0.92257,0.38540,0.00576,
98150000000,51.72826,18.33738,9.63714,0.01716,0.91931,0.39313,0.00585,
98300000000,51.90624,18.52285,9.62799,0.01630,0.91560,0.40172,0.00567,
99800000000,53.75682,20.58761,9.53206,0.00900,0.91640,0.40015,0.00415,
100100000000,54.09602,21.02870,9.52599,0.00615,0.92012,0.39158,0.00319,
100200000000,54.26161,21.19190,9.52991,0.00474,0.92362,0.38326,0.00258,
100300000000,54.40514,21.35484,9.53291,0.00335,0.92798,0.37261,0.00207,
100400000000,54.57032,21.51964,9.53660,0.00189,0.93294,0.36003,0.00148,
100500000000,54.71490,21.66657,9.54365,0.00045,0.93821,0.34606,0.00096,
100600000000,54.87347,21.81460,9.54957,-0.00097,0.94349,0.33140,0.00041,
100650000000,54.97623,21.89579,9.56145,-0.00168,0.94612,0.32380,0.00003,
100750000000,55.15774,22.06114,9.56861,-0.00300,0.95113,0.30877,-0.00051,
100850000000,55.31149,22.21472,9.56607,-0.00426,0.95592,0.29359,-0.00088,
100900000000,55.39597,22.29245,9.56456,-0.00489,0.95828,0.28577,-0.00111,
101000000000,55.54980,22.44099,9.56213,-0.00601,0.96282,0.27008,-0.00140,
101050000000,55.63298,22.51516,9.56000,-0.00647,0.96501,0.26214,-0.00151,
101150000000,55.78837,22.65773,9.55714,-0.00729,0.96908,0.24662,-0.00165,
101250000000,55.94422,22.79609,9.55495,-0.00797,0.97277,0.23161,-0.00173,
101350000000,56.09588,22.92880,9.55290,-0.00854,0.97606,0.21734,-0.00172,
101450000000,56.24365,23.06561,9.54857,-0.00895,0.97899,0.20371,-0.00157,
101550000000,56.39379,23.18159,9.54672,-0.00944,0.98168,0.19032,-0.00145,
101650000000,56.54637,23.29431,9.54388,-0.00986,0.98414,0.17711,-0.00129,
101750000000,56.69803,23.39608,9.54152,-0.01026,0.98640,0.16402,-0.00112,
101850000000,56.84817,23.48894,9.53861,-0.00980,0.98841,0.15150,-0.00080,
102000000000,57.07685,23.63252,9.53303,-0.00692,0.99002,0.14074,0.00009,
102200000000,57.38609,23.82540,9.52483,-0.00185,0.98905,0.14758,0.00164,
102300000000,57.55695,23.93918,9.52045,0.00081,0.98728,0.15899,0.00234,
102400000000,57.73518,24.07617,9.51409,0.00338,0.98484,0.17338,0.00297,
102500000000,57.86325,24.12789,9.51080,0.00533,0.98208,0.18835,0.00351,
102600000000,58.00424,24.19689,9.50722,0.00718,0.97921,0.20270,0.00396,
102700000000,58.16723,24.30563,9.50198,0.00890,0.97643,0.21561,0.00430,
102800000000,58.30363,24.38017,9.49909,0.01031,0.97389,0.22672,0.00467,
102900000000,58.43696,24.45087,9.49611,0.01147,0.97169,0.23593,0.00501,
103050000000,58.65889,24.59180,9.49035,0.01247,0.96916,0.24606,0.00529,
103300000000,59.01826,24.82582,9.48014,0.01296,0.96710,0.25401,0.00564,
103650000000,59.47932,25.12766,9.46256,0.01303,0.96504,0.26172,0.00611,
103850000000,59.73641,25.30237,9.45518,0.01321,0.96275,0.26998,0.00634,
104050000000,60.00918,25.50108,9.44744,0.01325,0.95981,0.28028,0.00642,
104250000000,60.25756,25.67229,9.43947,0.01294,0.95725,0.28890,0.00647,
104550000000,60.65595,25.97069,9.42744,0.01250,0.95466,0.29736,0.00643,
104900000000,61.12004,26.33085,9.41213,0.01170,0.95245,0.30439,0.00633,
105650000000,62.08973,27.16727,9.37492,0.00982,0.95046,0.31062,0.00616,
106250000000,62.89021,27.84837,9.34231,0.00951,0.94794,0.31823,0.00624,
106700000000,63.55715,28.39430,9.32811,0.00944,0.94565,0.32500,0.00618,
107250000000,64.37391,29.09317,9.31481,0.00932,0.94343,0.33138,0.00603,
107900000000,65.29616,29.91790,9.28478,0.00900,0.94120,0.33767,0.00591,
108450000000,66.17793,30.64114,9.26505,0.00610,0.94483,0.32747,0.00497,
108650000000,66.59936,30.87096,9.27130,0.00488,0.94786,0.31863,0.00452,
108900000000,67.03974,31.15433,9.28043,0.00382,0.95110,0.30883,0.00413,
109250000000,67.59690,31.56968,9.28331,0.00295,0.95446,0.29831,0.00387,
109600000000,68.13648,31.96976,9.28803,0.00245,0.95743,0.28864,0.00372,
109950000000,68.64143,32.31567,9.28577,0.00209,0.96031,0.27892,0.00371,
110250000000,69.06765,32.56401,9.28981,0.00164,0.96260,0.27089,0.00367,
110500000000,69.40787,32.73563,9.29811,0.00101,0.96486,0.26274,0.00361,
110750000000,69.74444,32.91131,9.30678,0.00054,0.96735,0.25340,0.00361,
111050000000,70.13404,33.11666,9.31432,0.00019,0.97008,0.24276,0.00370,
111400000000,70.60941,33.37174,9.31792,0.00015,0.97250,0.23287,0.00384,
111900000000,71.30331,33.74366,9.31804,0.00045,0.97496,0.22233,0.00410,
112300000000,71.84561,33.97801,9.32221,-0.00055,0.97701,0.21315,0.00400,
112450000000,72.04063,34.02045,9.33281,-0.00322,0.97958,0.20102,0.00351,
112550000000,72.15225,34.02686,9.33875,-0.00533,0.98237,0.18685,0.00315,
112600000000,72.17570,33.98522,9.33903,-0.00661,0.98398,0.17813,0.00294,
112650000000,72.19544,33.95347,9.33571,-0.00783,0.98565,0.16862,0.00280,
112750000000,72.25826,33.92321,9.33641,-0.01011,0.98897,0.14776,0.00254,
112850000000,72.36385,33.93705,9.34084,-0.01212,0.99201,0.12554,0.00226,
112950000000,72.48785,33.96679,9.34111,-0.01392,0.99460,0.10282,0.00203,
113000000000,72.54917,33.98214,9.34151,-0.01474,0.99568,0.09164,0.00194,
113100000000,72.67349,34.01036,9.34202,-0.01630,0.99744,0.06960,0.00178,
113200000000,72.80291,34.03887,9.34260,-0.01772,0.99868,0.04818,0.00166,
113250000000,72.87371,34.05655,9.34300,-0.01833,0.99912,0.03775,0.00159,
113350000000,73.01727,34.09122,9.34332,-0.01943,0.99966,0.01725,0.00150,
113450000000,73.17012,34.12955,9.34311,-0.02031,0.99979,-0.00276,0.00146,
113500000000,73.24948,34.15088,9.34355,-0.02066,0.99971,-0.01263,0.00144,
113650000000,73.48773,34.21087,9.34355,-0.02162,0.99887,-0.04230,0.00160,
113700000000,73.56872,34.22835,9.34367,-0.02194,0.99839,-0.05223,0.00167,
113750000000,73.65493,34.24886,9.34347,-0.02221,0.99781,-0.06226,0.00172,
113850000000,73.81682,34.28208,9.34192,-0.02275,0.99632,-0.08259,0.00200,
113900000000,73.89515,34.29597,9.34108,-0.02301,0.99540,-0.09293,0.00218,
114000000000,74.04771,34.31386,9.34033,-0.02343,0.99320,-0.11398,0.00253,
114100000000,74.19602,34.32401,9.33947,-0.02296,0.99072,-0.13397,0.00279,
114200000000,74.33813,34.32292,9.33887,-0.02188,0.98835,-0.15057,0.00302,
114300000000,74.47882,34.31719,9.33820,-0.02045,0.98650,-0.16243,0.00332,
114450000000,74.67423,34.29164,9.33684,-0.01803,0.98502,-0.17147,0.00388,
115350000000,75.88055,34.04283,9.31059,-0.00576,0.98447,-0.17538,0.00575,
116100000000,76.81752,33.69690,9.29636,0.00270,0.98611,-0.16600,0.00546,
116200000000,76.98078,33.65257,9.30374,0.00427,0.98769,-0.15630,0.00509,
116300000000,77.11662,33.59690,9.31150,0.00574,0.98941,-0.14493,0.00477,
116400000000,77.22069,33.53420,9.32045,0.00727,0.99114,-0.13253,0.00454,
116500000000,77.35329,33.48058,9.32866,0.00879,0.99281,-0.11927,0.00425,
116600000000,77.46478,33.42510,9.33897,0.01043,0.99439,-0.10520,0.00402,
116700000000,77.60590,33.37442,9.34771,0.01207,0.99585,-0.09013,0.00373,
116800000000,77.75458,33.33120,9.35621,0.01394,0.99718,-0.07368,0.00339,
116850000000,77.82469,33.31187,9.36489,0.01490,0.99779,-0.06471,0.00319,
116900000000,77.88482,33.29174,9.36913,0.01604,0.99835,-0.05513,0.00302,
117000000000,77.98978,33.24992,9.37934,0.01846,0.99925,-0.03388,0.00286,
117100000000,78.11848,33.21868,9.38398,0.02061,0.99974,-0.00982,0.00241,
117200000000,78.24417,33.19376,9.38648,0.02238,0.99963,0.01508,0.00202,
117300000000,78.36490,33.16898,9.39065,0.02382,0.99893,0.03951,0.00184,
117400000000,78.48240,33.15177,9.39566,0.02516,0.99770,0.06291,0.00170,
117450000000,78.54011,33.14498,9.39800,0.02578,0.99692,0.07409,0.00167,
117600000000,78.70157,33.14346,9.40348,0.02779,0.99397,0.10607,0.00167,
117700000000,78.79058,33.16218,9.40732,0.02927,0.99153,0.12653,0.00175,
117750000000,78.82802,33.17856,9.40799,0.02977,0.99019,0.13651,0.00181,
117850000000,78.88116,33.22468,9.41054,0.03025,0.98750,0.15468,0.00192,
117950000000,78.93860,33.26970,9.41167,0.02981,0.98516,0.16904,0.00209,
118050000000,78.98542,33.32443,9.41155,0.02906,0.98336,0.17930,0.00237,
118200000000,79.07941,33.40191,9.41264,0.02721,0.98177,0.18807,0.00273,
118700000000,79.44272,33.69029,9.40653,0.02029,0.98048,0.19552,0.00366,
119100000000,79.75554,33.96326,9.40285,0.01599,0.97925,0.20199,0.00389,
119400000000,80.06274,34.15805,9.40059,0.01388,0.97830,0.20671,0.00386,
119650000000,80.37567,34.30206,9.40107,0.01316,0.97683,0.21358,0.00381,
119850000000,80.70016,34.38325,9.40501,0.01269,0.97501,0.22176,0.00366,
120000000000,80.95106,34.43278,9.40524,0.01244,0.97341,0.22869,0.00357,
120150000000,81.17151,34.48702,9.40202,0.01226,0.97177,0.23560,0.00355,
120350000000,81.42867,34.58247,9.40050,0.01217,0.96953,0.24464,0.00355,
120550000000,81.67347,34.68648,9.39867,0.01213,0.96725,0.25353,0.00357,
120750000000,81.88043,34.81387,9.38803,0.01220,0.96483,0.26257,0.00368,
120950000000,82.08672,34.94711,9.37852,0.01213,0.96237,0.27146,0.00369,
121150000000,82.28970,35.08533,9.36935,0.01201,0.95997,0.27981,0.00370,
121350000000,82.49813,35.22465,9.36547,0.01180,0.95771,0.28746,0.00368,
121550000000,82.70268,35.36752,9.35968,0.01154,0.95556,0.29454,0.00366,
121750000000,82.90641,35.51175,9.34925,0.01120,0.95356,0.30099,0.00360,
122050000000,83.20030,35.74047,9.33625,0.01008,0.95162,0.30710,0.00334,
124400000000,85.35860,37.80847,9.23649,0.00699,0.94962,0.31331,0.00287,
124900000000,85.92542,38.20812,9.22145,0.00729,0.94683,0.32162,0.00288,
125600000000,86.68365,38.74040,9.21293,0.00717,0.94414,0.32945,0.00280,
126150000000,87.26482,39.05152,9.22106,0.00829,0.94121,0.33770,0.00336,
126300000000,87.37992,39.06434,9.24412,0.01095,0.93630,0.35100,0.00455,
126400000000,87.45667,39.06357,9.26750,0.01248,0.93046,0.36614,0.00516,
126500000000,87.57976,39.09800,9.28780,0.01248,0.92405,0.38203,0.00495,
126600000000,87.70377,39.15126,9.30043,0.01157,0.91881,0.39451,0.00444,
127000000000,88.11839,39.48803,9.30977,0.00389,0.92468,0.38071,0.00233,
127050000000,88.17932,39.52238,9.31164,0.00253,0.92820,0.37208,0.00199,
127100000000,88.24844,39.57178,9.31275,0.00118,0.93201,0.36242,0.00165,
127150000000,88.29093,39.61265,9.31249,-0.00013,0.93599,0.35202,0.00144,
127200000000,88.32845,39.65549,9.31149,-0.00124,0.93996,0.34127,0.00134,
127250000000,88.38152,39.70187,9.31089,-0.00227,0.94390,0.33021,0.00121,
127300000000,88.44061,39.74939,9.30799,-0.00329,0.94774,0.31904,0.00116,
127350000000,88.48806,39.78780,9.30799,-0.00434,0.95127,0.30833,0.00125,
127400000000,88.53207,39.82556,9.30739,-0.00552,0.95454,0.29802,0.00150,
127450000000,88.58265,39.86851,9.30690,-0.00680,0.95765,0.28784,0.00182,
127500000000,88.62568,39.90638,9.30593,-0.00836,0.96062,0.27774,0.00245,
127550000000,88.66738,39.94365,9.30480,-0.01028,0.96357,0.26723,0.00337,
127600000000,88.71747,39.98479,9.30432,-0.01276,0.96673,0.25546,0.00460,
127650000000,88.76671,40.02415,9.30358,-0.01598,0.97028,0.24137,0.00644,
127700000000,88.81445,40.06114,9.30358,-0.02005,0.97439,0.22379,0.00906,
127750000000,88.86306,40.09764,9.30401,-0.02514,0.97933,0.20030,0.01273,
127800000000,88.91085,40.13228,9.30526,-0.03131,0.98486,0.16959,0.01764,
127850000000,88.95299,40.16273,9.30717,-0.03819,0.99009,0.13308,0.02348,
127900000000,88.99462,40.19147,9.31089,-0.04527,0.99432,0.09168,0.02962,
127950000000,89.03041,40.21535,9.31577,-0.05221,0.99692,0.04658,0.03552,
128000000000,89.06936,40.23873,9.32305,-0.05886,0.99743,-0.00156,0.04078,
128050000000,89.10668,40.25930,9.32434,-0.06727,0.99528,-0.05232,0.04649,
128100000000,89.14342,40.27842,9.31391,-0.07431,0.99041,-0.10514,0.05008,
128199999999,89.20350,40.30134,9.30694,-0.08034,0.97217,-0.21447,0.04939,
128300000000,89.24776,40.31024,9.32375,-0.08501,0.94056,-0.32560,0.04576,
128350000000,89.26265,40.30642,9.32348,-0.08716,0.91952,-0.38083,0.04311,
128500000000,89.30556,40.29564,9.28747,-0.08419,0.83625,-0.54099,0.03050,
128550000000,89.30882,40.28437,9.28723,-0.08178,0.80180,-0.59139,0.02632,
128699999999,89.29326,40.22815,9.29699,0.07282,-0.67980,0.72962,-0.01514,
128800000000,89.26986,40.18424,9.29074,0.06823,-0.58439,0.80854,-0.00938,
128900000000,89.24207,40.13820,9.26469,0.06127,-0.48054,0.87482,-0.00478,
129000000000,89.20257,40.08844,9.25385,0.05407,-0.38115,0.92293,-0.00247,
129050000000,89.18129,40.06603,9.24756,0.05069,-0.33825,0.93969,-0.00237,
129150000000,89.12766,40.01478,9.23487,0.04438,-0.27487,0.96045,-0.00426,
129199999999,89.09487,39.98857,9.23401,0.04128,-0.25397,0.96631,-0.00612,
129300000000,89.04291,39.94554,9.22476,0.03505,-0.22909,0.97272,-0.01050,
129400000000,88.96536,39.89327,9.21284,0.02956,-0.22027,0.97489,-0.01413,
129500000000,88.88903,39.84347,9.19782,0.02758,-0.23404,0.97183,-0.00275,
129600000000,88.79612,39.78017,9.18133,0.01903,-0.28011,0.95967,0.01469,
129699999999,88.69871,39.71119,9.16986,0.01560,-0.34995,0.93638,0.02196,
129800000000,88.59951,39.63949,9.16245,0.01479,-0.43344,0.90075,0.02389,
129850000000,88.54642,39.59402,9.15805,0.01492,-0.47788,0.87798,0.02368,
129949999999,88.44565,39.51582,9.15032,0.01515,-0.56206,0.82667,0.02178,
130050000000,88.34102,39.42732,9.14220,0.01499,-0.62903,0.77700,0.01920,
130100000000,88.29021,39.38459,9.13833,0.01460,-0.65380,0.75632,0.01783,
130199999999,88.19010,39.30347,9.13103,0.01330,-0.68609,0.72724,0.01514,
130449999999,87.95639,39.09163,9.11478,0.00876,-0.69004,0.72365,0.01015,
130500000000,87.91525,39.05611,9.11323,0.00777,-0.68307,0.73026,0.00924,
130600000000,87.83136,38.97568,9.10886,0.00608,-0.66717,0.74484,0.00759,
130699999999,87.74540,38.89747,9.10459,0.00470,-0.65290,0.75741,0.00597,
131150000000,87.34279,38.47336,9.07718,0.00141,-0.65149,0.75866,0.00080,
131250000000,87.26638,38.37291,9.07424,0.00090,-0.66085,0.75052,0.00012,
131350000000,87.18018,38.27464,9.06929,0.00042,-0.67019,0.74219,-0.00055,
131449999999,87.10011,38.17501,9.06550,-0.00002,-0.67833,0.73475,-0.00105,
131550000000,87.03741,38.07125,9.06258,-0.00046,-0.68470,0.72883,-0.00137,
131699999999,86.92944,37.91987,9.05617,-0.00096,-0.69091,0.72294,-0.00192,
132000000000,86.69575,37.62554,9.04332,-0.00176,-0.69709,0.71698,-0.00278,
132250000000,86.53335,37.37827,9.03474,-0.00236,-0.70369,0.71050,-0.00307,
132449999999,86.40701,37.18449,9.03664,0.00273,0.71088,-0.70330,0.00331,
132650000000,86.26065,36.98937,9.03432,0.00305,0.71844,-0.69557,0.00356,
132850000000,86.12031,36.79830,9.03270,0.00339,0.72587,-0.68781,0.00369,
133050000000,85.98134,36.61024,9.03043,0.00370,0.73296,-0.68025,0.00383,
133250000000,85.86150,36.42703,9.03613,0.00395,0.73959,-0.67304,0.00394,
133449999999,85.74882,36.24686,9.04519,0.00414,0.74569,-0.66626,0.00408,
133650000000,85.65664,36.07346,9.06009,0.00430,0.75134,-0.65989,0.00417,
133850000000,85.56924,35.90322,9.07550,0.00463,0.75695,-0.65344,0.00415,
134050000000,85.48000,35.73350,9.09385,0.00491,0.76309,-0.64626,0.00412,
134250000000,85.40505,35.57282,9.11440,0.00518,0.76942,-0.63871,0.00405,
134449999999,85.33180,35.41602,9.13395,0.00538,0.77544,-0.63138,0.00399,
134699999999,85.23946,35.21977,9.15469,0.00570,0.78256,-0.62253,0.00385,
134900000000,85.19562,35.07544,9.17855,0.00606,0.78833,-0.61521,0.00369,
135100000000,85.15620,34.95502,9.20478,0.00649,0.79440,-0.60735,0.00351,
135300000000,85.15757,34.83564,9.22757,0.00695,0.80060,-0.59916,0.00320,
135500000000,85.25886,34.74195,9.25077,0.00766,0.80696,-0.59054,0.00252,
135650000000,85.83941,34.93987,9.21411,0.00963,0.81183,-0.58382,0.00075,
135800000000,86.04350,34.97123,9.17232,0.01016,0.81659,-0.57712,0.00028,
136000000000,86.10116,34.83522,9.17180,0.00998,0.82260,-0.56853,0.00006,
136199999999,86.16112,34.72131,9.17074,0.01004,0.82815,-0.56042,-0.00020,
136350000000,86.21106,34.64904,9.16880,0.01033,0.83274,-0.55356,-0.00049,
136500000000,86.26170,34.55992,9.16595,0.01056,0.83797,-0.54561,-0.00078,
136650000000,86.31083,34.47405,9.16488,0.01070,0.84351,-0.53701,-0.00100,
136800000000,86.35894,34.40349,9.16372,0.01088,0.84895,-0.52836,-0.00114,
136949999999,86.40495,34.34132,9.16331,0.01094,0.85401,-0.52014,-0.00117,
137100000000,86.45355,34.27811,9.16153,0.01094,0.85850,-0.51270,-0.00115,
137300000000,86.51853,34.19847,9.15951,0.01083,0.86368,-0.50393,-0.00103,
137500000000,86.57966,34.12992,9.15746,0.01058,0.86832,-0.49588,-0.00076,
137700000000,86.65793,34.03108,9.15500,0.01030,0.87262,-0.48828,-0.00063,
137950000000,86.75198,33.91769,9.15476,0.00980,0.87757,-0.47935,-0.00040,
138200000000,86.84947,33.80660,9.15671,0.00926,0.88192,-0.47130,-0.00018,
138500000000,86.96325,33.67994,9.16021,0.00854,0.88636,-0.46291,0.00013,
138800000000,87.07431,33.54948,9.16269,0.00777,0.89010,-0.45570,0.00045,
139200000000,87.21020,33.40562,9.16169,0.00693,0.89429,-0.44743,0.00094,
139650000000,87.35090,33.23317,9.16543,0.00594,0.89812,-0.43971,0.00138,
140200000000,87.48689,33.07775,9.16355,0.00499,0.90160,-0.43255,0.00185,
140800000000,87.67741,32.84902,9.16837,0.00416,0.90458,-0.42628,0.00181,
141650000000,87.91935,32.49959,9.17723,0.00311,0.90752,-0.41999,0.00158,
142350000000,88.14294,32.19530,9.18196,0.00254,0.90910,-0.41656,0.00100,
143400000000,88.46667,31.80214,9.18449,0.00230,0.91057,-0.41335,0.00046,
144200000000,88.71573,31.50909,9.18832,0.00215,0.91122,-0.41191,-0.00010,
144900000000,88.92636,31.23674,9.18250,0.00174,0.91158,-0.41112,-0.00056,
145650000000,89.11884,31.04920,9.17876,0.00132,0.90917,-0.41642,-0.00038,
146100000000,89.21797,30.91809,9.18176,0.00093,0.90658,-0.42203,-0.00048,
146500000000,89.29241,30.79234,9.19362,0.00044,0.90491,-0.42561,-0.00068,
147000000000,89.39272,30.65289,9.19170,0.00044,0.90281,-0.43004,-0.00099,
147750000000,89.58783,30.38412,9.18920,0.00077,0.90024,-0.43539,-0.00109,
148300000000,89.70865,30.22136,9.18589,0.00109,0.89878,-0.43841,-0.00143,
148750000000,89.82739,30.05876,9.17451,0.00127,0.89784,-0.44032,-0.00167,
149300000000,89.96335,29.91532,9.16579,0.00277,0.90007,-0.43573,-0.00245,
149800000000,90.11033,29.77308,9.16522,0.00369,0.90310,-0.42940,-0.00290,
150400000000,90.25640,29.63393,9.16412,0.00399,0.90571,-0.42388,-0.00283,
150850000000,90.39126,29.49804,9.15705,0.00398,0.90758,-0.41984,-0.00273,
151350000000,90.55328,29.31823,9.15519,0.00375,0.90930,-0.41612,-0.00257,
152100000000,90.75819,29.11568,9.16395,0.00341,0.91123,-0.41187,-0.00229,
152550000000,90.92391,28.92367,9.16169,0.00319,0.91215,-0.40983,-0.00208,
152900000000,91.00939,28.80610,9.16251,0.00284,0.91278,-0.40843,-0.00199,
153250000000,91.09480,28.70141,9.16505,0.00260,0.91331,-0.40726,-0.00198,
153800000000,91.25293,28.50545,9.16112,0.00235,0.91392,-0.40588,-0.00192,
154400000000,91.40655,28.33384,9.15155,0.00235,0.91441,-0.40479,-0.00180,
154700000000,91.48426,28.25232,9.14701,0.00241,0.91461,-0.40432,-0.00188,
155050000000,91.58964,28.13175,9.14057,0.00238,0.91481,-0.40388,-0.00195,
155500000000,91.70859,28.00124,9.13455,0.00237,0.91500,-0.40344,-0.00190,
156250000000,91.90327,27.80468,9.13733,0.00252,0.91521,-0.40297,-0.00173,
157400000000,92.20348,27.50484,9.12845,0.00261,0.91533,-0.40270,-0.00157,
157900000000,92.33583,27.37763,9.13397,0.00268,0.91533,-0.40269,-0.00158,
158700000000,92.53916,27.14879,9.13936,0.00248,0.91532,-0.40272,-0.00153,
159150000000,92.66103,26.99384,9.11999,0.00240,0.91532,-0.40271,-0.00147,
159900000000,92.85084,26.80121,9.12669,0.00243,0.91529,-0.40280,-0.00146,
160650000000,93.04214,26.59930,9.12390,0.00242,0.91524,-0.40289,-0.00150,
161650000000,93.28233,26.34533,9.12873,0.00250,0.91518,-0.40305,-0.00152,
162200000000,93.42221,26.15765,9.10953,0.00235,0.91514,-0.40313,-0.00152,
162800000000,93.56675,25.99608,9.10962,0.00241,0.91506,-0.40331,-0.00157,
164450000000,93.93107,25.60948,9.12974,0.00242,0.91484,-0.40381,-0.00155,
165500000000,94.15402,25.37795,9.12661,0.00251,0.91472,-0.40407,-0.00158,
166500000000,94.36239,25.12330,9.12427,0.00231,0.91469,-0.40415,-0.00160,
169700000000,95.03076,24.42359,9.10952,0.00259,0.91435,-0.40490,-0.00170,
172250000000,95.58352,23.80492,9.10434,0.00253,0.91419,-0.40529,-0.00161,
175000000000,96.14107,23.18758,9.11935,0.00244,0.91414,-0.40538,-0.00154,
177800000000,96.76313,22.49432,9.12149,0.00244,0.91414,-0.40539,-0.00153,
180750000000,97.39520,21.80823,9.12064,0.00246,0.91411,-0.40545,-0.00151,
183300000000,97.97659,21.18735,9.13817,0.00239,0.91410,-0.40549,-0.00153,
186450000000,98.58786,20.52482,9.14918,0.00235,0.91410,-0.40548,-0.00154,
188500000000,98.94051,20.13772,9.15410,0.00161,0.91243,-0.40922,-0.00121,
189050000000,99.05853,19.97857,9.15077,0.00095,0.90897,-0.41686,-0.00088,
189500000000,99.08750,19.92657,9.14311,0.00017,0.90515,-0.42509,-0.00052,
189850000000,99.21196,19.76664,9.14724,-0.00021,0.90149,-0.43281,-0.00033,
190200000000,99.36675,19.57195,9.15230,-0.00084,0.89725,-0.44152,-0.00002,
190450000000,99.48733,19.41988,9.15362,-0.00126,0.89324,-0.44958,0.00018,
190700000000,99.57674,19.28928,9.15290,-0.00158,0.88910,-0.45770,0.00033,
190950000000,99.63492,19.19593,9.14895,-0.00172,0.88541,-0.46480,0.00042,
191300000000,99.72608,19.04793,9.14630,-0.00161,0.88089,-0.47333,0.00043,
191650000000,99.81127,18.90582,9.14426,-0.00151,0.87661,-0.48119,0.00046,
191950000000,99.88022,18.79607,9.14125,-0.00163,0.87167,-0.49009,0.00058,
192200000000,99.92852,18.72513,9.13852,-0.00161,0.86697,-0.49836,0.00064,
192450000000,99.97641,18.64748,9.13690,-0.00150,0.86267,-0.50576,0.00066,
192750000000,100.03754,18.53091,9.13638,-0.00133,0.85841,-0.51296,0.00063,
193150000000,100.11578,18.36696,9.13685,-0.00094,0.85345,-0.52118,0.00047,
193550000000,100.18380,18.21839,9.13794,-0.00045,0.84907,-0.52828,0.00025,
194050000000,100.25505,18.06064,9.13965,0.00021,0.84455,-0.53547,-0.00012,
194750000000,100.37567,17.80764,9.13742,0.00113,0.83964,-0.54314,-0.00062,
195700000000,100.52772,17.53973,9.13993,0.00223,0.83510,-0.55009,-0.00128,
197150000000,100.76989,17.03492,9.15145,0.00284,0.83124,-0.55590,-0.00184,
199350000000,101.13879,16.19341,9.17165,0.00282,0.82897,-0.55928,-0.00210,
202250000000,101.56151,15.15805,9.18536,0.00254,0.82829,-0.56029,-0.00205,
205250000000,102.02454,14.03630,9.20450,0.00235,0.82834,-0.56021,-0.00202,
207300000000,102.35271,13.18545,9.21103,0.00020,0.82568,-0.56414,-0.00059,
207400000000,102.38093,13.07153,9.20726,-0.00146,0.82064,-0.57145,0.00069,
207500000000,102.42389,12.92755,9.20301,-0.00318,0.81254,-0.58289,0.00205,
207550000000,102.47303,12.77143,9.20137,-0.00404,0.80739,-0.58999,0.00271,
207600000000,102.50446,12.67184,9.20063,-0.00490,0.80158,-0.59786,0.00335,
207650000000,102.52518,12.59291,9.20047,-0.00579,0.79528,-0.60620,0.00401,
207700000000,102.55254,12.48051,9.20472,-0.00670,0.78856,-0.61491,0.00465,
207750000000,102.56884,12.39948,9.20504,-0.00759,0.78154,-0.62379,0.00531,
207800000000,102.56601,12.35135,9.20570,-0.00843,0.77432,-0.63271,0.00595,
207850000000,102.56396,12.32391,9.20396,-0.00917,0.76697,-0.64158,0.00656,
207900000000,102.56117,12.29380,9.20185,-0.00988,0.75959,-0.65029,0.00716,
207950000000,102.55767,12.26611,9.20051,-0.01055,0.75223,-0.65877,0.00774,
208000000000,102.55252,12.23984,9.19921,-0.01120,0.74493,-0.66699,0.00830,
208050000000,102.54657,12.21610,9.19856,-0.01179,0.73771,-0.67495,0.00885,
208100000000,102.53890,12.19235,9.19809,-0.01237,0.73056,-0.68268,0.00939,
208150000000,102.53000,12.16989,9.19767,-0.01290,0.72346,-0.69018,0.00990,
208200000000,102.51867,12.14978,9.19740,-0.01341,0.71641,-0.69747,0.01043,
208250000000,102.50491,12.13268,9.19722,-0.01389,0.70938,-0.70461,0.01096,
208300000000,102.49066,12.11466,9.19730,0.01432,-0.70233,0.71161,-0.01148,
208400000000,102.46862,12.06811,9.19695,0.01510,-0.68817,0.72529,-0.01238,
208450000000,102.45825,12.04143,9.19638,0.01547,-0.68095,0.73206,-0.01285,
208500000000,102.44747,12.01271,9.19607,0.01582,-0.67355,0.73885,-0.01330,
208550000000,102.43228,11.98732,9.19661,0.01618,-0.66591,0.74573,-0.01377,
208600000000,102.41729,11.96141,9.19682,0.01650,-0.65805,0.75266,-0.01424,
208650000000,102.40206,11.93350,9.19699,0.01680,-0.65001,0.75960,-0.01469,
208700000000,102.38648,11.90528,9.19662,0.01708,-0.64175,0.76658,-0.01515,
208750000000,102.37059,11.87543,9.19623,0.01734,-0.63324,0.77360,-0.01560,
208800000000,102.35402,11.84448,9.19533,0.01758,-0.62450,0.78066,-0.01605,
208850000000,102.33462,11.81284,9.19553,0.01785,-0.61539,0.78785,-0.01648,
208900000000,102.31456,11.78334,9.19543,0.01809,-0.60609,0.79501,-0.01693,
208950000000,102.29374,11.75224,9.19565,0.01832,-0.59652,0.80220,-0.01738,
209000000000,102.27099,11.72250,9.19575,0.01854,-0.58670,0.80939,-0.01785,
209050000000,102.24802,11.69166,9.19556,0.01874,-0.57665,0.81657,-0.01831,
209100000000,102.22245,11.66111,9.19591,0.01895,-0.56630,0.82376,-0.01879,
209150000000,102.19517,11.63314,9.19605,0.01914,-0.55575,0.83091,-0.01929,
209200000000,102.16692,11.60552,9.19630,0.01930,-0.54498,0.83800,-0.01978,
209250000000,102.13755,11.57665,9.19648,0.01944,-0.53400,0.84502,-0.02027,
209300000000,102.10570,11.54873,9.19712,0.01959,-0.52280,0.85198,-0.02079,
209400000000,102.03793,11.49713,9.19834,0.01961,-0.50010,0.86548,-0.02146,
209450000000,102.00167,11.47283,9.19891,0.01931,-0.48930,0.87164,-0.02129,
209550000000,101.92620,11.42025,9.20022,0.01829,-0.47097,0.88173,-0.02038,
209600000000,101.88551,11.39660,9.20101,0.01763,-0.46368,0.88561,-0.01981,
209700000000,101.80289,11.34583,9.20144,0.01610,-0.45387,0.89073,-0.01848,
210350000000,101.15983,11.06207,9.19788,0.00735,-0.44925,0.89330,-0.01145,
210600000000,100.87779,10.95254,9.19706,0.00544,-0.43977,0.89804,-0.00961,
210800000000,100.64437,10.84872,9.19776,0.00431,-0.43101,0.90230,-0.00835,
211050000000,100.34598,10.71860,9.19824,0.00320,-0.42256,0.90630,-0.00709,
211500000000,99.79036,10.49393,9.20835,0.00184,-0.41364,0.91042,-0.00534,
212000000000,99.16070,10.20991,9.22949,0.00098,-0.40446,0.91455,-0.00385,
212600000000,98.39498,9.86400,9.24171,0.00035,-0.39527,0.91856,-0.00260,
213450000000,97.32597,9.37416,9.26192,-0.00019,-0.38646,0.92231,-0.00126,
214800000000,95.68075,8.61523,9.27321,-0.00117,-0.38929,0.92111,0.00135,
215250000000,95.31088,8.15268,9.32841,-0.00164,-0.39659,0.91799,0.00282,
215550000000,95.28495,7.75889,9.36514,-0.00230,-0.40370,0.91488,0.00425,
215800000000,95.38633,7.46736,9.37688,-0.00291,-0.41155,0.91137,0.00541,
216000000000,95.70579,7.25439,9.36702,-0.00357,-0.41841,0.90823,0.00640,
216250000000,96.16512,7.06867,9.35222,-0.00431,-0.42613,0.90462,0.00738,
216500000000,96.45057,6.87103,9.32885,-0.00462,-0.43278,0.90145,0.00799,
216800000000,96.30105,6.55763,9.33139,-0.00439,-0.43986,0.89802,0.00811,
217100000000,96.07164,6.23803,9.33608,-0.00408,-0.44640,0.89479,0.00808,
217450000000,95.80930,5.88772,9.33508,-0.00366,-0.45317,0.89138,0.00779,
218800000000,95.20046,4.65150,9.34297,-0.00198,-0.45104,0.89249,0.00451,
219300000000,94.88810,4.17606,9.35846,-0.00121,-0.44179,0.89711,0.00292,
219650000000,94.59727,3.85562,9.36711,-0.00071,-0.43289,0.90145,0.00207,
220150000000,94.21120,3.39852,9.37411,-0.00027,-0.42262,0.90630,0.00144,
220750000000,93.78333,2.90873,9.38304,-0.00001,-0.41175,0.91129,0.00112,
221350000000,93.35360,2.45984,9.39198,0.00003,-0.40279,0.91529,0.00108,
222250000000,92.73606,1.76693,9.40374,-0.00001,-0.39341,0.91936,0.00145,
223300000000,91.98217,0.92781,9.42234,-0.00004,-0.38671,0.92220,0.00196,
224450000000,91.05005,0.00234,9.41012,0.00018,-0.38263,0.92390,0.00224,
225800000000,90.01263,-0.85779,9.41860,0.00038,-0.38024,0.92488,0.00216,
226900000000,89.08694,-1.60702,9.40401,0.00058,-0.37925,0.92529,0.00205,
228250000000,88.31181,-2.28140,9.42032,0.00047,-0.37860,0.92556,0.00192,
229000000000,87.83879,-2.76876,9.43631,0.00048,-0.37838,0.92565,0.00221,
230300000000,86.92542,-3.64623,9.44373,0.00059,-0.37809,0.92577,0.00214,
231200000000,86.37280,-4.20437,9.44766,0.00066,-0.37779,0.92589,0.00219,
232850000000,85.32598,-5.22569,9.46495,0.00082,-0.37746,0.92603,0.00200,
233800000000,84.79509,-5.74766,9.49320,0.00087,-0.37735,0.92607,0.00195,
234850000000,84.06975,-6.43560,9.50841,0.00097,-0.37726,0.92611,0.00187,
236100000000,83.16402,-7.30981,9.50426,0.00092,-0.37728,0.92610,0.00188,
237200000000,82.44251,-7.99478,9.50137,0.00097,-0.37737,0.92606,0.00181,
238800000000,81.38322,-9.04194,9.53488,0.00096,-0.37711,0.92616,0.00193,
240200000000,80.44246,-9.94907,9.55421,0.00101,-0.37720,0.92613,0.00201,
241950000000,79.30301,-11.06286,9.56191,0.00126,-0.37108,0.92860,0.00151,
243550000000,78.25029,-12.06828,9.56235,0.00118,-0.36614,0.93056,0.00166,
246050000000,76.50931,-13.66791,9.55415,0.00106,-0.36308,0.93175,0.00187,
248550000000,74.77833,-15.25143,9.56039,0.00118,-0.36235,0.93204,0.00198,
250800000000,73.15752,-16.70732,9.55856,0.00132,-0.36033,0.93282,0.00141,
251350000000,72.77571,-17.03624,9.55473,0.00165,-0.35127,0.93627,0.00067,
252050000000,72.34210,-17.40969,9.56218,0.00172,-0.34289,0.93937,0.00037,
252900000000,71.71947,-17.93400,9.56747,0.00171,-0.33456,0.94237,0.00057,
254250000000,70.80581,-18.70338,9.56251,0.00138,-0.32620,0.94530,0.00125,
255050000000,70.32292,-19.09402,9.56965,0.00075,-0.33443,0.94242,0.00292,
255650000000,69.97057,-19.38533,9.58000,0.00058,-0.34195,0.93971,0.00359,
256399999999,69.40224,-19.85880,9.57581,0.00062,-0.34964,0.93688,0.00358,
257350000000,68.67140,-20.49405,9.57593,0.00078,-0.35684,0.93416,0.00325,
258649999999,67.73348,-21.33183,9.58012,0.00099,-0.36256,0.93196,0.00262,
260450000000,66.45244,-22.50498,9.58470,0.00116,-0.36607,0.93058,0.00212,
262649999999,64.98457,-23.87902,9.58852,0.00129,-0.36737,0.93007,0.00182,
265149999999,63.29335,-25.42412,9.58335,0.00127,-0.36759,0.92999,0.00172,
267149999999,61.85268,-26.77717,9.62074,0.00122,-0.36748,0.93003,0.00191,
269250000000,60.34128,-28.21232,9.59276,0.00135,-0.36751,0.93002,0.00189,
271000000000,59.01577,-29.41706,9.58506,0.00149,-0.36761,0.92998,0.00179,
272300000000,58.20950,-30.19880,9.61104,0.00147,-0.36746,0.93004,0.00205,
273850000000,57.03369,-31.35993,9.60224,0.00144,-0.36743,0.93005,0.00226,
275600000000,56.02844,-32.30972,9.53956,0.00116,-0.36733,0.93009,0.00197,
276800000000,55.22490,-33.13255,9.48530,0.00115,-0.36710,0.93018,0.00200,
278050000000,54.50852,-33.87267,9.44588,0.00109,-0.36710,0.93018,0.00204,
279150000000,53.83162,-34.58059,9.43503,0.00109,-0.36690,0.93026,0.00215,
280250000000,53.01592,-35.41569,9.42090,0.00109,-0.36673,0.93033,0.00225,
281600000000,52.03991,-36.29048,9.39356,0.00109,-0.36676,0.93031,0.00185,
282450000000,51.52922,-36.78367,9.40082,0.00110,-0.36653,0.93040,0.00190,
283900000000,50.35561,-37.81768,9.41749,0.00107,-0.36683,0.93028,0.00178,
284600000000,49.81815,-38.35586,9.41776,0.00103,-0.36667,0.93035,0.00197,
285600000000,49.22163,-38.92000,9.42440,0.00098,-0.36659,0.93038,0.00201,
286450000000,48.53043,-39.58271,9.42931,0.00095,-0.36672,0.93033,0.00216,
287550000000,47.76651,-40.24966,9.44221,0.00106,-0.36649,0.93042,0.00191,
288500000000,47.10837,-40.83434,9.45412,0.00107,-0.36668,0.93035,0.00183,
289350000000,46.45860,-41.40984,9.47268,0.00113,-0.36665,0.93035,0.00186,
290450000000,45.84725,-41.99059,9.47257,0.00110,-0.36636,0.93047,0.00188,
291100000000,45.39118,-42.42236,9.46543,0.00110,-0.36657,0.93039,0.00202,
292050000000,44.85235,-42.93524,9.44143,0.00110,-0.36638,0.93046,0.00196,
292900000000,44.27196,-43.50078,9.45679,0.00121,-0.36626,0.93051,0.00209,
293900000000,43.62694,-44.09817,9.45606,0.00120,-0.36660,0.93038,0.00199,
294700000000,43.11154,-44.59214,9.47703,0.00123,-0.36641,0.93045,0.00197,
295200000000,42.73538,-44.93635,9.46843,0.00122,-0.36635,0.93047,0.00195,
297150000000,41.38266,-46.20195,9.47242,0.00123,-0.36642,0.93045,0.00191,
298300000000,40.61053,-46.92204,9.47780,0.00119,-0.36625,0.93051,0.00182,
299900000000,39.63100,-47.87896,9.51883,0.00161,-0.36129,0.93245,0.00113,
300400000000,39.29512,-48.20279,9.53181,0.00191,-0.35291,0.93565,0.00052,
300800000000,39.00328,-48.45522,9.53712,0.00228,-0.34409,0.93893,-0.00034,
301100000000,38.79330,-48.62721,9.54213,0.00251,-0.33554,0.94202,-0.00079,
301400000000,38.56791,-48.81688,9.53597,0.00266,-0.32721,0.94495,-0.00128,
301700000000,38.35522,-49.00987,9.53360,0.00280,-0.31712,0.94838,-0.00176,
301950000000,38.18417,-49.16117,9.53100,0.00291,-0.30697,0.95171,-0.00221,
302150000000,37.99088,-49.30119,9.53217,0.00306,-0.29803,0.95455,-0.00271,
302350000000,37.79094,-49.43904,9.53034,0.00319,-0.28851,0.95747,-0.00317,
302550000000,37.63378,-49.53931,9.52678,0.00326,-0.27871,0.96036,-0.00360,
302750000000,37.47364,-49.63262,9.52199,0.00332,-0.26869,0.96321,-0.00399,
302950000000,37.30637,-49.72502,9.52045,0.00339,-0.25830,0.96605,-0.00443,
303100000000,37.20874,-49.77032,9.51787,0.00338,-0.25017,0.96818,-0.00474,
303250000000,37.08386,-49.82826,9.51521,0.00340,-0.24160,0.97036,-0.00510,
303400000000,36.94397,-49.89415,9.51417,0.00344,-0.23267,0.97253,-0.00537,
303550000000,36.80190,-49.96006,9.51218,0.00350,-0.22358,0.97466,-0.00564,
303700000000,36.71185,-50.00149,9.50972,0.00342,-0.21430,0.97675,-0.00589,
303850000000,36.57536,-50.06951,9.50652,0.00340,-0.20470,0.97880,-0.00609,
304000000000,36.42261,-50.14345,9.50420,0.00338,-0.19502,0.98077,-0.00620,
304150000000,36.28091,-50.20785,9.50154,0.00332,-0.18555,0.98261,-0.00627,
304300000000,36.14881,-50.26457,9.49887,0.00324,-0.17615,0.98434,-0.00641,
304450000000,36.00873,-50.31969,9.49679,0.00316,-0.16638,0.98603,-0.00656,
304600000000,35.87676,-50.36461,9.49505,0.00306,-0.15633,0.98768,-0.00668,
304750000000,35.72245,-50.41153,9.49445,0.00300,-0.14639,0.98920,-0.00675,
304900000000,35.57090,-50.45090,9.49345,0.00291,-0.13690,0.99056,-0.00676,
305050000000,35.43299,-50.47594,9.49199,0.00277,-0.12811,0.99173,-0.00671,
305200000000,35.28622,-50.49754,9.48895,0.00263,-0.11987,0.99276,-0.00676,
305350000000,35.19042,-50.49923,9.48538,0.00238,-0.11157,0.99373,-0.00683,
305550000000,34.98399,-50.52882,9.48002,0.00225,-0.09988,0.99497,-0.00684,
305750000000,34.78992,-50.55084,9.47578,0.00210,-0.08816,0.99608,-0.00670,
305950000000,34.60486,-50.57500,9.47123,0.00191,-0.07733,0.99698,-0.00640,
306150000000,34.40628,-50.60510,9.46754,0.00173,-0.06776,0.99768,-0.00600,
306400000000,34.13724,-50.63784,9.46134,0.00155,-0.05741,0.99833,-0.00549,
306650000000,33.89008,-50.66577,9.45713,0.00132,-0.04847,0.99881,-0.00485,
306950000000,33.58121,-50.69387,9.45455,0.00111,-0.03879,0.99924,-0.00421,
307250000000,33.30288,-50.71306,9.45565,0.00091,-0.02765,0.99961,-0.00392,
307500000000,33.08799,-50.73110,9.45683,0.00074,-0.01780,0.99983,-0.00359,
307750000000,32.84111,-50.74349,9.45873,0.00063,-0.00887,0.99996,-0.00329,
308050000000,32.47249,-50.74998,9.45964,0.00065,0.00035,1.00000,-0.00299,
308400000000,32.13905,-50.74130,9.46012,0.00052,0.00973,0.99995,-0.00254,
308850000000,31.68901,-50.72502,9.46236,0.00043,0.01988,0.99980,-0.00189,
309350000000,31.14852,-50.70885,9.46553,0.00049,0.02919,0.99957,-0.00115,
309900000000,30.59662,-50.67565,9.46504,0.00048,0.03736,0.99930,-0.00048,
310750000000,29.82814,-50.62753,9.46593,0.00039,0.04568,0.99896,0.00057,
312700000000,28.04633,-50.47389,9.47720,0.00044,0.05164,0.99866,0.00123,
313200000000,27.50778,-50.42193,9.48796,0.00043,0.06122,0.99812,0.00012,
313500000000,27.12789,-50.36501,9.49419,0.00044,0.07022,0.99753,-0.00095,
313750000000,26.81819,-50.31595,9.49888,0.00042,0.07982,0.99681,-0.00183,
313950000000,26.55648,-50.27176,9.50304,0.00042,0.08867,0.99606,-0.00257,
314150000000,26.26888,-50.21626,9.50380,0.00042,0.09843,0.99514,-0.00339,
314350000000,26.03270,-50.17073,9.50287,0.00041,0.10919,0.99401,-0.00412,
314500000000,25.80753,-50.11768,9.50261,0.00042,0.11783,0.99302,-0.00477,
314650000000,25.57398,-50.06206,9.49822,0.00041,0.12711,0.99187,-0.00536,
314800000000,25.39468,-50.01044,9.49456,0.00036,0.13688,0.99057,-0.00592,
314950000000,25.26035,-49.97535,9.49288,0.00025,0.14704,0.98911,-0.00640,
315100000000,25.14147,-49.94642,9.49171,0.00011,0.15749,0.98750,-0.00675,
315250000000,24.99041,-49.90816,9.48968,-0.00001,0.16805,0.98575,-0.00713,
315400000000,24.85987,-49.87534,9.48619,-0.00016,0.17880,0.98386,-0.00744,
315550000000,24.69825,-49.82787,9.48556,-0.00024,0.18968,0.98182,-0.00771,
315700000000,24.53694,-49.77440,9.48565,-0.00031,0.20046,0.97967,-0.00789,
315850000000,24.39943,-49.72475,9.48486,-0.00041,0.21073,0.97751,-0.00792,
316000000000,24.26761,-49.67147,9.48486,-0.00056,0.22045,0.97536,-0.00803,
316150000000,24.13069,-49.61478,9.48421,-0.00074,0.23054,0.97303,-0.00826,
316300000000,23.95792,-49.52899,9.48130,-0.00084,0.24148,0.97037,-0.00857,
316450000000,23.84605,-49.46416,9.48196,-0.00104,0.25279,0.96748,-0.00869,
316600000000,23.73588,-49.38958,9.48342,-0.00118,0.26399,0.96448,-0.00873,
316900000000,23.53064,-49.23722,9.48477,-0.00143,0.28370,0.95887,-0.00843,
317100000000,23.36914,-49.11817,9.48360,-0.00148,0.29470,0.95555,-0.00811,
317300000000,23.25329,-49.02294,9.48230,-0.00158,0.30424,0.95257,-0.00761,
317550000000,23.04743,-48.85769,9.48046,-0.00152,0.31502,0.94906,-0.00704,
317800000000,22.83720,-48.68957,9.48113,-0.00135,0.32473,0.94579,-0.00634,
318100000000,22.56309,-48.47621,9.48057,-0.00107,0.33487,0.94225,-0.00546,
318450000000,22.25901,-48.22196,9.48290,-0.00073,0.34473,0.93869,-0.00449,
318850000000,21.96564,-47.96417,9.48151,-0.00051,0.35380,0.93531,-0.00344,
319300000000,21.62229,-47.64139,9.47260,-0.00033,0.36205,0.93215,-0.00250,
319850000000,21.21585,-47.26184,9.47634,-0.00005,0.36946,0.92925,-0.00148,
320600000000,20.65478,-46.72727,9.47751,0.00034,0.37712,0.92616,-0.00044,
321300000000,20.20600,-46.30816,9.47866,0.00060,0.38185,0.92423,0.00032,
322200000000,19.58723,-45.75866,9.48389,0.00093,0.38576,0.92260,0.00107,
324400000000,18.02484,-44.23570,9.51249,0.00142,0.38972,0.92093,0.00155,
326600000000,16.23683,-42.46035,9.55613,0.00183,0.39050,0.92060,0.00133,
329000000000,14.33148,-40.51799,9.60611,0.00221,0.39019,0.92073,0.00087,
331450000000,12.26638,-38.38639,9.64226,0.00251,0.39011,0.92076,0.00053,
333900000000,10.18935,-36.29078,9.65297,0.00278,0.38994,0.92084,0.00038,
336400000000,8.06035,-34.10741,9.64522,0.00282,0.38978,0.92090,0.00032,
339000000000,5.78471,-31.83157,9.65696,0.00286,0.38962,0.92097,0.00039,
340200000000,4.66606,-30.70675,9.70555,0.00246,0.39818,0.91730,-0.00057,
340700000000,4.03672,-30.01937,9.71324,0.00216,0.40641,0.91369,-0.00138,
341050000000,3.59345,-29.54127,9.70967,0.00197,0.41516,0.90975,-0.00196,
341350000000,3.34675,-29.25296,9.70288,0.00191,0.42267,0.90628,-0.00241,
341650000000,3.08260,-28.94651,9.67537,0.00158,0.43144,0.90214,-0.00301,
341900000000,2.82879,-28.65350,9.65494,0.00138,0.44062,0.89769,-0.00342,
342150000000,2.60306,-28.36150,9.64038,0.00124,0.44978,0.89313,-0.00368,
342450000000,2.36285,-28.03806,9.63361,0.00120,0.45924,0.88830,-0.00377,
342750000000,2.17127,-27.75692,9.63066,0.00107,0.46805,0.88369,-0.00396,
343000000000,2.00010,-27.49995,9.62963,0.00088,0.47685,0.87897,-0.00416,
343250000000,1.84170,-27.26975,9.62517,0.00074,0.48591,0.87400,-0.00418,
343500000000,1.65637,-26.99224,9.62562,0.00073,0.49405,0.86942,-0.00410,
343800000000,1.46283,-26.70532,9.62551,0.00076,0.50191,0.86491,-0.00383,
344150000000,1.20801,-26.30332,9.62731,0.00087,0.50960,0.86040,-0.00348,
344500000000,1.00123,-25.92675,9.63290,0.00098,0.51644,0.85632,-0.00311,
344950000000,0.74758,-25.43890,9.63454,0.00115,0.52345,0.85205,-0.00262,
345600000000,0.38006,-24.70194,9.62436,0.00143,0.53116,0.84727,-0.00195,
346500000000,-0.12783,-23.72126,9.61920,0.00338,0.52499,0.85110,0.00129,
346650000000,-0.21520,-23.56925,9.61830,0.00390,0.51669,0.85616,0.00217,
346800000000,-0.30370,-23.40778,9.61966,0.00428,0.50824,0.86120,0.00283,
346950000000,-0.42464,-23.18999,9.61928,0.00461,0.50060,0.86566,0.00333,
347350000000,-0.70305,-22.69930,9.61386,0.00517,0.48448,0.87477,0.00425,
347600000000,-0.87477,-22.40801,9.60810,0.00534,0.47539,0.87975,0.00458,
347800000000,-1.00745,-22.19223,9.60343,0.00537,0.46789,0.88376,0.00477,
348000000000,-1.15112,-21.99333,9.60310,0.00539,0.46031,0.88773,0.00488,
348200000000,-1.30426,-21.79712,9.59848,0.00539,0.45294,0.89151,0.00499,
348450000000,-1.50247,-21.54164,9.59180,0.00535,0.44455,0.89573,0.00494,
348750000000,-1.75355,-21.22315,9.58372,0.00519,0.43573,0.90005,0.00470,
349050000000,-2.01414,-20.90342,9.57766,0.00494,0.42819,0.90366,0.00434,
349450000000,-2.36065,-20.50703,9.57240,0.00448,0.42101,0.90704,0.00369,
350050000000,-2.92266,-19.86707,9.56017,0.00393,0.41347,0.91050,0.00283,
350800000000,-3.65014,-19.05629,9.55435,0.00348,0.40593,0.91390,0.00205,
351900000000,-4.74722,-17.91662,9.54848,0.00303,0.39937,0.91678,0.00138,
353700000000,-6.60272,-16.00771,9.54756,0.00260,0.39485,0.91874,0.00080,
355450000000,-8.39035,-14.13196,9.57022,0.00234,0.39368,0.91925,0.00050,
357100000000,-9.94848,-12.50816,9.58697,0.00229,0.39231,0.91983,0.00068,
358500000000,-11.30575,-11.19556,9.60527,0.00235,0.38766,0.92180,0.00102,
360050000000,-12.95827,-9.48236,9.60980,0.00238,0.38488,0.92297,0.00056,
361450000000,-14.46450,-7.91303,9.64762,0.00254,0.38384,0.92340,0.00008,
362800000000,-15.91993,-6.50058,9.71285,0.00271,0.38354,0.92352,-0.00000,
364200000000,-17.53344,-4.89228,9.72748,0.00299,0.38362,0.92349,-0.00019,
365200000000,-18.84558,-3.64184,9.72647,0.00362,0.37729,0.92609,0.00095,
366050000000,-19.84745,-2.65199,9.74133,0.00396,0.36926,0.92932,0.00109,
366950000000,-20.89759,-1.71283,9.76930,0.00406,0.36296,0.93180,0.00095,
367900000000,-22.07143,-0.58969,9.82911,0.00407,0.35859,0.93349,0.00045,
368850000000,-23.37691,0.56680,9.89782,0.00367,0.36439,0.93124,-0.00102,
369450000000,-24.01362,1.07872,9.92635,0.00354,0.37251,0.92802,-0.00171,
370100000000,-24.94614,1.94250,9.96128,0.00355,0.37918,0.92531,-0.00201,
371050000000,-26.36386,3.22123,9.96597,0.00375,0.38695,0.92209,-0.00146,
371950000000,-27.47550,4.27962,9.96153,0.00389,0.39158,0.92013,-0.00101,
372800000000,-28.67354,5.49294,9.96514,0.00385,0.39444,0.91892,-0.00081,
373800000000,-29.84868,6.63223,9.98286,0.00396,0.39637,0.91808,-0.00047,
374500000000,-30.74160,7.55732,9.98054,0.00395,0.39717,0.91774,-0.00046,
375350000000,-31.70040,8.53160,9.99960,0.00385,0.39759,0.91755,-0.00042,
376100000000,-32.70468,9.55621,10.00018,0.00386,0.39779,0.91747,-0.00042,
376950000000,-33.91773,10.89966,10.00554,0.00376,0.39786,0.91744,-0.00055,
378000000000,-35.30413,12.35733,9.99570,0.00380,0.39792,0.91741,-0.00041,
378700000000,-36.40809,13.62014,10.00444,0.00390,0.39777,0.91748,-0.00063,
379600000000,-37.49265,14.78848,9.99539,0.00392,0.39772,0.91750,-0.00068,
380350000000,-38.36365,15.70340,10.00550,0.00400,0.39765,0.91753,-0.00059,
381000000000,-39.41445,16.88389,9.99360,0.00403,0.39765,0.91753,-0.00076,
381750000000,-40.40093,17.87473,9.99051,0.00411,0.39778,0.91747,-0.00061,
382750000000,-41.92163,19.49824,9.98478,0.00411,0.39784,0.91744,-0.00064,
383650000000,-43.24971,20.85476,9.94069,0.00420,0.39798,0.91738,-0.00055,
384600000000,-44.66035,22.28609,9.90539,0.00420,0.39814,0.91732,-0.00051,
385450000000,-46.01333,23.70416,9.87924,0.00399,0.39815,0.91731,-0.00062,
386350000000,-47.47958,25.15449,9.87319,0.00403,0.39833,0.91723,-0.00054,
387300000000,-49.01870,26.77717,9.82812,0.00385,0.39831,0.91724,-0.00061,
388200000000,-50.56182,28.35452,9.81811,0.00386,0.39826,0.91726,-0.00046,
389150000000,-52.10275,30.00930,9.82536,0.00376,0.39832,0.91724,-0.00061,
389900000000,-53.50345,31.51741,9.81916,0.00408,0.39534,0.91853,-0.00000,
390250000000,-54.14389,32.22204,9.84184,0.00429,0.38959,0.92098,0.00034,
390650000000,-54.83939,32.91623,9.86606,0.00466,0.38352,0.92352,0.00100,
390950000000,-55.28864,33.36798,9.86655,0.00490,0.37690,0.92624,0.00147,
391200000000,-55.67389,33.74221,9.86482,0.00517,0.36950,0.92922,0.00194,
391450000000,-56.18562,34.24672,9.86853,0.00542,0.36091,0.93258,0.00258,
391650000000,-56.52616,34.55091,9.86961,0.00563,0.35305,0.93558,0.00310,
392050000000,-57.32550,35.31626,9.85675,0.00588,0.33671,0.94158,0.00352,
392250000000,-57.65407,35.56080,9.84487,0.00594,0.32925,0.94422,0.00382,
392450000000,-58.03113,35.85903,9.82879,0.00588,0.32249,0.94655,0.00395,
392700000000,-58.47627,36.19136,9.81307,0.00574,0.31470,0.94917,0.00401,
393000000000,-59.04716,36.63241,9.79160,0.00559,0.30630,0.95191,0.00388,
393350000000,-59.72554,37.15585,9.78131,0.00542,0.29767,0.95465,0.00359,
393750000000,-60.53403,37.76454,9.76941,0.00520,0.28949,0.95716,0.00307,
395150000000,-63.39485,39.82308,9.71884,0.00432,0.28219,0.95935,0.00077,
396600000000,-66.41745,41.82755,9.66928,0.00419,0.27798,0.96058,0.00085,
397050000000,-67.32919,42.32919,9.64776,0.00426,0.27014,0.96281,0.00153,
397400000000,-68.05883,42.69239,9.63794,0.00439,0.26274,0.96485,0.00242,
397750000000,-68.88243,43.22925,9.63668,0.00446,0.25353,0.96731,0.00282,
398100000000,-69.70368,43.75223,9.63724,0.00451,0.24539,0.96941,0.00296,
398450000000,-70.40323,44.11873,9.63950,0.00453,0.23678,0.97155,0.00341,
398700000000,-71.04403,44.52349,9.63320,0.00455,0.22877,0.97346,0.00360,
398950000000,-71.52629,44.73444,9.62831,0.00454,0.22059,0.97535,0.00386,
399200000000,-71.97564,44.90139,9.62156,0.00456,0.21157,0.97734,0.00434,
399400000000,-72.47649,45.14510,9.61530,0.00467,0.20368,0.97902,0.00465,
399650000000,-72.99811,45.35001,9.60495,0.00464,0.19403,0.98097,0.00503,
399850000000,-73.46162,45.53666,9.59587,0.00472,0.18588,0.98255,0.00544,
400050000000,-73.90668,45.70731,9.59324,0.00477,0.17696,0.98419,0.00575,
400250000000,-74.39494,45.91955,9.59184,0.00486,0.16806,0.98575,0.00589,
400450000000,-74.86782,46.11232,9.58918,0.00494,0.15899,0.98725,0.00626,
400650000000,-75.26551,46.22459,9.58345,0.00492,0.14855,0.98887,0.00676,
400950000000,-75.95331,46.44438,9.57379,0.00489,0.13166,0.99126,0.00729,
401100000000,-76.27244,46.53299,9.56630,0.00480,0.12358,0.99230,0.00745,
401300000000,-76.71444,46.66360,9.55820,0.00470,0.11386,0.99346,0.00750,
401800000000,-77.82970,46.97716,9.55012,0.00443,0.09394,0.99554,0.00713,
402050000000,-78.32572,47.06958,9.54667,0.00418,0.08522,0.99633,0.00687,
402300000000,-78.86786,47.17421,9.54238,0.00405,0.07743,0.99697,0.00654,
402600000000,-79.47343,47.25725,9.53947,0.00385,0.06931,0.99757,0.00613,
402950000000,-80.21303,47.36765,9.53580,0.00368,0.06132,0.99810,0.00555,
403350000000,-81.06802,47.48170,9.53180,0.00355,0.05383,0.99853,0.00496,
403850000000,-82.12885,47.60182,9.52413,0.00341,0.04652,0.99890,0.00428,
404650000000,-84.13721,47.96323,9.50927,0.00354,0.03811,0.99926,0.00309,
405200000000,-85.17409,47.96914,9.52061,0.00329,0.03398,0.99941,0.00285,
405950000000,-86.68717,48.01598,9.53611,0.00314,0.03008,0.99954,0.00254,
406950000000,-88.72784,48.05442,9.54263,0.00297,0.02692,0.99963,0.00238,
407750000000,-90.42998,48.03073,9.54549,0.00296,0.02550,0.99967,0.00243,
409100000000,-93.62455,48.10174,9.53749,0.00303,0.02430,0.99970,0.00227,
410100000000,-95.88385,48.13618,9.53158,0.00301,0.02399,0.99971,0.00221,
411300000000,-98.74924,48.27322,9.51622,0.00300,0.02385,0.99971,0.00188,
411850000000,-99.61328,48.15755,9.51633,0.00284,0.02416,0.99970,0.00221,
413150000000,-102.23029,48.11752,9.52444,0.00277,0.02441,0.99970,0.00222,
413850000000,-104.03541,48.10978,9.55289,0.00277,0.02463,0.99969,0.00232,
415100000000,-106.96187,48.35031,9.54774,0.00295,0.02471,0.99969,0.00153,
415950000000,-108.62301,48.38387,9.50998,0.00308,0.02486,0.99969,0.00140,
417150000000,-111.22170,48.59197,9.49389,0.00318,0.02490,0.99968,0.00100,
417800000000,-111.93979,48.70991,9.49092,0.00310,0.02486,0.99969,0.00077,
418350000000,-112.95863,48.64994,9.48537,0.00307,0.02501,0.99968,0.00119,
419400000000,-115.25753,48.82398,9.46444,0.00316,0.02969,0.99955,0.00001,
419950000000,-117.14725,48.97000,9.46244,0.00340,0.04152,0.99913,-0.00124,
420300000000,-117.53638,48.94483,9.50144,0.00339,0.05213,0.99863,-0.00174,
420700000000,-118.72970,49.07042,9.49414,0.00359,0.06318,0.99799,-0.00227,
421150000000,-119.14277,49.06154,9.46997,0.00330,0.07336,0.99730,-0.00225,
421550000000,-120.56647,49.19531,9.46757,0.00348,0.08156,0.99666,-0.00215,
422100000000,-121.66313,49.28183,9.46432,0.00339,0.09115,0.99583,-0.00163,
422800000000,-123.28070,49.48455,9.44374,0.00349,0.09177,0.99577,0.00002,
423600000000,-125.24684,49.77521,9.43488,0.00368,0.08347,0.99650,0.00151,
423900000000,-125.70409,49.88632,9.42079,0.00368,0.07731,0.99700,0.00197,
424200000000,-126.34656,50.02529,9.42810,0.00375,0.07074,0.99748,0.00224,
424550000000,-126.96678,50.15025,9.43365,0.00380,0.06445,0.99791,0.00237,
424850000000,-127.48875,50.25409,9.42862,0.00382,0.05971,0.99821,0.00231,
425350000000,-128.57458,50.39436,9.41615,0.00377,0.05234,0.99862,0.00236,
426000000000,-129.93201,50.56903,9.41077,0.00372,0.04461,0.99900,0.00208,
426400000000,-130.71669,50.62255,9.38747,0.00358,0.04092,0.99915,0.00199,
426800000000,-131.65807,50.68910,9.39959,0.00362,0.03789,0.99927,0.00199,
427500000000,-133.40031,50.86757,9.38954,0.00365,0.03389,0.99942,0.00166,
428250000000,-135.30216,51.05132,9.36496,0.00370,0.03091,0.99951,0.00139,
428750000000,-136.32406,51.09873,9.35230,0.00358,0.02950,0.99956,0.00145,
429150000000,-137.10614,51.10830,9.33157,0.00343,0.02865,0.99958,0.00150,
429800000000,-138.98862,51.32007,9.30114,0.00348,0.02760,0.99961,0.00104,
430350000000,-139.97400,51.33716,9.30122,0.00321,0.02706,0.99963,0.00111,
430750000000,-140.15211,51.22379,9.30212,0.00286,0.02680,0.99964,0.00127,
431200000000,-141.53398,51.33595,9.27760,0.00299,0.02649,0.99964,0.00116,
431750000000,-142.72320,51.37570,9.24319,0.00297,0.02628,0.99965,0.00115,
432250000000,-143.95247,51.45696,9.20463,0.00305,0.02613,0.99965,0.00097,
432650000000,-144.90619,51.52661,9.19300,0.00309,0.02604,0.99966,0.00084,
432950000000,-145.54535,51.49178,9.18569,0.00304,0.02603,0.99966,0.00108,
433250000000,-146.29371,51.50392,9.16701,0.00306,0.02600,0.99966,0.00120,
433800000000,-147.47539,51.53420,9.14286,0.00300,0.02596,0.99966,0.00124,
434550000000,-149.27469,51.58425,9.09719,0.00294,0.02607,0.99966,0.00118,
434950000000,-150.25401,51.61405,9.05636,0.00293,0.02609,0.99965,0.00119,
435250000000,-150.95074,51.63499,9.04448,0.00289,0.02611,0.99965,0.00116,
435500000000,-151.57706,51.65243,9.02818,0.00290,0.02615,0.99965,0.00118,
435800000000,-152.17739,51.64958,9.02344,0.00281,0.02617,0.99965,0.00119,
436500000000,-153.88699,51.69580,8.99269,0.00286,0.02621,0.99965,0.00117,
436800000000,-154.63922,51.71583,8.98226,0.00286,0.02624,0.99965,0.00118,
438400000000,-158.57727,51.78202,8.89473,0.00285,0.02639,0.99965,0.00121,
439650000000,-161.66139,51.85909,8.84363,0.00283,0.02946,0.99956,0.00052,
440100000000,-162.82054,51.93276,8.83497,0.00278,0.03722,0.99930,-0.00032,
440500000000,-163.81626,52.02986,8.84702,0.00276,0.04654,0.99891,-0.00133,
440800000000,-164.64585,52.17023,8.86485,0.00285,0.05455,0.99851,-0.00205,
441100000000,-165.42062,52.26749,8.87700,0.00279,0.06403,0.99794,-0.00282,
441350000000,-166.07021,52.38022,8.88845,0.00281,0.07293,0.99733,-0.00337,
441650000000,-166.77565,52.49994,8.90798,0.00284,0.08355,0.99649,-0.00393,
441900000000,-167.43865,52.60570,8.94384,0.00288,0.09333,0.99562,-0.00430,
442100000000,-167.91296,52.70598,8.96340,0.00290,0.10143,0.99483,-0.00455,
442350000000,-168.54176,52.81323,8.97286,0.00284,0.11140,0.99376,-0.00491,
442550000000,-168.95062,52.92075,8.98738,0.00278,0.12007,0.99275,-0.00529,
442750000000,-169.33704,53.02829,8.98756,0.00266,0.12902,0.99162,-0.00560,
443000000000,-169.75639,53.15678,8.98166,0.00245,0.13967,0.99018,-0.00602,
443250000000,-170.31197,53.30371,8.97685,0.00235,0.15091,0.98852,-0.00644,
443450000000,-170.71248,53.41461,8.97371,0.00223,0.16044,0.98702,-0.00664,
443700000000,-171.23677,53.55435,8.96594,0.00209,0.17196,0.98508,-0.00671,
443900000000,-171.60993,53.68420,8.95524,0.00188,0.18103,0.98345,-0.00702,
444100000000,-171.88274,53.79206,8.94439,0.00153,0.19067,0.98163,-0.00723,
444300000000,-172.16580,53.92317,8.93054,0.00123,0.20071,0.97962,-0.00743,
444500000000,-172.30436,54.02208,8.92141,0.00076,0.21025,0.97762,-0.00743,
444750000000,-172.59404,54.16868,8.91479,0.00036,0.22174,0.97508,-0.00753,
445000000000,-173.08976,54.34957,8.91015,0.00030,0.23383,0.97225,-0.00751,
445250000000,-173.66882,54.58430,8.90743,0.00045,0.24601,0.96924,-0.00751,
445500000000,-174.18087,54.81665,8.91279,0.00057,0.25729,0.96630,-0.00747,
445750000000,-174.63291,55.04881,8.91910,0.00055,0.26922,0.96305,-0.00771,
445950000000,-174.90359,55.22095,8.92522,0.00042,0.27981,0.96002,-0.00786,
446150000000,-175.14283,55.38621,8.92821,0.00025,0.29052,0.95684,-0.00787,
446350000000,-175.30445,55.52517,8.93178,-0.00007,0.30021,0.95384,-0.00770,
446600000000,-175.52397,55.71167,8.93429,-0.00037,0.31065,0.95050,-0.00742,
446950000000,-175.80237,55.97216,8.93967,-0.00071,0.32318,0.94631,-0.00692,
447350000000,-176.27891,56.36988,8.94118,-0.00061,0.33573,0.94194,-0.00637,
447850000000,-176.93499,56.92287,8.94497,-0.00025,0.34868,0.93722,-0.00568,
448400000000,-177.60197,57.54208,8.96462,0.00010,0.35955,0.93311,-0.00484,
448950000000,-178.38030,58.26290,8.98044,0.00061,0.36807,0.92979,-0.00418,
449500000000,-179.12811,58.95914,8.97852,0.00098,0.37437,0.92727,-0.00350,
450100000000,-179.90873,59.71920,8.98090,0.00126,0.37972,0.92510,-0.00286,
450700000000,-180.64891,60.43216,8.98089,0.00146,0.38367,0.92346,-0.00223,
451200000000,-181.22372,60.97131,8.97503,0.00156,0.38613,0.92244,-0.00173,
451650000000,-181.70360,61.37358,8.97681,0.00174,0.38789,0.92170,-0.00111,
452600000000,-182.97371,62.72652,8.97589,0.00182,0.39028,0.92070,-0.00118,
453100000000,-183.65654,63.44824,8.97508,0.00203,0.39064,0.92054,-0.00098,
453400000000,-184.07362,63.96839,8.97275,0.00219,0.38709,0.92204,-0.00074,
453600000000,-184.34142,64.17915,8.97639,0.00245,0.38326,0.92364,-0.00016,
453800000000,-184.61345,64.38466,8.96282,0.00270,0.37956,0.92516,0.00040,
454050000000,-184.93750,64.70788,8.95496,0.00286,0.37572,0.92673,0.00072,
454350000000,-185.28502,65.08105,8.95656,0.00284,0.37199,0.92823,0.00087,
454650000000,-185.69925,65.55964,8.96303,0.00281,0.36840,0.92966,0.00067,
455000000000,-186.18872,66.09226,8.95885,0.00279,0.36431,0.93127,0.00047,
455600000000,-186.92914,66.83031,8.96263,0.00267,0.35848,0.93353,0.00047,
456000000000,-187.35896,67.19124,8.95948,0.00250,0.35535,0.93473,0.00064,
456300000000,-187.70613,67.46305,8.96097,0.00243,0.35333,0.93549,0.00081,
456700000000,-188.18533,67.85922,8.96601,0.00235,0.35109,0.93634,0.00090,
457300000000,-188.92957,68.50782,8.96947,0.00222,0.34828,0.93739,0.00076,
458800000000,-190.91916,70.22313,8.96599,0.00210,0.34404,0.93895,0.00043,
459650000000,-192.07330,71.19396,8.97409,0.00161,0.35300,0.93562,-0.00104,
460150000000,-192.81727,71.84801,8.98220,0.00145,0.36126,0.93246,-0.00164,
460800000000,-193.76685,72.72171,8.98801,0.00141,0.36945,0.92925,-0.00189,
461600000000,-194.87910,73.76292,8.99293,0.00149,0.37779,0.92589,-0.00174,
462600000000,-196.33252,75.17473,8.99997,0.00170,0.38488,0.92296,-0.00142,
464150000000,-198.56552,77.38633,8.99734,0.00193,0.39084,0.92046,-0.00087,
466350000000,-201.75119,80.61852,8.99602,0.00205,0.39415,0.91904,-0.00049,
469100000000,-206.05375,85.11652,8.99586,0.00225,0.39436,0.91895,-0.00017,
469700000000,-206.95587,85.97815,9.01091,0.00250,0.38651,0.92228,0.00067,
470200000000,-207.69910,86.69517,9.03454,0.00285,0.37821,0.92571,0.00157,
470550000000,-208.20863,87.18166,9.05555,0.00306,0.36939,0.92927,0.00202,
470900000000,-208.74731,87.68675,9.06646,0.00341,0.35991,0.93298,0.00284,
471150000000,-209.15659,88.06105,9.07132,0.00375,0.34946,0.93694,0.00362,
471350000000,-209.45163,88.31176,9.07718,0.00397,0.33983,0.94047,0.00411,
471550000000,-209.77886,88.60072,9.07310,0.00410,0.33070,0.94372,0.00446,
471800000000,-210.19408,88.95948,9.06163,0.00419,0.32078,0.94713,0.00473,
472050000000,-210.57586,89.23009,9.05697,0.00424,0.31192,0.95008,0.00492,
472300000000,-210.95215,89.49105,9.05495,0.00424,0.30367,0.95276,0.00498,
472600000000,-211.40162,89.79084,9.05393,0.00417,0.29454,0.95562,0.00491,
472900000000,-211.82875,90.04610,9.05151,0.00405,0.28635,0.95810,0.00480,
473300000000,-212.41384,90.39239,9.04885,0.00386,0.27712,0.96082,0.00451,
473750000000,-213.12765,90.82928,9.04614,0.00367,0.26879,0.96318,0.00406,
474300000000,-214.02819,91.36879,9.04286,0.00345,0.26084,0.96537,0.00346,
475050000000,-215.31795,92.12649,9.03943,0.00324,0.25307,0.96744,0.00282,
476050000000,-216.98948,93.01764,9.03954,0.00303,0.24604,0.96925,0.00225,
477600000000,-219.76656,94.46580,9.03960,0.00286,0.24034,0.97068,0.00170,
479900000000,-223.92877,96.47966,9.04939,0.00273,0.23729,0.97143,0.00146,
482300000000,-228.37432,98.65957,9.05794,0.00272,0.23652,0.97162,0.00121,
485350000000,-234.09223,101.50607,9.04821,0.00273,0.23650,0.97163,0.00100,
488300000000,-239.70581,104.20833,9.05949,0.00275,0.23644,0.97164,0.00095,
491350000000,-245.40476,107.13929,9.03418,0.00271,0.23637,0.97166,0.00069,
494050000000,-250.73337,109.85526,9.10957,0.00268,0.23617,0.97171,0.00057,
497150000000,-257.18091,113.06400,9.13772,0.00268,0.23618,0.97171,0.00048,
499600000000,-262.50970,115.75330,9.12059,0.00135,0.23617,0.97171,0.00061,
500450000000,-264.14397,116.64087,9.11456,-0.00715,0.23617,0.97168,0.00259,
500650000000,-264.46044,116.81815,9.11277,-0.01675,0.23620,0.97155,0.00493,
500800000000,-264.66745,116.96546,9.11465,-0.02966,0.23616,0.97123,0.00802,
500900000000,-264.75776,117.05497,9.12696,-0.04315,0.23606,0.97071,0.01129,
501100000000,-265.01813,117.23454,9.15842,-0.05224,0.23605,0.97022,0.01529,
501550000000,-265.44436,117.46500,9.19138,-0.05189,0.22171,0.97354,0.01950,
501600000000,-265.46953,117.48806,9.20866,-0.05174,0.20128,0.97798,0.01888,
501650000000,-265.47112,117.49459,9.20002,-0.05105,0.17419,0.98321,0.01856,
501700000000,-265.50925,117.51454,9.17232,-0.04990,0.14309,0.98828,0.01845,
501750000000,-265.54785,117.53563,9.13223,-0.04843,0.11027,0.99255,0.01837,
501800000000,-265.58229,117.55456,9.07509,-0.04664,0.07760,0.99573,0.01822,
501850000000,-265.60745,117.56963,9.00603,-0.04465,0.04708,0.99773,0.01789,
501900000000,-265.63322,117.58535,8.92638,-0.04255,0.02005,0.99874,0.01733,
501950000000,-265.65302,117.59932,8.83519,-0.04040,-0.00188,0.99905,0.01652,
502000000000,-265.70858,117.63052,8.73503,-0.03822,-0.01961,0.99896,0.01550,
502050000000,-265.77166,117.66786,8.62433,-0.03605,-0.03233,0.99872,0.01429,
502100000000,-265.81398,117.69022,8.50217,-0.03393,-0.04030,0.99853,0.01302,
502300000000,-265.96469,117.77280,7.91638,-0.02571,-0.03209,0.99912,0.00767,
502350000000,-265.97528,117.77516,7.74763,-0.02379,-0.02381,0.99941,0.00649,
502400000000,-265.98827,117.78020,7.57087,-0.02187,-0.01479,0.99964,0.00542,
502450000000,-266.00077,117.79115,7.38607,-0.02004,-0.00516,0.99978,0.00439,
502500000000,-266.01111,117.80221,7.19377,-0.01825,0.00422,0.99982,0.00346,
502600000000,-266.05674,117.83487,6.78758,-0.01480,0.02009,0.99969,0.00199,
502700000000,-266.06619,117.84235,6.35662,-0.01165,0.03050,0.99947,0.00099,
502850000000,-266.08167,117.85497,5.66793,-0.00741,0.03511,0.99936,-0.00004,
503000000000,-266.07353,117.86238,4.93710,-0.00377,0.03033,0.99953,-0.00076,
503150000000,-266.08181,117.87578,4.17064,-0.00104,0.02218,0.99975,-0.00125,
503300000000,-266.07837,117.88570,3.37672,-0.00005,0.01548,0.99988,-0.00163,
503450000000,-266.07124,117.89357,2.57770,-0.00020,0.01221,0.99992,-0.00209,
503600000000,-266.05355,117.89443,1.79608,0.00304,0.01240,0.99992,-0.00212,
503700000000,-266.02663,117.88765,1.36030,0.00642,0.01362,0.99989,-0.00142,
503850000000,-266.00872,117.88572,0.86399,0.00816,0.01561,0.99984,-0.00099,
504550000000,-266.06495,117.94380,0.30270,0.00405,0.01781,0.99983,-0.00014,
504800000000,-266.06164,117.92534,-0.21267,0.00173,0.01802,0.99984,0.00033,
504950000000,-266.03779,117.91099,-0.78514,0.00028,0.01822,0.99983,0.00057,
