8050000000,6.71746,-0.01063,-0.14260,0.99978,0.00022,-0.02034,-0.00543,
8150000000,6.79240,-0.01236,-0.14280,0.99974,0.00022,-0.02228,-0.00547,
8350000000,6.90607,-0.01795,-0.11692,0.99960,0.00037,-0.02754,-0.00577,
8550000000,6.96613,-0.01883,-0.09347,0.99944,0.00026,-0.03269,-0.00700,
8750000000,7.32752,-0.01969,-0.10967,0.99951,0.00041,-0.03017,-0.00817,
9050000000,7.62724,-0.02209,-0.11782,0.99947,0.00012,-0.03121,-0.00874,
9450000000,7.92763,-0.02881,-0.14608,0.99938,0.00027,-0.03352,-0.01045,
10050000000,7.77386,-0.02209,-0.19421,0.99919,-0.00003,-0.03812,-0.01305,
10350000000,7.48978,-0.01666,-0.21616,0.99916,-0.00036,-0.03876,-0.01338,
10650000000,7.14938,-0.00935,-0.24786,0.99905,-0.00054,-0.04134,-0.01362,
10850000000,6.84965,-0.00019,-0.26271,0.99908,-0.00049,-0.03996,-0.01542,
11050000000,6.53053,0.01167,-0.27990,0.99911,-0.00056,-0.03892,-0.01608,
11250000000,6.13139,0.02817,-0.29714,0.99914,-0.00044,-0.03803,-0.01676,
11450000000,5.73590,0.04162,-0.31284,0.99922,-0.00020,-0.03566,-0.01676,
11650000000,5.33583,0.05513,-0.32724,0.99924,-0.00045,-0.03528,-0.01664,
11850000000,4.90283,0.06648,-0.33757,0.99935,-0.00026,-0.03225,-0.01639,
12050000000,4.37458,0.08072,-0.35657,0.99937,-0.00011,-0.03122,-0.01682,
12250000000,3.93642,0.09220,-0.36958,0.99943,-0.00003,-0.02941,-0.01635,
12450000000,3.38693,0.10846,-0.39247,0.99945,0.00028,-0.02886,-0.01604,
12650000000,2.77763,0.12666,-0.41446,0.99949,-0.00004,-0.02764,-0.01579,
12850000000,2.19551,0.14389,-0.43585,0.99952,-0.00003,-0.02658,-0.01560,
13050000000,1.59134,0.16237,-0.45414,0.99955,-0.00009,-0.02579,-0.01551,
13150000000,1.29896,0.16837,-0.46117,0.99957,-0.00000,-0.02485,-0.01545,
13350000000,0.63781,0.18546,-0.48382,0.99959,0.00006,-0.02412,-0.01551,
13550000000,0.02164,0.20195,-0.50250,0.99961,-0.00001,-0.02345,-0.01537,
13650000000,-0.38087,0.21456,-0.51158,0.99962,0.00018,-0.02289,-0.01533,
13850000000,-1.06536,0.23350,-0.52959,0.99963,-0.00009,-0.02241,-0.01520,
14050000000,-1.71254,0.24999,-0.54438,0.99966,-0.00017,-0.02131,-0.01514,
14150000000,-2.08175,0.25956,-0.55385,0.99967,-0.00021,-0.02092,-0.01509,
14350000000,-2.82676,0.28074,-0.57476,0.99967,-0.00008,-0.02090,-0.01507,
14450000000,-3.16884,0.29249,-0.57810,0.99970,-0.00031,-0.01909,-0.01502,
14650000000,-4.06125,0.31894,-0.59434,0.99968,-0.00034,-0.02024,-0.01504,
15050000000,-5.79242,0.37007,-0.63941,0.99969,-0.00045,-0.01970,-0.01492,
15250000000,-6.65637,0.39878,-0.65372,0.99980,-0.00037,-0.01378,-0.01483,
15450000000,-7.49790,0.41883,-0.67003,0.99977,-0.00023,-0.01479,-0.01554,
15550000000,-7.84627,0.41904,-0.67417,0.99968,0.00003,-0.01528,-0.02009,
15650000000,-8.23805,0.41735,-0.68166,0.99923,0.00031,-0.01540,-0.03616,
15750000000,-8.54911,0.41843,-0.68470,0.99843,0.00047,-0.01511,-0.05398,
15850000000,-8.94720,0.42331,-0.69499,0.99687,0.00091,-0.01515,-0.07761,
15950000000,-9.16287,0.42774,-0.69491,0.99597,0.00106,-0.01474,-0.08849,
16050000000,-9.44790,0.44211,-0.69962,0.99452,0.00126,-0.01482,-0.10345,
16149999999,-9.70220,0.46595,-0.69967,0.99249,0.00144,-0.01421,-0.12146,
16250000000,-9.83354,0.47869,-0.69516,0.99156,0.00149,-0.01222,-0.12905,
16350000000,-9.95289,0.48350,-0.68906,0.98985,0.00151,-0.01074,-0.14172,
17050000000,-11.06539,0.52402,-0.68612,0.98773,0.00143,-0.01198,-0.15571,
17250000000,-10.73465,0.51085,-0.66427,0.98627,0.00086,-0.01105,-0.16474,
17350000000,-9.95453,0.52899,-0.63878,0.98551,0.00037,-0.00767,-0.16946,
17450000000,-9.41910,0.49824,-0.66162,0.98432,0.00029,-0.00606,-0.17631,
17550000000,-9.37889,0.47071,-0.67739,0.98283,0.00074,-0.00676,-0.18438,
17650000000,-9.35186,0.44202,-0.68736,0.98152,0.00106,-0.00778,-0.19117,
17750000000,-9.30454,0.39821,-0.69424,0.97963,0.00134,-0.00888,-0.20061,
17850000000,-9.26406,0.35289,-0.69859,0.97749,0.00171,-0.00975,-0.21076,
17950000000,-9.25146,0.30568,-0.70961,0.97572,0.00203,-0.01044,-0.21877,
18050000000,-9.22569,0.26837,-0.71497,0.97365,0.00223,-0.01111,-0.22776,
18150000000,-9.16680,0.21465,-0.71983,0.97057,0.00252,-0.01204,-0.24051,
18350000000,-9.08543,0.09993,-0.73408,0.96474,0.00293,-0.01290,-0.26286,
18450000000,-9.05267,0.04916,-0.73476,0.96172,0.00323,-0.01300,-0.27369,
18550000000,-8.96931,-0.02836,-0.73424,0.95726,0.00350,-0.01339,-0.28888,
18750000000,-8.85412,-0.18100,-0.74864,0.94756,-0.00416,-0.03792,-0.31728,
18850000000,-8.83424,-0.22226,-0.76272,0.94269,-0.01096,-0.05658,-0.32865,
19050000000,-8.80925,-0.28979,-0.76443,0.93731,-0.00371,-0.03678,-0.34652,
19150000000,-8.80322,-0.31069,-0.75688,0.93629,0.00700,-0.00860,-0.35104,
19450000000,-8.74205,-0.42442,-0.77699,0.94197,0.00763,-0.01047,-0.33545,
19550000000,-8.71025,-0.45942,-0.78556,0.94473,0.00847,-0.00970,-0.32760,
19650000000,-8.64316,-0.51453,-0.79697,0.94863,0.00920,-0.00931,-0.31611,
19750000000,-8.60684,-0.51743,-0.80883,0.95063,0.00987,-0.00807,-0.31006,
19850000000,-8.51718,-0.55946,-0.82228,0.95476,0.01067,-0.00736,-0.29708,
20050000000,-8.33859,-0.66113,-0.83320,0.96304,0.01237,-0.00679,-0.26898,
20150000000,-8.26408,-0.69630,-0.83630,0.96600,0.01301,-0.00730,-0.25811,
20250000000,-8.17911,-0.71277,-0.84091,0.96929,0.01083,-0.01703,-0.24508,
20450000000,-8.04910,-0.75926,-0.86152,0.97520,0.00712,-0.04182,-0.21724,
20550000000,-8.00866,-0.77023,-0.86062,0.97749,0.01018,-0.03445,-0.20791,
20750000000,-7.91364,-0.80609,-0.85324,0.98061,0.01866,0.00015,-0.19507,
20850000000,-7.85502,-0.82420,-0.85397,0.97980,0.01904,-0.00415,-0.19902,
20950000000,-7.77592,-0.85670,-0.85622,0.97793,0.01953,-0.00508,-0.20796,
21150000000,-7.63907,-0.92749,-0.86700,0.97336,0.02102,-0.00460,-0.22828,
21250000000,-7.54938,-0.97720,-0.87074,0.97018,0.02158,-0.00465,-0.24136,
21350000000,-7.48975,-1.01305,-0.87146,0.96763,0.02208,-0.00447,-0.25137,
21450000000,-7.42038,-1.05191,-0.87197,0.96482,0.02251,-0.00403,-0.26191,
21650000000,-7.26262,-1.17466,-0.86711,0.95742,0.02344,-0.00370,-0.28772,
21750000000,-7.17529,-1.23496,-0.86276,0.95375,0.02346,-0.00400,-0.29966,
21950000000,-7.05399,-1.32775,-0.86340,0.94583,0.01801,-0.01972,-0.32356,
22050000000,-6.96688,-1.39043,-0.86340,0.93949,0.01830,-0.01890,-0.34155,
22250000000,-6.83416,-1.50957,-0.85920,0.92716,0.02346,-0.00376,-0.37390,
22350000000,-6.78997,-1.53847,-0.85887,0.92500,0.02320,-0.00369,-0.37925,
22650000000,-6.66817,-1.65029,-0.86369,0.91565,0.02410,-0.00223,-0.40124,
22850000000,-6.63498,-1.67288,-0.86738,0.91181,0.02373,-0.00305,-0.40993,
23050000000,-6.59655,-1.70544,-0.87001,0.90695,0.02425,-0.00246,-0.42053,
24050000000,-6.58115,-1.55261,-0.87386,0.90628,0.02378,-0.00321,-0.42199,
24250000000,-6.57828,-1.49188,-0.85244,0.91081,0.02388,-0.00462,-0.41212,
24450000000,-6.60802,-1.39145,-0.85117,0.91669,0.02461,-0.00425,-0.39882,
24550000000,-6.62317,-1.33373,-0.84909,0.92047,0.02479,-0.00470,-0.39000,
24650000000,-6.61842,-1.29733,-0.83751,0.92332,0.02517,-0.00490,-0.38318,
24850000000,-6.65857,-1.20432,-0.82631,0.92962,0.02525,-0.00578,-0.36761,
25050000000,-6.70250,-1.11342,-0.80399,0.93639,0.02603,-0.00541,-0.34996,
25150000000,-6.76208,-1.03867,-0.79302,0.94127,0.02602,-0.00660,-0.33660,
25350000000,-6.88746,-0.92583,-0.77733,0.94918,0.02709,-0.00739,-0.31348,
25450000000,-6.94539,-0.88236,-0.77132,0.95274,0.02703,-0.00793,-0.30248,
25650000000,-7.11255,-0.80410,-0.77804,0.96111,0.02872,-0.00963,-0.27448,
25750000000,-7.18559,-0.76107,-0.78151,0.96485,0.02869,-0.01093,-0.26101,
25950000000,-7.35071,-0.65280,-0.78024,0.97195,0.02842,-0.01153,-0.23318,
26150000000,-7.57265,-0.52581,-0.77979,0.97963,0.02753,-0.01251,-0.19850,
26250000000,-7.64105,-0.48418,-0.77819,0.98183,0.02711,-0.01312,-0.18737,
26350000000,-7.70410,-0.45280,-0.77467,0.98395,0.02756,-0.01097,-0.17596,
26650000000,-8.00561,-0.35169,-0.77123,0.98789,0.02633,-0.01671,-0.15202,
26850000000,-8.18688,-0.30626,-0.76712,0.98702,0.02652,-0.01682,-0.15747,
26950000000,-8.33495,-0.27976,-0.76600,0.98443,0.02699,-0.01589,-0.17295,
27050000000,-8.45194,-0.25524,-0.76479,0.98184,0.02711,-0.01532,-0.18713,
27150000000,-8.57061,-0.22580,-0.76384,0.97876,0.02746,-0.01454,-0.20266,
27350000000,-8.85530,-0.14225,-0.76561,0.97038,0.02750,-0.01281,-0.23967,
27450000000,-9.05382,-0.05890,-0.76579,0.96316,0.02897,-0.00776,-0.26724,
27550000000,-9.14272,-0.01989,-0.76434,0.95849,0.02886,-0.00730,-0.28358,
27750000000,-9.31660,0.10123,-0.76050,0.94971,0.02632,-0.01109,-0.31184,
27950000000,-9.44708,0.20927,-0.75578,0.94910,0.02596,-0.01081,-0.31372,
28150000000,-9.60599,0.35627,-0.75400,0.95485,0.02479,-0.01301,-0.29575,
28250000000,-9.62000,0.41567,-0.74961,0.95854,0.02399,-0.01324,-0.28363,
28350000000,-9.71022,0.49122,-0.74812,0.96337,0.02354,-0.01299,-0.26683,
28450000000,-9.77799,0.55316,-0.74726,0.96711,0.02276,-0.01474,-0.25292,
28650000000,-9.95269,0.69635,-0.75201,0.97541,0.02206,-0.01531,-0.21874,
28750000000,-10.02455,0.73748,-0.75386,0.97870,0.02289,-0.01147,-0.20372,
28950000000,-10.19064,0.81252,-0.75705,0.98515,0.02233,-0.01203,-0.16982,
29050000000,-10.24650,0.82996,-0.75749,0.98699,0.02189,-0.01473,-0.15859,
29250000000,-10.36799,0.86119,-0.76113,0.98830,0.02144,-0.01718,-0.15001,
29450000000,-10.53693,0.89437,-0.76245,0.98705,0.02181,-0.01605,-0.15809,
29550000000,-10.56277,0.86411,-0.75971,0.98605,0.02220,-0.01627,-0.16418,
29650000000,-10.72243,0.88679,-0.76496,0.98308,0.02240,-0.01462,-0.18119,
29850000000,-10.91301,0.91420,-0.76678,0.97747,0.02282,-0.01479,-0.20934,
29950000000,-10.96073,0.91865,-0.76780,0.97562,0.02239,-0.01446,-0.21784,
30150000000,-11.15033,0.99126,-0.77687,0.96894,0.02184,-0.01412,-0.24592,
30250000000,-11.28519,1.05402,-0.78108,0.96395,0.02164,-0.01324,-0.26487,
30450000000,-11.42965,1.13530,-0.78729,0.95679,0.02284,-0.00931,-0.28974,
30650000000,-11.53223,1.20208,-0.78934,0.95175,0.02208,-0.00948,-0.30595,
36450000000,-11.43337,1.17245,-0.79738,0.95074,0.02024,-0.01245,-0.30909,
36650000000,-11.39898,1.12515,-0.80027,0.94631,0.02048,-0.01278,-0.32236,
36750000000,-11.35838,1.08473,-0.79917,0.94310,0.02053,-0.01171,-0.33168,
36850000000,-11.32369,1.04769,-0.79841,0.94033,0.02086,-0.01049,-0.33945,
37050000000,-11.21095,0.93052,-0.79640,0.93072,0.02103,-0.00958,-0.36501,
37250000000,-11.13336,0.82388,-0.79955,0.92182,0.02091,-0.00928,-0.38695,
37350000000,-11.07444,0.73843,-0.80082,0.91456,0.02060,-0.00964,-0.40382,
37550000000,-11.00319,0.63918,-0.80132,0.90556,0.02056,-0.00897,-0.42362,
37650000000,-10.94866,0.55502,-0.80236,0.89821,0.02038,-0.00932,-0.43900,
37850000000,-10.87499,0.42363,-0.80396,0.88537,0.02025,-0.00888,-0.46437,
38050000000,-10.79618,0.29862,-0.80728,0.87720,0.02092,-0.00687,-0.47962,
38150000000,-10.76576,0.25114,-0.80794,0.87460,0.02112,-0.00646,-0.48435,
38350000000,-10.68581,0.09086,-0.81333,0.86144,0.02080,-0.00661,-0.50739,
38550000000,-10.60485,-0.09804,-0.81498,0.84543,0.02058,-0.00644,-0.53366,
38750000000,-10.55034,-0.25085,-0.81855,0.83135,0.01968,-0.00699,-0.55535,
38950000000,-10.50494,-0.41353,-0.82291,0.81734,0.02078,-0.00473,-0.57577,
39150000000,-10.45577,-0.59223,-0.82600,0.80161,0.01872,-0.00661,-0.59752,
39350000000,-10.40649,-0.80196,-0.83003,0.78318,0.01876,-0.00588,-0.62149,
39550000000,-10.36905,-1.01376,-0.83433,0.76454,0.01992,-0.00387,-0.64426,
39750000000,-10.34802,-1.19825,-0.83663,0.74754,0.01923,-0.00406,-0.66392,
39950000000,-10.33212,-1.43927,-0.84266,0.72623,0.01843,-0.00431,-0.68720,
40150000000,-10.32939,-1.65808,-0.84504,0.70597,0.01904,-0.00315,-0.70798,
40350000000,-10.34017,-1.86461,-0.84785,0.68710,0.01655,-0.00505,-0.72636,
40550000000,-10.36940,-2.09144,-0.85425,0.66504,0.01680,-0.00405,-0.74661,
40750000000,-10.40885,-2.31531,-0.85529,0.64252,0.01752,-0.00302,-0.76607,
40950000000,-10.45505,-2.53248,-0.85769,0.62156,0.01465,-0.00492,-0.78321,
41050000000,-10.49000,-2.65958,-0.86180,0.60783,0.01526,-0.00414,-0.79391,
41250000000,-10.55813,-2.89921,-0.86891,0.58366,0.01391,-0.00465,-0.81187,
41450000000,-10.62244,-3.07134,-0.87485,0.56646,0.01506,-0.00338,-0.82395,
41650000000,-10.70466,-3.27084,-0.87882,0.54489,0.01292,-0.00418,-0.83840,
41850000000,-10.81054,-3.50710,-0.88652,0.51881,0.01374,-0.00320,-0.85478,
41950000000,-10.84776,-3.58676,-0.88823,0.51094,0.01175,-0.00421,-0.85953,
42150000000,-10.97027,-3.81814,-0.89425,-0.48351,-0.01339,0.00278,0.87523,
42350000000,-11.08433,-4.03229,-0.89487,-0.46046,-0.01100,0.00391,0.88760,
42550000000,-11.22802,-4.26743,-0.90063,-0.43384,-0.01268,0.00278,0.90090,
42650000000,-11.33057,-4.39135,-0.90430,-0.41415,-0.01047,0.00346,0.91014,
42850000000,-11.47776,-4.58365,-0.91269,-0.39120,-0.01266,0.00242,0.92022,
42950000000,-11.59207,-4.68381,-0.91667,-0.37099,-0.00921,0.00365,0.92858,
43150000000,-11.74166,-4.80452,-0.92690,-0.34783,-0.01110,0.00278,0.93749,
43250000000,-11.82375,-4.85878,-0.93000,-0.33538,-0.01055,0.00299,0.94202,
43450000000,-11.99300,-4.94243,-0.94084,-0.30648,-0.00900,0.00342,0.95183,
43650000000,-12.08469,-4.89881,-0.94160,-0.28511,-0.00504,0.00453,0.95847,
43850000000,-12.18776,-4.90018,-0.94012,-0.25641,-0.00494,0.00370,0.96655,
43950000000,-12.22884,-4.91285,-0.93812,-0.24803,-0.00275,0.00412,0.96874,
44150000000,-12.35807,-4.96093,-0.94204,-0.22281,-0.00460,0.00339,0.97484,
44250000000,-12.46467,-4.99716,-0.94281,-0.20097,-0.00314,0.00342,0.97959,
44450000000,-12.61104,-5.03936,-0.94526,-0.17421,-0.00138,0.00365,0.98470,
44650000000,-12.76431,-5.07459,-0.94694,-0.14463,-0.00345,0.00313,0.98948,
44750000000,-12.84323,-5.08439,-0.94745,-0.12719,-0.00109,0.00327,0.99187,
44850000000,-12.92686,-5.09989,-0.94768,-0.11381,-0.00303,0.00318,0.99349,
45050000000,-13.10426,-5.12409,-0.94834,-0.08204,-0.00012,0.00321,0.99662,
45150000000,-13.17944,-5.12582,-0.94847,-0.06577,-0.00168,0.00293,0.99783,
45250000000,-13.26102,-5.13392,-0.95166,-0.05353,-0.00289,0.00284,0.99856,
45350000000,-13.32624,-5.13413,-0.95198,-0.04098,-0.00197,0.00291,0.99915,
45550000000,-13.50070,-5.12413,-0.95362,-0.00359,-0.00185,0.00258,0.99999,
45650000000,-13.58078,-5.12000,-0.95348,0.00925,-0.00182,0.00279,0.99995,
45750000000,-13.63130,-5.10967,-0.95372,0.02256,0.00106,0.00265,0.99974,
45850000000,-13.68172,-5.10148,-0.95588,0.03501,-0.00085,0.00260,0.99938,
45950000000,-13.71357,-5.08707,-0.95679,0.04755,-0.00145,0.00250,0.99886,
46050000000,-13.77351,-5.07109,-0.95673,0.06042,-0.00057,0.00256,0.99817,
46150000000,-13.86833,-5.05055,-0.95732,0.07812,0.00078,0.00253,0.99694,
46250000000,-13.94994,-5.02836,-0.95924,0.09497,-0.00071,0.00267,0.99548,
46350000000,-14.04996,-5.00123,-0.95801,0.11245,0.00055,0.00255,0.99365,
46450000000,-14.12116,-4.97559,-0.95800,0.13065,0.00016,0.00183,0.99143,
46550000000,-14.18211,-4.95233,-0.96013,0.14329,-0.00117,0.00243,0.98968,
46650000000,-14.26598,-4.92323,-0.95927,0.15600,0.00078,0.00253,0.98775,
46850000000,-14.41438,-4.85084,-0.95994,0.18893,-0.00093,0.00269,0.98199,
46950000000,-14.48346,-4.81841,-0.96044,0.20160,0.00001,0.00249,0.97946,
47050000000,-14.57350,-4.76749,-0.95968,0.22200,0.00072,0.00223,0.97504,
47150000000,-14.62320,-4.73589,-0.95946,0.23381,-0.00021,0.00253,0.97228,
47250000000,-14.70832,-4.68242,-0.96056,0.25081,-0.00053,0.00268,0.96803,
47350000000,-14.74004,-4.65301,-0.96179,0.26383,0.00207,0.00178,0.96457,
47450000000,-14.79885,-4.60659,-0.96399,0.27971,0.00069,0.00206,0.96008,
47550000000,-14.87797,-4.55432,-0.96564,0.29137,-0.00047,0.00257,0.95661,
47650000000,-14.95949,-4.49205,-0.96626,0.30742,-0.00160,0.00282,0.95157,
47750000000,-15.01946,-4.44848,-0.96688,0.31736,0.00113,0.00145,0.94830,
47950000000,-15.12795,-4.37920,-0.96813,0.32517,-0.00065,0.00190,0.94565,
48050000000,-15.18141,-4.34579,-0.96720,0.32492,-0.00170,0.00214,0.94574,
48150000000,-15.29884,-4.27038,-0.96789,0.32314,-0.00001,0.00171,0.94635,
48250000000,-15.38580,-4.21655,-0.96957,0.32180,0.00180,0.00116,0.94681,
48350000000,-15.44401,-4.18281,-0.96981,0.32058,0.00104,0.00150,0.94722,
48550000000,-15.55564,-4.12105,-0.97069,0.31837,-0.00110,0.00242,0.94796,
48750000000,-15.70442,-4.03274,-0.97040,0.31652,0.00096,0.00207,0.94858,
48950000000,-15.81909,-3.96047,-0.97240,0.31417,0.00015,0.00249,0.94936,
49150000000,-15.93373,-3.88187,-0.97405,0.31147,0.00041,0.00283,0.95025,
49250000000,-15.98881,-3.82276,-0.97443,0.30975,0.00053,0.00316,0.95081,
49350000000,-16.03772,-3.75797,-0.97639,0.30846,0.00387,0.00264,0.95123,
49450000000,-16.08371,-3.70384,-0.97783,0.30713,0.00187,0.00349,0.95166,
49550000000,-16.14300,-3.65706,-0.97624,0.30588,0.00117,0.00370,0.95206,
49650000000,-16.25420,-3.57865,-0.97474,0.30385,0.00390,0.00274,0.95271,
49750000000,-16.31441,-3.53678,-0.97726,0.30261,0.00207,0.00332,0.95311,
49950000000,-16.46162,-3.43532,-0.97910,0.29970,0.00288,0.00311,0.95403,
50150000000,-16.56341,-3.36580,-0.97813,0.29761,0.00267,0.00323,0.95468,
50250000000,-16.63667,-3.31573,-0.97884,0.29562,0.00238,0.00356,0.95529,
50350000000,-16.72612,-3.25610,-0.97851,0.29373,0.00133,0.00378,0.95588,
50450000000,-16.78124,-3.21861,-0.97785,0.29253,0.00372,0.00301,0.95625,
50650000000,-16.90233,-3.13768,-0.97950,0.29007,0.00133,0.00380,0.95700,
50750000000,-16.99840,-3.07480,-0.97928,0.28843,0.00305,0.00332,0.95749,
50850000000,-17.09991,-3.00791,-0.97878,0.28646,0.00170,0.00380,0.95808,
51050000000,-17.20629,-2.93834,-0.98350,0.28447,0.00358,0.00317,0.95867,
51150000000,-17.28893,-2.88521,-0.98198,0.28290,0.00165,0.00382,0.95914,
51350000000,-17.42755,-2.80208,-0.98599,0.28033,0.00304,0.00302,0.95989,
51550000000,-17.56364,-2.72674,-0.98450,0.27014,0.00253,0.00313,0.96281,
51650000000,-17.67748,-2.67641,-0.98536,0.25144,0.00217,0.00353,0.96786,
51750000000,-17.74736,-2.65339,-0.98546,0.23883,0.00172,0.00327,0.97105,
51850000000,-17.82443,-2.63022,-0.98687,0.22564,0.00258,0.00286,0.97420,
51950000000,-17.92601,-2.59765,-0.98540,0.20915,0.00466,0.00250,0.97787,
52050000000,-18.00525,-2.57470,-0.98610,0.19674,0.00238,0.00307,0.98045,
52150000000,-18.13604,-2.53952,-0.98522,0.17535,0.00423,0.00261,0.98449,
52250000000,-18.21052,-2.52374,-0.98563,0.16257,0.00366,0.00279,0.98669,
52350000000,-18.33175,-2.49937,-0.98505,0.14254,0.00211,0.00314,0.98978,
52450000000,-18.39410,-2.48684,-0.98383,0.12996,0.00159,0.00344,0.99151,
52550000000,-18.53119,-2.46121,-0.98234,0.10808,0.00486,0.00331,0.99412,
52650000000,-18.59648,-2.45016,-0.98168,0.09610,0.00378,0.00355,0.99536,
52750000000,-18.67288,-2.43882,-0.98273,0.08401,0.00237,0.00374,0.99646,
52850000000,-18.75690,-2.42987,-0.98081,0.07108,0.00316,0.00372,0.99746,
52950000000,-18.83219,-2.42234,-0.98103,0.05863,0.00441,0.00367,0.99826,
53050000000,-18.97180,-2.41876,-0.98133,0.03894,0.00314,0.00374,0.99923,
53150000000,-19.04760,-2.41950,-0.97979,0.02624,0.00220,0.00376,0.99965,
53350000000,-19.18245,-2.42625,-0.98361,0.00432,0.00585,0.00376,0.99997,
53450000000,-19.25261,-2.43141,-0.98359,-0.00413,0.00454,0.00369,0.99997,
53550000000,-19.32536,-2.43669,-0.98278,-0.01570,0.00291,0.00379,0.99987,
53750000000,-19.50326,-2.45063,-0.98626,-0.03976,0.00444,0.00482,0.99919,
53850000000,-19.58874,-2.45957,-0.98463,-0.04897,0.00249,0.00429,0.99879,
53950000000,-19.65719,-2.46892,-0.98389,-0.05499,0.00357,0.00410,0.99847,
54150000000,-19.82695,-2.49203,-0.98426,-0.07321,0.00245,0.00402,0.99731,
54250000000,-19.92743,-2.50860,-0.98240,-0.08248,0.00543,0.00420,0.99657,
54350000000,-20.05635,-2.53321,-0.98139,-0.09238,0.00325,0.00402,0.99571,
54650000000,-20.30548,-2.58782,-0.98145,-0.10848,0.00377,0.00383,0.99408,
54850000000,-20.40685,-2.61133,-0.97555,-0.11533,0.00317,0.00418,0.99331,
55050000000,-20.56137,-2.65159,-0.97638,-0.12347,0.00453,0.00384,0.99233,
55250000000,-20.72519,-2.69801,-0.98137,-0.13306,0.00467,0.00381,0.99109,
55350000000,-20.77174,-2.70962,-0.97884,-0.13623,0.00443,0.00454,0.99066,
55550000000,-20.89875,-2.74926,-0.98238,-0.14297,0.00288,0.00369,0.98972,
55750000000,-21.06628,-2.80702,-0.97578,-0.15176,0.00289,0.00369,0.98841,
55950000000,-21.18868,-2.84920,-0.98015,-0.15723,0.00534,0.00394,0.98754,
56050000000,-21.30038,-2.88556,-0.98220,-0.16231,0.00292,0.00372,0.98673,
56250000000,-21.44391,-2.93479,-0.98387,-0.16779,0.00468,0.00408,0.98580,
56450000000,-21.55486,-2.97559,-0.98603,-0.17210,0.00403,0.00384,0.98506,
56650000000,-21.68837,-3.02655,-0.97954,-0.17747,0.00295,0.00377,0.98411,
56850000000,-21.84189,-3.08409,-0.98134,-0.18338,0.00395,0.00399,0.98303,
57050000000,-21.98556,-3.14155,-0.97902,-0.18909,0.00329,0.00400,0.98195,
57250000000,-22.11886,-3.19222,-0.98081,-0.19032,0.00329,0.00402,0.98171,
57450000000,-22.28602,-3.25553,-0.98863,-0.18982,0.00418,0.00429,0.98180,
57650000000,-22.44337,-3.31784,-0.98624,-0.18944,0.00186,0.00377,0.98188,
57850000000,-22.64381,-3.39814,-0.98235,-0.18862,0.00260,0.00389,0.98204,
58050000000,-22.77307,-3.45096,-0.98472,-0.18801,0.00518,0.00442,0.98214,
58250000000,-22.94169,-3.51470,-0.98716,-0.18713,0.00474,0.00406,0.98232,
58450000000,-23.06568,-3.56025,-0.98590,-0.18606,0.00276,0.00368,0.98253,
58750000000,-23.23296,-3.62539,-0.98750,-0.18480,0.00362,0.00405,0.98276,
59050000000,-23.49903,-3.72899,-0.99122,-0.18366,0.00186,0.00342,0.98298,
59350000000,-23.74960,-3.82664,-0.98648,-0.18384,0.00178,0.00355,0.98295,
59750000000,-23.94075,-3.90092,-0.98248,-0.18345,0.00255,0.00389,0.98302,
59950000000,-24.09743,-3.95940,-0.98558,-0.18335,0.00178,0.00374,0.98304,
60150000000,-24.24988,-4.01759,-0.98568,-0.18230,0.00338,0.00412,0.98323,
60450000000,-24.43492,-4.08465,-0.98663,-0.18153,0.00468,0.00458,0.98336,
60550000000,-24.52455,-4.11071,-0.98787,-0.17749,0.00144,0.00411,0.98411,
60750000000,-24.62133,-4.12716,-0.99299,-0.16476,0.00436,0.00466,0.98631,
60950000000,-24.77914,-4.16490,-0.99188,-0.14637,0.00223,0.00424,0.98922,
61050000000,-24.83669,-4.17748,-0.99315,-0.14028,0.00399,0.00418,0.99009,
61350000000,-25.13828,-4.24397,-0.99335,-0.11014,0.00373,0.00380,0.99390,
61550000000,-25.24800,-4.26276,-0.99673,-0.09889,0.00091,0.00316,0.99509,
61650000000,-25.36809,-4.29070,-0.99146,-0.09146,0.00099,0.00302,0.99580,
61750000000,-25.48142,-4.31276,-0.98819,-0.08458,0.00315,0.00323,0.99641,
61950000000,-25.63926,-4.33792,-0.99205,-0.07481,0.00231,0.00310,0.99719,
62250000000,-25.86546,-4.36331,-0.99508,-0.05789,0.00257,0.00306,0.99831,
62450000000,-26.03481,-4.38591,-0.99306,-0.05013,0.00187,0.00319,0.99874,
62650000000,-26.18995,-4.39567,-0.99649,-0.04167,0.00338,0.00330,0.99912,
62750000000,-26.26317,-4.39707,-0.99588,-0.03706,0.00153,0.00326,0.99931,
62950000000,-26.44387,-4.40591,-0.99718,-0.02919,0.00310,0.00332,0.99956,
63150000000,-26.50533,-4.39598,-0.99430,-0.02259,0.00211,0.00342,0.99974,
63250000000,-26.61633,-4.39116,-0.99686,-0.01137,0.00091,0.00357,0.99993,
63350000000,-26.75765,-4.38522,-0.99782,0.00685,0.00182,0.00342,0.99997,
63550000000,-26.91687,-4.36392,-0.99825,0.03046,0.00076,0.00326,0.99953,
63650000000,-26.99047,-4.35835,-0.99792,0.03687,0.00252,0.00312,0.99931,
63850000000,-27.19921,-4.32806,-0.99779,0.05858,0.00028,0.00309,0.99828,
63950000000,-27.27469,-4.31435,-0.99926,0.06594,0.00257,0.00283,0.99782,
64150000000,-27.49997,-4.28885,-1.00164,0.07835,-0.00005,0.00304,0.99692,
64250000000,-27.61920,-4.26511,-1.00311,0.08850,0.00229,0.00268,0.99607,
64450000000,-27.79963,-4.22770,-1.00683,0.10117,-0.00060,0.00289,0.99486,
64550000000,-27.92277,-4.20583,-1.00888,0.10584,0.00056,0.00293,0.99438,
64750000000,-28.04212,-4.16993,-1.00785,0.11543,-0.00014,0.00301,0.99331,
64849999999,-28.18357,-4.13928,-1.01004,0.12135,0.00189,0.00295,0.99260,
64950000000,-28.31625,-4.10159,-1.00901,0.12856,-0.00091,0.00324,0.99170,
65050000000,-28.42063,-4.07359,-1.00975,0.13251,0.00071,0.00312,0.99118,
65250000000,-28.54193,-4.03951,-1.01157,0.13747,0.00162,0.00298,0.99050,
65349999999,-28.64657,-4.00552,-1.01287,0.14197,-0.00071,0.00339,0.98987,
65450000000,-28.79885,-3.96119,-1.01131,0.14737,0.00142,0.00306,0.98908,
65650000000,-29.00451,-3.89312,-1.01505,0.15462,0.00087,0.00325,0.98797,
65750000000,-29.09545,-3.85925,-1.01700,0.15902,0.00081,0.00333,0.98727,
65950000000,-29.29280,-3.79312,-1.01750,0.16506,0.00245,0.00305,0.98628,
66050000000,-29.35078,-3.76717,-1.01875,0.16774,-0.00012,0.00345,0.98583,
66250000000,-29.56565,-3.69006,-1.02231,0.17457,0.00102,0.00326,0.98464,
66349999999,-29.63615,-3.66275,-1.01959,0.17634,-0.00045,0.00365,0.98432,
66450000000,-29.72952,-3.62454,-1.02298,0.17899,0.00201,0.00300,0.98384,
66650000000,-29.92487,-3.55163,-1.01984,0.18262,-0.00018,0.00357,0.98318,
66750000000,-30.05553,-3.50166,-1.02161,0.18249,0.00121,0.00314,0.98320,
66849999999,-30.18624,-3.45491,-1.02369,0.18227,0.00096,0.00321,0.98324,
67050000000,-30.34389,-3.39640,-1.02627,0.18188,0.00036,0.00337,0.98331,
67150000000,-30.45591,-3.35457,-1.02455,0.18091,0.00204,0.00380,0.98349,
67349999999,-30.65985,-3.27954,-1.03228,0.17984,0.00232,0.00304,0.98369,
67450000000,-30.74966,-3.24561,-1.03089,0.18003,0.00075,0.00349,0.98365,
67650000000,-30.96331,-3.16589,-1.03868,0.17974,0.00288,0.00296,0.98371,
67849999999,-31.12172,-3.10712,-1.03707,0.17932,0.00030,0.00351,0.98379,
67950000000,-31.17440,-3.08110,-1.03702,0.17913,-0.00009,0.00354,0.98382,
68050000000,-31.29384,-3.03477,-1.03828,0.17888,0.00305,0.00287,0.98386,
68250000000,-31.50937,-2.95273,-1.03789,0.17795,0.00062,0.00344,0.98403,
68349999999,-31.59761,-2.91866,-1.04011,0.17778,0.00262,0.00293,0.98406,
68550000000,-31.80211,-2.84080,-1.03703,0.17717,-0.00042,0.00360,0.98417,
68750000000,-32.03729,-2.75552,-1.03680,0.17570,0.00065,0.00384,0.98444,
68850000000,-32.16300,-2.70987,-1.03929,0.17503,-0.00067,0.00365,0.98456,
69050000000,-32.36946,-2.63431,-1.03467,0.17431,0.00035,0.00345,0.98468,
69250000000,-32.58050,-2.55575,-1.03620,0.17379,0.00190,0.00307,0.98478,
69450000000,-32.80666,-2.47624,-1.04508,0.17326,0.00253,0.00284,0.98487,
69550000000,-32.87589,-2.44762,-1.04153,0.17396,0.00142,0.00328,0.98475,
69650000000,-33.00473,-2.40013,-1.04532,0.17478,0.00028,0.00335,0.98460,
69850000000,-33.18228,-2.33196,-1.04122,0.17639,0.00177,0.00314,0.98431,
70050000000,-33.36033,-2.26093,-1.04852,0.17818,0.00249,0.00294,0.98399,
70150000000,-33.46135,-2.22037,-1.04497,0.17935,0.00133,0.00318,0.98378,
70350000000,-33.67305,-2.13696,-1.05110,0.18148,0.00295,0.00276,0.98339,
70450000000,-33.79180,-2.09168,-1.04997,0.18267,0.00082,0.00307,0.98317,
70550000000,-33.89852,-2.05089,-1.04913,0.18351,-0.00025,0.00331,0.98301,
70750000000,-34.12120,-1.96419,-1.04623,0.18545,0.00080,0.00315,0.98265,
70950000000,-34.28269,-1.89772,-1.04754,0.18687,0.00167,0.00302,0.98238,
71050000000,-34.40007,-1.85031,-1.05030,0.18814,0.00266,0.00273,0.98214,
71250000000,-34.60907,-1.76483,-1.05048,0.18988,0.00011,0.00337,0.98180,
71350000000,-34.70678,-1.72507,-1.05082,0.19071,0.00266,0.00282,0.98164,
71450000000,-34.83368,-1.67339,-1.05031,0.19179,0.00091,0.00322,0.98143,
71550000000,-34.93768,-1.63036,-1.05082,0.19259,-0.00023,0.00350,0.98127,
71750000000,-35.11873,-1.55375,-1.05172,0.19438,0.00277,0.00281,0.98092,
71950000000,-35.32313,-1.46916,-1.05711,0.19607,0.00170,0.00298,0.98058,
72050000000,-35.43086,-1.42228,-1.05459,0.19719,0.00139,0.00304,0.98036,
72150000000,-35.55329,-1.36936,-1.05762,0.19828,-0.00029,0.00340,0.98014,
72350000000,-35.78057,-1.27232,-1.05512,0.20085,0.00146,0.00315,0.97962,
72450000000,-35.89616,-1.22022,-1.06013,0.20219,0.00052,0.00329,0.97934,
72550000000,-36.00122,-1.17397,-1.05883,0.20308,0.00294,0.00283,0.97915,
72650000000,-36.08619,-1.13531,-1.05834,0.20448,0.00148,0.00318,0.97886,
72850000000,-36.31223,-1.03107,-1.06075,0.20718,0.00122,0.00321,0.97830,
72950000000,-36.40323,-0.98537,-1.05940,0.20984,0.00024,0.00362,0.97773,
73050000000,-36.48155,-0.93941,-1.05945,0.21648,0.00312,0.00314,0.97628,
73150000000,-36.51630,-0.90766,-1.05776,0.22195,0.00385,0.00309,0.97505,
73250000000,-36.58395,-0.85184,-1.06284,0.23619,0.00168,0.00371,0.97170,
73350000000,-36.62156,-0.81563,-1.06188,0.24397,0.00126,0.00391,0.96977,
73450000000,-36.65826,-0.77949,-1.06438,0.25229,0.00160,0.00381,0.96764,
73550000000,-36.75876,-0.70678,-1.06365,0.26807,0.00353,0.00313,0.96339,
73750000000,-36.91196,-0.58814,-1.06574,0.28884,0.00077,0.00372,0.95737,
73850000000,-36.99122,-0.53255,-1.06776,0.29530,0.00094,0.00353,0.95540,
73950000000,-37.13243,-0.43089,-1.06780,0.31005,0.00131,0.00328,0.95071,
74050000000,-37.22990,-0.35955,-1.06776,0.31905,0.00025,0.00352,0.94773,
74150000000,-37.32694,-0.27539,-1.06727,0.33118,0.00127,0.00294,0.94356,
74250000000,-37.42125,-0.20535,-1.06751,0.33797,0.00170,0.00268,0.94115,
74350000000,-37.48702,-0.14930,-1.06962,0.34430,-0.00004,0.00333,0.93885,
74450000000,-37.55324,-0.08996,-1.06671,0.35048,0.00156,0.00270,0.93657,
74650000000,-37.65998,0.02320,-1.06566,0.36290,0.00102,0.00287,0.93182,
74850000000,-37.79989,0.14930,-1.06746,0.37107,0.00233,0.00249,0.92860,
74950000000,-37.83382,0.19526,-1.06780,0.37565,0.00047,0.00320,0.92675,
75150000000,-37.97986,0.33736,-1.06892,0.38342,0.00347,0.00213,0.92356,
75250000000,-38.01810,0.39171,-1.07148,0.38904,0.00369,0.00195,0.92121,
75350000000,-38.13343,0.50410,-1.06985,0.39390,0.00073,0.00342,0.91915,
75450000000,-38.18628,0.56516,-1.07208,0.39767,0.00238,0.00268,0.91752,
75550000000,-38.25414,0.64225,-1.07420,0.40238,0.00248,0.00257,0.91547,
75750000000,-38.35785,0.76708,-1.07237,0.40900,0.00102,0.00327,0.91253,
75850000000,-38.44046,0.85554,-1.07576,0.41233,0.00335,0.00216,0.91103,
76050000000,-38.57306,1.00239,-1.07344,0.41650,0.00076,0.00333,0.90913,
76150000000,-38.63142,1.06707,-1.07659,0.41710,0.00316,0.00208,0.90885,
76250000000,-38.72391,1.17371,-1.07676,0.41822,0.00091,0.00321,0.90834,
76450000000,-38.81729,1.28045,-1.07855,0.41869,0.00339,0.00210,0.90812,
76550000000,-38.87996,1.35320,-1.08126,0.41976,0.00321,0.00230,0.90763,
76650000000,-38.95576,1.44308,-1.08485,0.42036,0.00107,0.00335,0.90735,
76750000000,-39.03457,1.53574,-1.08373,0.42080,0.00362,0.00217,0.90714,
76850000000,-39.09853,1.60920,-1.08769,0.42108,0.00194,0.00300,0.90702,
77050000000,-39.20517,1.73546,-1.08699,0.42156,0.00257,0.00276,0.90679,
77150000000,-39.26148,1.80769,-1.08845,0.42164,0.00267,0.00280,0.90675,
77350000000,-39.37767,1.94633,-1.08699,0.42198,0.00316,0.00257,0.90660,
77450000000,-39.45575,2.04418,-1.08646,0.42368,0.00238,0.00302,0.90580,
77650000000,-39.58188,2.19395,-1.08784,0.42437,0.00213,0.00314,0.90548,
77850000000,-39.70771,2.34947,-1.08451,0.42568,0.00269,0.00290,0.90487,
77950000000,-39.80374,2.46558,-1.08890,0.42630,0.00173,0.00320,0.90457,
78050000000,-39.87930,2.55778,-1.08829,0.42678,0.00353,0.00226,0.90434,
78150000000,-39.93554,2.62625,-1.09086,0.42713,0.00258,0.00276,0.90418,
78350000000,-40.04318,2.75660,-1.09477,0.42770,0.00139,0.00326,0.90391,
78450000000,-40.13034,2.86091,-1.09444,0.42818,0.00438,0.00183,0.90368,
78550000000,-40.21748,2.96475,-1.09642,0.42744,0.00171,0.00340,0.90403,
78750000000,-40.33442,3.10882,-1.09865,0.42800,0.00339,0.00234,0.90377,
78850000000,-40.40773,3.19872,-1.10204,0.42743,0.00203,0.00313,0.90404,
79050000000,-40.52009,3.33754,-1.10015,0.42777,0.00189,0.00308,0.90388,
79250000000,-40.61539,3.45795,-1.10259,0.42854,0.00300,0.00242,0.90352,
79450000000,-40.69873,3.56514,-1.10354,0.42913,0.00221,0.00286,0.90323,
79550000000,-40.75535,3.63834,-1.10179,0.42968,0.00453,0.00174,0.90297,
79650000000,-40.80728,3.70536,-1.10327,0.43108,0.00291,0.00261,0.90230,
79750000000,-40.86666,3.78708,-1.10216,0.43284,0.00170,0.00309,0.90146,
79850000000,-40.94298,3.88426,-1.10151,0.43491,0.00435,0.00191,0.90046,
79950000000,-41.00431,3.96718,-1.10250,0.43712,0.00197,0.00288,0.89939,
80050000000,-41.07395,4.05772,-1.10178,0.43883,0.00431,0.00158,0.89856,
80150000000,-41.14031,4.14519,-1.10431,0.44031,0.00153,0.00293,0.89784,
80250000000,-41.20179,4.22771,-1.10286,0.44188,0.00421,0.00150,0.89706,
80350000000,-41.28593,4.34045,-1.10634,0.44370,0.00219,0.00250,0.89617,
80550000000,-41.40098,4.49070,-1.10354,0.44586,0.00282,0.00220,0.89510,
80750000000,-41.52157,4.65688,-1.10530,0.44839,0.00409,0.00152,0.89383,
80850000000,-41.56871,4.72387,-1.10776,0.45124,0.00313,0.00115,0.89240,
81050000000,-41.64584,4.83133,-1.10402,0.45337,0.00138,0.00283,0.89132,
81250000000,-41.75956,4.98853,-1.10706,0.45674,0.00358,0.00173,0.88959,
81450000000,-41.87461,5.15403,-1.10303,0.45895,0.00383,0.00157,0.88845,
81550000000,-41.93714,5.24474,-1.10490,0.46075,0.00258,0.00230,0.88752,
81650000000,-42.00279,5.34143,-1.10390,0.46216,0.00351,0.00174,0.88679,
81850000000,-42.06496,5.43259,-1.10656,0.46341,0.00360,0.00148,0.88613,
81950000000,-42.14367,5.54914,-1.10724,0.46479,0.00228,0.00235,0.88541,
82050000000,-42.21214,5.64423,-1.10891,0.46561,0.00387,0.00162,0.88498,
82150000000,-42.25244,5.70518,-1.10679,0.46679,0.00444,0.00138,0.88435,
82250000000,-42.31877,5.80726,-1.10979,0.46840,0.00198,0.00260,0.88351,
82350000000,-42.36263,5.87266,-1.10673,0.46903,0.00153,0.00287,0.88318,
82550000000,-42.49708,6.07309,-1.10676,0.47144,0.00372,0.00165,0.88189,
82650000000,-42.55008,6.15495,-1.10764,0.47228,0.00185,0.00274,0.88144,
82750000000,-42.59931,6.23123,-1.11108,0.47315,0.00401,0.00154,0.88097,
82950000000,-42.70273,6.39007,-1.10686,0.47486,0.00206,0.00267,0.88005,
83150000000,-42.81786,6.56787,-1.11237,0.47695,0.00446,0.00141,0.87892,
83250000000,-42.86593,6.63339,-1.11567,0.47760,0.00384,0.00149,0.87857,
83350000000,-42.92002,6.71343,-1.11464,0.47702,0.00223,0.00235,0.87889,
83450000000,-43.00675,6.84143,-1.11482,0.47451,0.00272,0.00201,0.88024,
83550000000,-43.06983,6.93037,-1.11755,0.47304,0.00434,0.00119,0.88103,
83650000000,-43.11646,6.99912,-1.11546,0.47165,0.00393,0.00137,0.88178,
83750000000,-43.17804,7.08566,-1.11862,0.47008,0.00215,0.00235,0.88262,
83950000000,-43.28835,7.24556,-1.12062,0.46689,0.00335,0.00178,0.88431,
84050000000,-43.34685,7.32735,-1.11850,0.46586,0.00321,0.00183,0.88485,
84250000000,-43.47425,7.50664,-1.12200,0.46255,0.00321,0.00187,0.88659,
84350000000,-43.51570,7.56836,-1.11948,0.46144,0.00384,0.00162,0.88716,
84450000000,-43.58374,7.66549,-1.11943,0.45972,0.00194,0.00262,0.88806,
84650000000,-43.72135,7.85567,-1.12260,0.45617,0.00350,0.00171,0.88988,
84850000000,-43.82961,8.00820,-1.12386,0.45327,0.00327,0.00197,0.89137,
84950000000,-43.87522,8.07031,-1.12095,0.45293,0.00420,0.00177,0.89153,
85050000000,-43.95295,8.17460,-1.12126,0.45169,0.00251,0.00242,0.89217,
85150000000,-44.03816,8.28656,-1.12292,0.44989,0.00135,0.00297,0.89308,
85250000000,-44.12210,8.39869,-1.12043,0.44821,0.00392,0.00174,0.89392,
85350000000,-44.18861,8.48510,-1.12165,0.44723,0.00243,0.00242,0.89441,
85550000000,-44.32767,8.66585,-1.12064,0.44389,0.00388,0.00244,0.89607,
85650000000,-44.39534,8.75108,-1.12264,0.44209,0.00176,0.00285,0.89697,
85850000000,-44.54304,8.93669,-1.12369,0.43888,0.00427,0.00142,0.89853,
85950000000,-44.61254,9.02249,-1.12704,0.43773,0.00265,0.00214,0.89910,
86050000000,-44.69197,9.12222,-1.12664,0.43583,0.00135,0.00277,0.90003,
86250000000,-44.82738,9.29427,-1.12488,0.43307,0.00207,0.00250,0.90136,
86450000000,-44.93669,9.43416,-1.13111,0.43271,0.00397,0.00154,0.90153,
86550000000,-44.99882,9.51231,-1.12898,0.43269,0.00392,0.00162,0.90154,
86750000000,-45.11407,9.66175,-1.13219,0.43269,0.00350,0.00179,0.90154,
86850000000,-45.18440,9.75328,-1.13010,0.43315,0.00283,0.00222,0.90132,
87050000000,-45.31970,9.92494,-1.13577,0.43429,0.00477,0.00122,0.90076,
87250000000,-45.44050,10.07682,-1.13112,0.43513,0.00245,0.00228,0.90036,
87450000000,-45.55741,10.22792,-1.13024,0.43531,0.00398,0.00148,0.90027,
87650000000,-45.67474,10.37937,-1.13579,0.43536,0.00248,0.00220,0.90025,
87850000000,-45.79880,10.53453,-1.13534,0.43536,0.00346,0.00171,0.90025,
88050000000,-45.94300,10.71859,-1.13491,0.43546,0.00327,0.00184,0.90020,
88250000000,-46.02354,10.82403,-1.13208,0.43546,0.00228,0.00242,0.90020,
88350000000,-46.09930,10.91917,-1.13142,0.43605,0.00478,0.00139,0.89991,
88450000000,-46.17859,11.02372,-1.13297,0.43682,0.00276,0.00218,0.89954,
88550000000,-46.26500,11.13292,-1.13233,0.43690,0.00481,0.00118,0.89950,
88650000000,-46.30857,11.18913,-1.13547,0.43735,0.00447,0.00136,0.89928,
88750000000,-46.38916,11.29225,-1.13410,0.43762,0.00232,0.00236,0.89916,
88950000000,-46.52445,11.46690,-1.13779,0.43790,0.00470,0.00132,0.89901,
89150000000,-46.68076,11.66816,-1.13925,0.43862,0.00173,0.00256,0.89867,
89350000000,-46.81215,11.83630,-1.14015,0.43888,0.00452,0.00133,0.89853,
89550000000,-46.92669,11.98134,-1.14296,0.43930,0.00153,0.00254,0.89834,
89750000000,-47.03281,12.12398,-1.13812,0.43937,0.00369,0.00155,0.89830,
89850000000,-47.10374,12.21985,-1.13848,0.44006,0.00308,0.00198,0.89796,
