7,3.17771,-0.00163,-0.02102,0.99935,-0.00013,-0.03591,0.00081,1.17765,-0.00465,-0.09671,
7,3.48469,-0.00124,-0.03625,0.99878,0.00023,-0.04944,0.00057,2.31808,-0.00520,-0.10654,
7,4.15318,0.00380,-0.11297,0.99865,-0.00020,-0.05204,0.00025,2.87349,0.00393,-0.15985,
7,4.41527,0.00195,-0.13205,0.99790,0.00001,-0.06477,-0.00039,2.89868,-0.00169,-0.04859,
7,4.74381,0.00112,-0.12436,0.99845,-0.00001,-0.05564,-0.00163,1.97095,-0.00600,0.00550,
7,5.00271,0.00171,-0.12492,0.99957,-0.00007,-0.02915,-0.00257,3.07507,-0.00485,0.15923,
7,5.33751,0.00034,-0.12319,0.99992,0.00009,-0.01206,-0.00340,3.00796,-0.02049,-0.11549,
8,5.60593,-0.00262,-0.12725,0.99987,0.00015,-0.01601,-0.00347,2.57798,-0.02053,-0.05054,
8,5.86014,-0.00543,-0.13163,0.99985,0.00030,-0.01703,-0.00348,2.14254,-0.01986,-0.05612,
8,6.02053,-0.00684,-0.13827,0.99983,0.00040,-0.01799,-0.00387,2.60442,-0.02516,-0.03834,
8,6.29852,-0.01164,-0.14619,0.99981,0.00055,-0.01916,-0.00460,1.14618,-0.02013,-0.08241,
8,6.44943,-0.01388,-0.14652,0.99978,0.00048,-0.02041,-0.00476,2.09282,-0.02943,-0.04598,
8,6.70300,-0.01432,-0.14021,0.99976,0.00045,-0.02124,-0.00536,2.11944,-0.02982,-0.02802,
8,6.84591,-0.01215,-0.14827,0.99974,0.00020,-0.02195,-0.00543,1.56946,-0.01872,-0.04123,
8,6.97090,-0.01463,-0.14541,0.99974,0.00023,-0.02213,-0.00550,1.40629,-0.01916,-0.04295,
8,7.07812,-0.01771,-0.14159,0.99970,0.00038,-0.02388,-0.00572,1.01360,-0.01736,-0.03651,
8,7.01796,-0.02009,-0.11782,0.99958,0.00047,-0.02832,-0.00645,1.07536,-0.02161,-0.00667,
9,7.10748,-0.02038,-0.10935,0.99953,0.00033,-0.02978,-0.00696,0.97168,-0.02100,0.00182,
9,7.03940,-0.02061,-0.09292,0.99942,0.00019,-0.03336,-0.00710,1.03105,-0.02130,0.03022,
9,7.22537,-0.01938,-0.09925,0.99946,0.00039,-0.03190,-0.00815,0.70963,-0.01525,0.01043,
9,7.39929,-0.02121,-0.10944,0.99945,0.00018,-0.03211,-0.00852,0.36363,-0.00958,-0.01100,
9,7.43207,-0.02232,-0.11073,0.99940,0.00012,-0.03364,-0.00865,0.48494,-0.01247,0.00261,
9,7.53423,-0.02279,-0.11292,0.99944,0.00011,-0.03230,-0.00872,0.50356,-0.01207,-0.00328,
9,7.66086,-0.02291,-0.11852,0.99940,0.00009,-0.03342,-0.00876,0.24959,-0.00714,-0.00917,
9,7.71694,-0.02558,-0.12149,0.99940,0.00010,-0.03349,-0.00851,0.57928,-0.01417,0.01641,
9,7.77826,-0.02629,-0.12634,0.99938,0.00047,-0.03404,-0.00933,0.21753,-0.00715,-0.00569,
9,7.87367,-0.02986,-0.13818,0.99936,0.00031,-0.03412,-0.01039,0.12773,-0.01050,-0.01217,
10,7.94068,-0.02972,-0.14782,0.99934,0.00018,-0.03462,-0.01073,0.00570,-0.00692,-0.01471,
10,7.90528,-0.02864,-0.15234,0.99936,0.00008,-0.03418,-0.01085,-0.01360,-0.00411,-0.02999,
10,7.91865,-0.02827,-0.15706,0.99934,-0.00007,-0.03458,-0.01095,-0.19628,0.00088,-0.03115,
10,7.90865,-0.02872,-0.16780,0.99927,0.00006,-0.03652,-0.01154,-0.36987,0.00403,-0.03886,
10,7.85986,-0.02812,-0.18110,0.99922,0.00009,-0.03745,-0.01246,-0.43349,0.00462,-0.04452,
10,7.75807,-0.02384,-0.19065,0.99920,0.00001,-0.03789,-0.01306,-0.59309,0.00874,-0.06252,
10,7.68864,-0.02042,-0.20194,0.99915,0.00010,-0.03899,-0.01323,-0.94567,0.01874,-0.07837,
10,7.57637,-0.02083,-0.20890,0.99916,-0.00030,-0.03873,-0.01320,-1.10353,0.02664,-0.08771,
10,7.46637,-0.01720,-0.21813,0.99916,-0.00038,-0.03885,-0.01334,-1.00265,0.02388,-0.07388,
10,7.40022,-0.01456,-0.22288,0.99913,-0.00035,-0.03943,-0.01340,-0.87544,0.02020,-0.06106,
11,7.28331,-0.01393,-0.23204,0.99908,-0.00055,-0.04065,-0.01334,-1.14642,0.02954,-0.07504,
11,7.14618,-0.00877,-0.24517,0.99905,-0.00062,-0.04150,-0.01350,-1.61380,0.04366,-0.11050,
11,7.00960,-0.00571,-0.25730,0.99903,-0.00056,-0.04183,-0.01367,-1.73383,0.04732,-0.11873,
11,6.85130,-0.00291,-0.26153,0.99906,-0.00042,-0.04043,-0.01535,-1.48297,0.03971,-0.10178,
11,6.69077,0.00457,-0.27251,0.99908,-0.00067,-0.03995,-0.01573,-2.11097,0.06412,-0.13151,
11,6.53523,0.01051,-0.27684,0.99912,-0.00067,-0.03888,-0.01595,-2.06290,0.06429,-0.13445,
11,6.32668,0.01796,-0.29313,0.99905,-0.00062,-0.04050,-0.01616,-1.61692,0.04938,-0.10011,
11,6.13748,0.02718,-0.29893,0.99914,-0.00046,-0.03803,-0.01661,-1.68971,0.05351,-0.10104,
11,5.90421,0.03546,-0.31105,0.99910,-0.00053,-0.03892,-0.01682,-2.88608,0.09351,-0.18384,
11,5.73132,0.04151,-0.31546,0.99921,-0.00020,-0.03609,-0.01680,-2.17065,0.07005,-0.12636,
12,5.51827,0.04874,-0.32510,0.99917,-0.00040,-0.03705,-0.01682,-1.65579,0.05361,-0.08577,
12,5.34076,0.05423,-0.32910,0.99924,-0.00040,-0.03539,-0.01661,-2.84150,0.09342,-0.16894,
12,5.10675,0.06279,-0.33907,0.99927,-0.00050,-0.03429,-0.01671,-2.24388,0.07510,-0.11702,
12,4.91509,0.06714,-0.33834,0.99935,-0.00026,-0.03221,-0.01639,-2.72473,0.08855,-0.14295,
12,4.62027,0.07557,-0.35249,0.99931,-0.00019,-0.03309,-0.01709,-2.16511,0.06850,-0.10970,
12,4.37712,0.08031,-0.35788,0.99937,-0.00005,-0.03132,-0.01683,-3.10340,0.09679,-0.15603,
12,4.11946,0.08867,-0.36865,0.99937,-0.00014,-0.03108,-0.01688,-2.79303,0.08744,-0.12851,
12,3.94036,0.09155,-0.36917,0.99943,0.00005,-0.02945,-0.01634,-2.31170,0.06801,-0.10829,
12,3.70080,0.09921,-0.38027,0.99941,-0.00004,-0.03024,-0.01634,-2.96425,0.08964,-0.13873,
12,3.41832,0.10727,-0.38810,0.99947,0.00034,-0.02847,-0.01601,-3.78713,0.11490,-0.17959,
13,2.99869,0.12027,-0.41104,0.99944,0.00002,-0.02942,-0.01602,-2.64955,0.07843,-0.11807,
13,2.76471,0.12666,-0.41556,0.99949,-0.00001,-0.02785,-0.01574,-3.02257,0.08955,-0.13165,
13,2.46881,0.13581,-0.42801,0.99948,0.00002,-0.02798,-0.01575,-4.05574,0.12141,-0.18441,
13,2.19957,0.14384,-0.43496,0.99953,-0.00001,-0.02650,-0.01554,-3.12341,0.09139,-0.13387,
13,1.87803,0.15311,-0.44947,0.99952,-0.00005,-0.02690,-0.01557,-2.42095,0.06840,-0.10358,
13,1.59393,0.16238,-0.45442,0.99955,-0.00007,-0.02574,-0.01548,-4.26513,0.12605,-0.17704,
13,1.24932,0.17231,-0.46816,0.99953,-0.00009,-0.02642,-0.01550,-3.41266,0.09883,-0.14372,
13,0.95551,0.17802,-0.47490,0.99957,0.00030,-0.02475,-0.01545,-2.51520,0.06756,-0.09477,
13,0.64397,0.18490,-0.48385,0.99959,0.00009,-0.02403,-0.01547,-4.42511,0.12438,-0.18088,
13,0.28416,0.19516,-0.49746,0.99959,-0.00000,-0.02392,-0.01548,-3.01647,0.08048,-0.11229,
14,0.01590,0.20170,-0.50119,0.99960,-0.00002,-0.02353,-0.01538,-4.68589,0.13082,-0.18548,
14,-0.41587,0.21407,-0.51938,0.99960,0.00026,-0.02385,-0.01536,-3.53634,0.09493,-0.12781,
14,-0.75616,0.22494,-0.52562,0.99962,-0.00003,-0.02306,-0.01528,-2.63039,0.06915,-0.09470,
14,-1.07305,0.23313,-0.52925,0.99963,-0.00011,-0.02243,-0.01522,-3.99608,0.11041,-0.13803,
14,-1.38315,0.24206,-0.54078,0.99962,-0.00015,-0.02302,-0.01518,-3.02622,0.08064,-0.10006,
14,-1.70307,0.24921,-0.54344,0.99966,-0.00013,-0.02116,-0.01512,-3.92047,0.10617,-0.13802,
14,-2.10747,0.26075,-0.55805,0.99965,-0.00019,-0.02161,-0.01513,-5.11001,0.14252,-0.17535,
14,-2.48774,0.27065,-0.56704,0.99966,-0.00021,-0.02120,-0.01509,-2.49727,0.06345,-0.07436,
14,-2.81834,0.28013,-0.57395,0.99967,-0.00005,-0.02072,-0.01505,-4.10284,0.11268,-0.13537,
14,-3.23355,0.29192,-0.58746,0.99969,-0.00027,-0.02002,-0.01504,-4.73141,0.13161,-0.14918,
15,-3.72340,0.30837,-0.59577,0.99967,-0.00036,-0.02070,-0.01501,-5.04034,0.14364,-0.15431,
15,-4.11504,0.32053,-0.60057,0.99968,-0.00035,-0.02054,-0.01502,-6.01660,0.17427,-0.18412,
15,-4.52432,0.33220,-0.60749,0.99970,-0.00042,-0.01962,-0.01499,-2.88271,0.08011,-0.07127,
15,-4.87921,0.34295,-0.60652,0.99970,-0.00042,-0.01956,-0.01497,-4.23612,0.12095,-0.10326,
15,-5.33892,0.35687,-0.62262,0.99969,-0.00036,-0.01980,-0.01493,-4.42277,0.12712,-0.12038,
15,-5.79545,0.37025,-0.63652,0.99969,-0.00046,-0.01970,-0.01492,-5.25464,0.15225,-0.14307,
15,-6.39652,0.38763,-0.65738,0.99975,-0.00039,-0.01680,-0.01489,-5.50094,0.15953,-0.15780,
15,-6.65948,0.39823,-0.65615,0.99980,-0.00035,-0.01369,-0.01482,-4.31468,0.12630,-0.10417,
15,-7.14566,0.41318,-0.66591,0.99979,-0.00037,-0.01386,-0.01476,-3.88910,0.11450,-0.09315,
15,-7.48649,0.41997,-0.66579,0.99977,-0.00024,-0.01452,-0.01551,-4.84124,0.11825,-0.11908,
16,-7.88490,0.42742,-0.67872,0.99968,-0.00011,-0.01561,-0.02000,-3.70018,0.06850,-0.08047,
16,-8.26898,0.42465,-0.68414,0.99923,0.00020,-0.01572,-0.03607,-4.27177,0.06429,-0.09743,
16,-8.60771,0.42461,-0.68917,0.99843,0.00041,-0.01554,-0.05385,-2.74734,0.05784,-0.04525,
16,-8.94721,0.43269,-0.69314,0.99688,0.00077,-0.01518,-0.07747,-4.15376,0.17785,-0.08975,
16,-9.25128,0.43381,-0.70048,0.99597,0.00107,-0.01529,-0.08835,-3.59055,0.17081,-0.07473,
16,-9.49243,0.44311,-0.70127,0.99453,0.00132,-0.01499,-0.10332,-3.16211,0.15804,-0.05627,
16,-9.80065,0.46511,-0.70652,0.99249,0.00158,-0.01487,-0.12139,-3.10411,0.17958,-0.05784,
16,-9.97148,0.47877,-0.70397,0.99156,0.00167,-0.01328,-0.12898,-3.23505,0.23319,-0.05625,
16,-10.12057,0.49832,-0.69958,0.98983,0.00178,-0.01210,-0.14170,-2.19158,0.06536,-0.02392,
16,-10.20170,0.51446,-0.69443,0.98875,0.00160,-0.01205,-0.14911,-2.32745,0.13762,-0.02343,
17,-10.21623,0.53594,-0.68753,0.98819,0.00114,-0.01070,-0.15288,-2.04153,0.14937,-0.01381,
17,-10.44676,0.54793,-0.69102,0.98800,0.00125,-0.01134,-0.15401,-2.07433,0.15135,-0.02116,
17,-10.64126,0.55559,-0.69348,0.98800,0.00127,-0.01174,-0.15402,-1.88901,0.08557,-0.01261,
17,-10.83467,0.56219,-0.69536,0.98807,0.00133,-0.01174,-0.15358,-1.85185,0.06647,-0.00789,
17,-10.99315,0.56379,-0.69597,0.98802,0.00135,-0.01189,-0.15384,-1.66767,-0.00462,-0.00874,
17,-11.12955,0.55885,-0.69568,0.98773,0.00138,-0.01206,-0.15573,-1.49410,-0.07503,-0.00178,
17,-11.25669,0.55201,-0.69438,0.98729,0.00134,-0.01277,-0.15840,-1.62329,-0.03223,-0.00425,
17,-10.69623,0.54763,-0.66548,0.98629,0.00083,-0.01050,-0.16467,-0.69062,-0.21790,0.02154,
17,-10.86146,0.53957,-0.67040,0.98547,0.00083,-0.01152,-0.16944,-0.83373,-0.19208,0.01437,
17,-10.00198,0.55424,-0.64467,0.98430,0.00040,-0.00781,-0.17633,-0.78449,0.05555,0.01138,
18,-9.43104,0.53174,-0.67160,0.98284,0.00036,-0.00594,-0.18439,0.57311,-0.38875,-0.00118,
18,-9.39487,0.50976,-0.69021,0.98152,0.00074,-0.00698,-0.19122,0.03050,-0.16273,-0.02413,
18,-9.34121,0.47397,-0.70191,0.97962,0.00102,-0.00819,-0.20068,-0.07667,-0.12280,-0.03588,
18,-9.28621,0.42821,-0.71005,0.97748,0.00140,-0.00903,-0.21085,0.46581,-0.41933,-0.02484,
18,-9.26639,0.39562,-0.71602,0.97570,0.00180,-0.00967,-0.21888,0.59956,-0.53050,-0.02614,
18,-9.24735,0.35547,-0.72755,0.97364,0.00212,-0.01053,-0.22782,-0.31457,-0.06236,-0.05287,
18,-9.18204,0.29795,-0.73600,0.97057,0.00227,-0.01152,-0.24053,0.60185,-0.60742,-0.03633,
18,-9.16136,0.25126,-0.74428,0.96821,0.00260,-0.01190,-0.24984,0.59427,-0.65170,-0.04486,
18,-9.10010,0.18519,-0.75030,0.96472,0.00277,-0.01258,-0.26295,0.22687,-0.46632,-0.05105,
18,-9.06596,0.13008,-0.75688,0.96173,0.00308,-0.01280,-0.27370,0.71284,-0.83459,-0.04502,
19,-8.99671,0.04664,-0.76112,0.95724,0.00336,-0.01330,-0.28897,0.54707,-0.78508,-0.04063,
19,-8.91744,-0.04740,-0.76729,0.95213,0.00035,-0.02324,-0.30481,0.28340,-0.63659,-0.08526,
19,-8.88895,-0.10733,-0.77797,0.94755,-0.00441,-0.03807,-0.31731,0.20458,-0.59857,-0.12637,
19,-8.87393,-0.15232,-0.79268,0.94264,-0.01129,-0.05685,-0.32874,0.12741,-0.51098,-0.16327,
19,-8.87838,-0.17682,-0.80278,0.93996,-0.01255,-0.06047,-0.33564,0.01400,-0.40085,-0.06737,
19,-8.85467,-0.22141,-0.79827,0.93727,-0.00416,-0.03726,-0.34658,-0.00203,-0.37556,0.07425,
19,-8.85684,-0.24541,-0.79308,0.93625,0.00648,-0.00920,-0.35115,-0.13694,-0.27083,0.01164,
19,-8.85157,-0.27601,-0.80586,0.93726,0.00826,-0.00634,-0.34848,-0.01228,-0.41058,-0.07858,
19,-8.86291,-0.29281,-0.81257,0.93817,0.00671,-0.01083,-0.34594,-0.09482,-0.32945,-0.06473,
19,-8.80150,-0.35313,-0.82099,0.94194,0.00659,-0.01123,-0.33552,0.22370,-0.51673,-0.07042,
20,-8.77691,-0.39800,-0.82488,0.94469,0.00758,-0.01044,-0.32772,-0.00716,-0.33007,-0.07322,
20,-8.71814,-0.45355,-0.83621,0.94858,0.00821,-0.01006,-0.31626,0.64655,-0.73632,-0.05910,
20,-8.69877,-0.47781,-0.85268,0.95060,0.00919,-0.00927,-0.31014,0.32703,-0.47479,-0.07859,
20,-8.60415,-0.51667,-0.86776,0.95472,0.00969,-0.00845,-0.29722,0.58401,-0.55076,-0.08518,
20,-8.50854,-0.55935,-0.88506,0.95886,0.01049,-0.00771,-0.28359,0.21646,-0.26431,-0.10080,
20,-8.41903,-0.59664,-0.89194,0.96302,0.01109,-0.00746,-0.26911,0.92450,-0.59662,-0.09112,
20,-8.35237,-0.64233,-0.89860,0.96598,0.01201,-0.00783,-0.25820,0.92165,-0.54897,-0.08913,
20,-8.26819,-0.68319,-0.90707,0.96927,0.01026,-0.01761,-0.24515,0.64293,-0.36712,-0.13499,
20,-8.20163,-0.68984,-0.91848,0.97231,0.00715,-0.03260,-0.23130,0.47580,-0.22690,-0.16496,
20,-8.14731,-0.70734,-0.92881,0.97516,0.00616,-0.04239,-0.21730,0.44493,-0.21032,-0.06601,
21,-8.11028,-0.72060,-0.93115,0.97746,0.00929,-0.03487,-0.20800,-0.17571,0.10592,-0.06541,
21,-8.05544,-0.74425,-0.92133,0.98044,0.01676,-0.00257,-0.19609,0.44950,-0.21764,0.07859,
21,-8.01827,-0.75436,-0.92944,0.98061,0.01783,-0.00014,-0.19517,0.30901,-0.07320,-0.08595,
21,-7.97118,-0.77248,-0.93170,0.97980,0.01820,-0.00451,-0.19909,0.66133,-0.25862,-0.07162,
21,-7.89160,-0.80714,-0.93546,0.97793,0.01865,-0.00531,-0.20804,0.21536,-0.05626,-0.05708,
21,-7.80823,-0.84957,-0.94029,0.97545,0.01955,-0.00494,-0.21929,0.83195,-0.39934,-0.05860,
21,-7.75254,-0.88010,-0.94771,0.97334,0.02027,-0.00473,-0.22840,1.32603,-0.71493,-0.06401,
21,-7.66455,-0.93562,-0.95445,0.97017,0.02102,-0.00471,-0.24148,-0.00378,0.01044,-0.05702,
21,-7.60702,-0.97469,-0.96156,0.96761,0.02157,-0.00447,-0.25150,0.54669,-0.33170,-0.06422,
21,-7.54821,-1.01801,-0.96483,0.96479,0.02215,-0.00414,-0.26204,1.09050,-0.71933,-0.06344,
22,-7.48148,-1.06246,-0.96830,0.96180,0.02247,-0.00398,-0.27281,0.51687,-0.36554,-0.05601,
22,-7.38669,-1.13860,-0.96476,0.95741,0.02303,-0.00388,-0.28780,0.52312,-0.40575,-0.04290,
22,-7.32281,-1.20069,-0.96457,0.95373,0.02317,-0.00446,-0.29975,0.73187,-0.60536,-0.04063,
22,-7.27708,-1.23580,-0.96301,0.95131,0.02182,-0.00832,-0.30735,0.16971,-0.16943,-0.02708,
22,-7.19879,-1.29979,-0.96448,0.94581,0.01781,-0.01990,-0.32362,1.10177,-0.90690,-0.10213,
22,-7.12504,-1.36039,-0.96554,0.93946,0.01801,-0.01921,-0.34165,0.61561,-0.55071,0.04479,
22,-7.04397,-1.42769,-0.96152,0.93238,0.02452,-0.00124,-0.36063,0.62968,-0.63572,-0.00739,
22,-6.98287,-1.49056,-0.96540,0.92711,0.02335,-0.00388,-0.37403,0.39817,-0.47250,-0.01488,
22,-6.96368,-1.51150,-0.96677,0.92492,0.02298,-0.00422,-0.37943,0.48433,-0.56765,-0.02266,
22,-6.89486,-1.57284,-0.97046,0.92089,0.02336,-0.00303,-0.38910,-0.02832,0.02945,-0.00969,
23,-6.84842,-1.61480,-0.97397,0.91729,0.02377,-0.00228,-0.39751,0.40828,-0.45310,-0.02651,
23,-6.82428,-1.63133,-0.97687,0.91561,0.02377,-0.00228,-0.40137,0.15684,-0.14033,-0.01580,
23,-6.81099,-1.64595,-0.97706,0.91397,0.02394,-0.00227,-0.40508,0.25824,-0.26309,-0.01141,
23,-6.79031,-1.66569,-0.98274,0.91178,0.02377,-0.00291,-0.40998,0.12996,-0.09384,-0.01511,
23,-6.76351,-1.69345,-0.98499,0.90849,0.02387,-0.00262,-0.41722,0.21182,-0.19359,-0.02188,
23,-6.75452,-1.69916,-0.98942,0.90689,0.02430,-0.00225,-0.42065,0.21327,-0.19032,-0.01968,
23,-6.75195,-1.69879,-0.98938,0.90555,0.02429,-0.00172,-0.42354,0.11609,-0.05596,-0.01370,
23,-6.73483,-1.71092,-0.99099,0.90385,0.02419,-0.00199,-0.42716,0.03384,0.06424,-0.00064,
23,-6.73276,-1.70431,-0.99484,0.90311,0.02398,-0.00254,-0.42873,0.03165,0.07627,-0.01314,
23,-6.73361,-1.69570,-0.99535,0.90263,0.02420,-0.00260,-0.42973,0.02387,0.09624,-0.00245,
24,-6.73511,-1.68003,-0.99676,0.90245,0.02341,-0.00386,-0.43014,0.00576,0.14102,-0.00457,
24,-6.73941,-1.66035,-1.00009,0.90235,0.02329,-0.00402,-0.43035,0.02146,0.13376,-0.00492,
24,-6.74436,-1.63557,-1.00138,0.90274,0.02305,-0.00460,-0.42954,-0.10356,0.32055,-0.00289,
24,-6.74990,-1.61002,-1.00293,0.90353,0.02298,-0.00469,-0.42788,-0.16951,0.42366,-0.00207,
24,-6.76103,-1.57514,-1.00218,0.90468,0.02342,-0.00433,-0.42542,-0.10455,0.34586,-0.00423,
24,-6.76832,-1.54004,-0.99717,0.90622,0.02378,-0.00342,-0.42212,-0.22413,0.52279,0.01111,
24,-6.77158,-1.49259,-0.99490,0.90865,0.02340,-0.00426,-0.41687,-0.24840,0.57590,0.01201,
24,-6.77918,-1.46941,-0.97908,0.91076,0.02366,-0.00478,-0.41222,0.01855,0.22576,0.01705,
24,-6.76914,-1.43862,-0.97432,0.91315,0.02388,-0.00478,-0.40691,-0.14775,0.46161,0.03062,
24,-6.79575,-1.39001,-0.97576,0.91664,0.02459,-0.00437,-0.39894,-0.48002,0.85194,0.03891,
25,-6.81970,-1.32144,-0.97662,0.92030,0.02445,-0.00506,-0.39042,-0.14971,0.45741,0.01871,
25,-6.82768,-1.28037,-0.97781,0.92315,0.02485,-0.00517,-0.38359,-0.25179,0.57643,0.02559,
25,-6.81310,-1.26282,-0.96884,0.92513,0.02489,-0.00553,-0.37878,-0.25828,0.57819,0.03657,
25,-6.84706,-1.20617,-0.96124,0.92958,0.02520,-0.00574,-0.36772,-0.19700,0.49010,0.03482,
25,-6.88068,-1.15084,-0.96005,0.93288,0.02510,-0.00643,-0.35925,-0.57945,0.86542,0.04572,
25,-6.90153,-1.10834,-0.95060,0.93620,0.02573,-0.00551,-0.35049,-0.29358,0.54683,0.03803,
25,-6.95646,-1.04077,-0.93922,0.94104,0.02577,-0.00662,-0.33725,-0.64415,0.84094,0.05166,
25,-7.00484,-0.98742,-0.93165,0.94473,0.02589,-0.00724,-0.32675,-0.33627,0.52321,0.04511,
25,-7.08399,-0.92038,-0.92503,0.94906,0.02666,-0.00725,-0.31388,-0.75756,0.82871,0.05273,
25,-7.14593,-0.87795,-0.91851,0.95260,0.02647,-0.00772,-0.30298,-0.43581,0.50147,0.04960,
26,-7.24222,-0.81700,-0.91529,0.95736,0.02739,-0.00817,-0.28746,-0.46369,0.46530,0.05096,
26,-7.31947,-0.78461,-0.91785,0.96105,0.02788,-0.00947,-0.27482,-0.73984,0.59280,0.04087,
26,-7.40385,-0.76721,-0.92860,0.96475,0.02847,-0.01080,-0.26140,-1.25916,0.84458,0.02116,
26,-7.48577,-0.72899,-0.93556,0.96829,0.02895,-0.01031,-0.24794,-0.83787,0.49434,0.01228,
26,-7.57415,-0.67517,-0.93666,0.97191,0.02866,-0.01143,-0.23332,-0.62144,0.32375,0.00277,
26,-7.74327,-0.58170,-0.93876,0.97754,0.02832,-0.01159,-0.20851,-1.38260,0.70836,0.00462,
26,-7.80333,-0.55168,-0.94053,0.97959,0.02790,-0.01236,-0.19869,-0.61794,0.26932,-0.00406,
26,-7.87130,-0.51739,-0.94216,0.98177,0.02754,-0.01280,-0.18762,-0.70176,0.29202,-0.00210,
26,-7.94469,-0.47898,-0.94370,0.98391,0.02766,-0.01079,-0.17617,-0.54698,0.21487,-0.00570,
26,-8.02814,-0.44511,-0.94291,0.98619,0.02624,-0.01227,-0.16306,-0.63882,0.24959,0.00627,
27,-8.15361,-0.40455,-0.94332,0.98762,0.02639,-0.01647,-0.15373,-1.37534,0.42555,-0.01531,
27,-8.25233,-0.37933,-0.94325,0.98785,0.02635,-0.01672,-0.15221,-1.05483,0.28234,-0.00529,
27,-8.36215,-0.35060,-0.94294,0.98759,0.02646,-0.01654,-0.15389,-1.27993,0.32617,-0.00996,
27,-8.43607,-0.33844,-0.94178,0.98699,0.02656,-0.01683,-0.15766,-0.51130,0.08257,0.00713,
27,-8.60021,-0.29561,-0.94288,0.98442,0.02667,-0.01627,-0.17304,-1.78748,0.45090,-0.01943,
27,-8.71457,-0.28119,-0.94417,0.98182,0.02696,-0.01557,-0.18726,-1.91126,0.52717,-0.02280,
27,-8.84520,-0.25333,-0.94594,0.97873,0.02747,-0.01482,-0.20277,-0.50506,0.07626,0.01158,
27,-9.00540,-0.20850,-0.94901,0.97427,0.02796,-0.01390,-0.22323,-2.55923,0.89487,-0.02901,
27,-9.13547,-0.17191,-0.95147,0.97035,0.02764,-0.01303,-0.23978,-1.81351,0.68686,0.00085,
27,-9.34047,-0.09207,-0.95397,0.96312,0.02920,-0.00794,-0.26735,-0.96810,0.35851,-0.00807,
28,-9.43770,-0.05627,-0.95540,0.95844,0.02919,-0.00744,-0.28369,-1.16636,0.47049,0.00665,
28,-9.51783,-0.02064,-0.95641,0.95383,0.02887,-0.00618,-0.29889,-1.46444,0.73901,0.00050,
28,-9.62711,0.05209,-0.95628,0.94961,0.02682,-0.01097,-0.31208,-0.78656,0.43863,0.01366,
28,-9.66366,0.08819,-0.95546,0.94899,0.02625,-0.01173,-0.31400,-0.76850,0.46426,0.00793,
28,-9.73858,0.16308,-0.95606,0.94904,0.02609,-0.01055,-0.31389,-0.75044,0.50683,0.01463,
28,-9.79089,0.19805,-0.95555,0.94982,0.02565,-0.01180,-0.31153,-0.76637,0.54164,0.01342,
28,-9.89257,0.30652,-0.95375,0.95480,0.02493,-0.01285,-0.29593,-1.48870,1.13792,0.01382,
28,-9.97321,0.36785,-0.95304,0.95842,0.02471,-0.01358,-0.28396,-0.32823,0.21819,0.01542,
28,-10.02379,0.45327,-0.94901,0.96328,0.02409,-0.01290,-0.26712,-1.20860,0.88892,0.01801,
28,-10.08321,0.52103,-0.94976,0.96702,0.02309,-0.01461,-0.25323,-1.02164,0.72633,0.01009,
29,-10.12002,0.56678,-0.94989,0.96951,0.02244,-0.01460,-0.24360,-0.81685,0.58348,0.00984,
29,-10.24705,0.66987,-0.95358,0.97534,0.02226,-0.01532,-0.21903,-1.28477,0.81329,-0.00915,
29,-10.32078,0.72502,-0.95653,0.97864,0.02296,-0.01149,-0.20399,-1.47611,0.86709,-0.01420,
29,-10.38785,0.76684,-0.96091,0.98165,0.02312,-0.00983,-0.18904,-0.67036,0.41515,0.00882,
29,-10.47790,0.81427,-0.96420,0.98510,0.02221,-0.01205,-0.17009,-0.81067,0.43440,-0.00964,
29,-10.53240,0.83616,-0.96542,0.98695,0.02171,-0.01482,-0.15884,-0.22813,0.13413,-0.00055,
29,-10.59012,0.85094,-0.96698,0.98788,0.02134,-0.01762,-0.15275,-1.01192,0.36988,-0.01736,
29,-10.65410,0.86006,-0.96835,0.98826,0.02154,-0.01727,-0.15028,-0.35322,0.12046,0.00000,
29,-10.72808,0.88500,-0.96961,0.98809,0.02136,-0.01768,-0.15133,-1.10366,0.33461,-0.01532,
29,-10.81455,0.88687,-0.97022,0.98701,0.02195,-0.01614,-0.15835,-0.85680,0.21763,-0.01908,
30,-10.87033,0.90333,-0.97003,0.98602,0.02165,-0.01686,-0.16435,-1.23090,0.33863,-0.02726,
30,-10.98179,0.89718,-0.96857,0.98306,0.02248,-0.01474,-0.18132,-0.63148,0.14335,0.00211,
30,-11.07050,0.91017,-0.97107,0.98080,0.02232,-0.01538,-0.19311,-1.33322,0.38312,-0.01611,
30,-11.17927,0.92497,-0.97158,0.97742,0.02299,-0.01493,-0.20950,-1.02420,0.30319,-0.01136,
30,-11.23211,0.92993,-0.97206,0.97558,0.02258,-0.01464,-0.21798,-1.61314,0.56572,-0.01514,
30,-11.35606,0.96763,-0.97358,0.97123,0.02282,-0.01405,-0.23661,-0.39825,0.10142,0.00020,
30,-11.41276,0.99084,-0.97809,0.96890,0.02213,-0.01408,-0.24605,-1.02797,0.40475,-0.00945,
30,-11.54598,1.05209,-0.98348,0.96391,0.02188,-0.01313,-0.26500,-0.90061,0.38835,-0.00984,
30,-11.63141,1.09529,-0.98802,0.96017,0.02286,-0.00855,-0.27836,-1.29464,0.63174,-0.02404,
30,-11.69789,1.13280,-0.99136,0.95671,0.02312,-0.00937,-0.28998,-0.54939,0.25826,-0.01586,
31,-11.75823,1.17457,-0.99401,0.95290,0.02258,-0.00900,-0.30232,-0.66756,0.40260,-0.01219,
31,-11.79003,1.20274,-0.99429,0.95167,0.02216,-0.00945,-0.30616,-0.31613,0.21412,-0.00656,
31,-11.81823,1.22252,-0.99496,0.95133,0.02208,-0.00980,-0.30722,-0.09932,0.06369,-0.00728,
31,-11.81322,1.23328,-0.99486,0.95124,0.02168,-0.00984,-0.30753,-0.06719,0.06187,-0.00553,
31,-11.82324,1.24534,-0.99522,0.95117,0.02151,-0.00990,-0.30777,-0.11596,0.10219,-0.00351,
31,-11.81778,1.25353,-0.99394,0.95116,0.02128,-0.00981,-0.30781,-0.03518,0.05758,-0.00174,
31,-11.78745,1.25794,-0.98995,0.95116,0.02062,-0.01035,-0.30782,0.04348,0.02749,0.00695,
31,-11.78263,1.26160,-0.98808,0.95118,0.02027,-0.01100,-0.30777,0.09245,-0.00328,0.00721,
31,-11.78373,1.26243,-0.98931,0.95119,0.01986,-0.01234,-0.30773,0.08687,-0.00266,0.00413,
31,-11.78592,1.26422,-0.99072,0.95121,0.01977,-0.01273,-0.30766,0.07554,0.00323,0.00217,
32,-11.78898,1.26623,-0.99110,0.95122,0.01977,-0.01295,-0.30759,0.06404,0.00875,0.00476,
32,-11.79220,1.26807,-0.99197,0.95124,0.01980,-0.01311,-0.30752,0.05338,0.01392,0.00338,
32,-11.79510,1.26958,-0.99257,0.95126,0.01983,-0.01324,-0.30745,0.04352,0.01840,0.00296,
32,-11.79743,1.27065,-0.99320,0.95128,0.01986,-0.01336,-0.30739,0.03452,0.02223,0.00271,
32,-11.79892,1.27137,-0.99360,0.95130,0.01987,-0.01346,-0.30732,0.02659,0.02576,0.00267,
32,-11.79928,1.27204,-0.99396,0.95132,0.01988,-0.01356,-0.30725,0.01965,0.02911,0.00261,
32,-11.80000,1.27256,-0.99449,0.95134,0.01989,-0.01365,-0.30719,0.01271,0.03217,0.00245,
32,-11.80094,1.27285,-0.99496,0.95136,0.01989,-0.01374,-0.30712,0.00592,0.03504,0.00234,
32,-11.80187,1.27322,-0.99568,0.95138,0.01990,-0.01383,-0.30706,-0.00059,0.03788,0.00203,
32,-11.80271,1.27342,-0.99644,0.95140,0.01990,-0.01391,-0.30699,-0.00686,0.04054,0.00175,
33,-11.80323,1.27358,-0.99697,0.95142,0.01989,-0.01398,-0.30693,-0.01279,0.04314,0.00161,
33,-11.80309,1.27338,-0.99734,0.95144,0.01989,-0.01405,-0.30687,-0.01829,0.04541,0.00153,
33,-11.80313,1.27317,-0.99776,0.95146,0.01988,-0.01411,-0.30680,-0.02366,0.04778,0.00150,
33,-11.80190,1.27244,-0.99774,0.95148,0.01987,-0.01417,-0.30674,-0.02824,0.04977,0.00162,
33,-11.80076,1.27216,-0.99780,0.95150,0.01986,-0.01422,-0.30667,-0.03282,0.05200,0.00169,
33,-11.80021,1.27202,-0.99804,0.95152,0.01984,-0.01428,-0.30661,-0.03772,0.05425,0.00173,
33,-11.79977,1.27148,-0.99823,0.95154,0.01983,-0.01433,-0.30655,-0.04245,0.05626,0.00173,
33,-11.79921,1.27083,-0.99842,0.95156,0.01982,-0.01438,-0.30648,-0.04706,0.05826,0.00173,
33,-11.79855,1.27032,-0.99870,0.95158,0.01980,-0.01443,-0.30642,-0.05156,0.06031,0.00168,
33,-11.79788,1.26990,-0.99887,0.95160,0.01979,-0.01448,-0.30636,-0.05613,0.06228,0.00166,
34,-11.79726,1.26933,-0.99914,0.95162,0.01977,-0.01452,-0.30630,-0.06050,0.06435,0.00167,
34,-11.79477,1.26814,-0.99869,0.95164,0.01975,-0.01455,-0.30624,-0.06381,0.06610,0.00195,
34,-11.79281,1.26733,-0.99856,0.95166,0.01973,-0.01459,-0.30618,-0.06766,0.06783,0.00205,
34,-11.79167,1.26669,-0.99867,0.95168,0.01972,-0.01463,-0.30611,-0.07168,0.06975,0.00206,
34,-11.79084,1.26642,-0.99891,0.95170,0.01970,-0.01466,-0.30605,-0.07582,0.07185,0.00208,
34,-11.78996,1.26607,-0.99917,0.95172,0.01968,-0.01470,-0.30599,-0.07977,0.07389,0.00204,
34,-11.78907,1.26569,-0.99917,0.95174,0.01966,-0.01473,-0.30593,-0.08380,0.07582,0.00208,
34,-11.78712,1.26466,-0.99909,0.95176,0.01964,-0.01476,-0.30587,-0.08725,0.07758,0.00217,
34,-11.78655,1.26475,-0.99930,0.95177,0.01963,-0.01479,-0.30581,-0.09140,0.07970,0.00219,
34,-11.78566,1.26410,-0.99957,0.95179,0.01961,-0.01482,-0.30576,-0.09513,0.08143,0.00210,
35,-11.78546,1.26408,-0.99990,0.95181,0.01959,-0.01485,-0.30571,-0.09914,0.08350,0.00208,
35,-11.78458,1.26358,-1.00004,0.95183,0.01957,-0.01488,-0.30565,-0.10280,0.08544,0.00209,
35,-11.78388,1.26320,-1.00012,0.95184,0.01956,-0.01490,-0.30559,-0.10663,0.08729,0.00211,
35,-11.78275,1.26236,-1.00039,0.95186,0.01954,-0.01494,-0.30553,-0.11065,0.08883,0.00204,
35,-11.78280,1.26247,-1.00116,0.95189,0.01953,-0.01497,-0.30547,-0.11483,0.09094,0.00189,
35,-11.78197,1.26185,-1.00135,0.95190,0.01951,-0.01499,-0.30540,-0.11849,0.09263,0.00187,
35,-11.78128,1.26153,-1.00159,0.95192,0.01950,-0.01502,-0.30534,-0.12214,0.09450,0.00186,
35,-11.78086,1.26131,-1.00165,0.95194,0.01949,-0.01504,-0.30529,-0.12603,0.09622,0.00189,
35,-11.78047,1.26080,-1.00198,0.95196,0.01947,-0.01506,-0.30523,-0.12965,0.09815,0.00187,
35,-11.77900,1.25997,-1.00193,0.95198,0.01946,-0.01508,-0.30516,-0.13301,0.09963,0.00192,
36,-11.77866,1.26009,-1.00227,0.95200,0.01944,-0.01510,-0.30511,-0.13672,0.10160,0.00191,
36,-11.77815,1.25985,-1.00259,0.95202,0.01943,-0.01512,-0.30505,-0.14039,0.10337,0.00189,
36,-11.77768,1.25970,-1.00273,0.95204,0.01942,-0.01514,-0.30499,-0.14419,0.10506,0.00191,
36,-11.77741,1.25924,-1.00285,0.95205,0.01940,-0.01516,-0.30494,-0.14775,0.10663,0.00195,
36,-11.77691,1.25875,-1.00311,0.95207,0.01938,-0.01517,-0.30488,-0.14996,0.10766,0.00184,
36,-11.77654,1.25854,-1.00585,0.95207,0.01938,-0.01521,-0.30487,-0.13803,0.09793,-0.00050,
36,-11.76601,1.25116,-1.00737,0.95209,0.01975,-0.01403,-0.30485,-0.06675,0.04554,0.00547,
36,-11.75976,1.24409,-1.00844,0.95208,0.01992,-0.01356,-0.30490,-0.10600,0.07120,0.00146,
36,-11.73312,1.21986,-1.00594,0.95177,0.02030,-0.01253,-0.30587,0.01146,-0.02395,-0.00052,
36,-11.72190,1.20241,-1.00701,0.95070,0.02033,-0.01266,-0.30917,0.04897,-0.07151,0.00536,
37,-11.66810,1.15102,-1.00146,0.94838,0.01994,-0.01338,-0.31622,0.27746,-0.27184,0.01121,
37,-11.65330,1.12901,-0.99951,0.94635,0.02029,-0.01262,-0.32227,0.34444,-0.35404,0.00262,
37,-11.62479,1.09009,-1.00535,0.94284,0.02053,-0.01283,-0.33236,0.37424,-0.42942,-0.00324,
37,-11.58883,1.05459,-1.00553,0.94011,0.02070,-0.01128,-0.34004,0.19694,-0.24714,-0.01685,
37,-11.51999,0.98154,-1.00500,0.93455,0.02089,-0.01050,-0.35506,0.72317,-0.80958,-0.02167,
37,-11.47458,0.93034,-1.00589,0.93069,0.02115,-0.00951,-0.36507,0.40381,-0.50887,-0.02097,
37,-11.42897,0.88232,-1.00289,0.92643,0.02105,-0.00946,-0.37576,0.39578,-0.51219,-0.01746,
37,-11.38828,0.82654,-1.00480,0.92177,0.02096,-0.00934,-0.38706,0.37144,-0.51483,-0.01454,
37,-11.32886,0.74056,-1.00622,0.91448,0.02074,-0.00966,-0.40398,0.34844,-0.52789,-0.01795,
37,-11.29549,0.68235,-1.00744,0.90901,0.01976,-0.01122,-0.41616,0.40483,-0.63399,-0.02081,
38,-11.26373,0.64056,-1.00736,0.90547,0.02058,-0.00905,-0.42382,0.37920,-0.60133,-0.02228,
38,-11.20820,0.55642,-1.00802,0.89810,0.02034,-0.00936,-0.43922,0.19689,-0.36396,-0.01455,
38,-11.14435,0.44900,-1.00893,0.88766,0.01981,-0.00978,-0.45996,0.69584,-1.21359,-0.01878,
38,-11.13128,0.42293,-1.01011,0.88525,0.02023,-0.00890,-0.46458,0.38598,-0.74171,-0.02235,
38,-11.09615,0.35456,-1.01049,0.87978,0.02093,-0.00735,-0.47486,0.09875,-0.23407,-0.00784,
38,-11.06244,0.29977,-1.01356,0.87706,0.02096,-0.00709,-0.47986,0.36403,-0.68749,-0.01736,
38,-11.02870,0.25136,-1.01321,0.87446,0.02111,-0.00661,-0.48459,0.54892,-1.06919,-0.02168,
38,-10.97582,0.15812,-1.01439,0.86736,0.02024,-0.00779,-0.49720,0.11117,-0.25040,-0.00637,
38,-10.94213,0.08943,-1.01624,0.86136,0.02082,-0.00667,-0.50753,0.31649,-0.67845,-0.01456,
38,-10.90860,0.01384,-1.02018,0.85485,0.02134,-0.00563,-0.51841,0.50429,-1.15883,-0.02643,
39,-10.86626,-0.09527,-1.01998,0.84530,0.02061,-0.00650,-0.53385,0.44709,-1.15371,-0.01815,
39,-10.83123,-0.17879,-1.02092,0.83793,0.01959,-0.00767,-0.54537,0.28117,-0.77418,-0.01154,
39,-10.80302,-0.25419,-1.02377,0.83125,0.01978,-0.00690,-0.55551,0.15817,-0.40378,-0.01288,
39,-10.77983,-0.33183,-1.02529,0.82442,0.02065,-0.00547,-0.56558,0.27300,-0.79593,-0.01881,
39,-10.76065,-0.41286,-1.02773,0.81725,0.02095,-0.00473,-0.57588,0.26877,-0.84610,-0.02241,
39,-10.73497,-0.50707,-1.02962,0.80930,0.02013,-0.00541,-0.58703,0.27388,-0.94252,-0.01939,
39,-10.71414,-0.59156,-1.03166,0.80143,0.01884,-0.00659,-0.59775,0.23610,-0.86567,-0.01560,
39,-10.68915,-0.68544,-1.03311,0.79372,0.02036,-0.00419,-0.60793,0.24505,-0.93474,-0.02163,
39,-10.66277,-0.80459,-1.03487,0.78297,0.01882,-0.00583,-0.62175,0.32439,-1.64719,-0.03129,
39,-10.64382,-0.89717,-1.03636,0.77497,0.01870,-0.00560,-0.63170,0.19579,-0.91726,-0.02093,
40,-10.62294,-1.01900,-1.03942,0.76433,0.02002,-0.00375,-0.64450,0.18735,-0.97004,-0.01904,
40,-10.60955,-1.11438,-1.04098,0.75579,0.01867,-0.00502,-0.65453,0.18639,-1.35450,-0.02052,
40,-10.59790,-1.20763,-1.04139,0.74746,0.01949,-0.00384,-0.66401,0.15115,-1.05920,-0.03051,
40,-10.59181,-1.30754,-1.04427,0.73846,0.02003,-0.00299,-0.67399,0.12942,-1.47450,-0.03537,
40,-10.58335,-1.44791,-1.04755,0.72611,0.01863,-0.00419,-0.68732,0.10466,-0.83155,-0.01195,
40,-10.58331,-1.58723,-1.05058,0.71155,0.01816,-0.00424,-0.70239,0.06831,-1.28842,-0.02988,
40,-10.57890,-1.66868,-1.05035,0.70585,0.01928,-0.00295,-0.70809,0.04958,-1.28011,-0.02628,
40,-10.58313,-1.77237,-1.05187,0.69649,0.01848,-0.00344,-0.71732,0.03774,-1.06088,-0.02004,
40,-10.59031,-1.87241,-1.05373,0.68692,0.01674,-0.00478,-0.72652,0.09064,-0.57674,-0.00517,
40,-10.60276,-2.00424,-1.05565,0.67444,0.01849,-0.00299,-0.73809,-0.05859,-1.49307,-0.03411,
41,-10.61576,-2.10632,-1.05949,0.66493,0.01711,-0.00379,-0.74670,-0.01778,-1.07967,-0.02418,
41,-10.63828,-2.22403,-1.06109,0.65195,0.01642,-0.00400,-0.75808,-0.12197,-1.40266,-0.01966,
41,-10.65650,-2.33023,-1.06254,0.64236,0.01781,-0.00277,-0.76619,-0.12762,-1.28850,-0.03359,
41,-10.67434,-2.41219,-1.06169,0.63548,0.01786,-0.00266,-0.77190,-0.02775,-0.83452,-0.01445,
41,-10.70540,-2.54430,-1.06298,0.62145,0.01494,-0.00467,-0.78330,-0.22574,-1.41639,-0.02037,
41,-10.73963,-2.67150,-1.06511,0.60764,0.01548,-0.00390,-0.79405,-0.29426,-1.48597,-0.03245,
41,-10.77047,-2.77914,-1.06921,0.59757,0.01647,-0.00305,-0.80164,-0.52029,-1.95437,-0.04383,
41,-10.81026,-2.91498,-1.07445,0.58347,0.01419,-0.00439,-0.81200,-0.08597,-0.78657,-0.01451,
41,-10.83280,-2.99261,-1.07554,0.57672,0.01422,-0.00423,-0.81680,-0.14391,-0.90501,-0.01637,
41,-10.87234,-3.09027,-1.07935,0.56631,0.01536,-0.00322,-0.82404,-0.32846,-1.25322,-0.03323,
42,-10.90323,-3.16858,-1.08191,0.55932,0.01508,-0.00323,-0.82881,-0.37230,-1.27188,-0.02855,
42,-10.95946,-3.27803,-1.08454,0.54471,0.01308,-0.00415,-0.83851,-0.37261,-1.18784,-0.02506,
42,-11.02937,-3.43564,-1.08825,0.52633,0.01472,-0.00279,-0.85015,-0.61376,-1.55073,-0.04361,
42,-11.06328,-3.52975,-1.09103,0.51868,0.01409,-0.00301,-0.85485,-0.32391,-1.03444,-0.02333,
42,-11.10085,-3.60456,-1.09354,0.51080,0.01203,-0.00405,-0.85960,-0.26506,-0.90568,-0.02127,
42,-11.15162,-3.70161,-1.09565,-0.49884,-0.01251,0.00291,0.86660,-0.42289,-1.12307,-0.02593,
42,-11.22635,-3.83079,-1.10057,-0.48325,-0.01355,0.00261,0.87537,-0.72531,-1.49150,-0.04548,
42,-11.28403,-3.93750,-1.10177,-0.47150,-0.01164,0.00364,0.88178,-0.81513,-1.52376,-0.03660,
42,-11.34001,-4.03983,-1.10021,-0.46022,-0.01105,0.00381,0.88773,-0.77098,-1.41730,-0.03827,
42,-11.41705,-4.16801,-1.10309,-0.44549,-0.01279,0.00277,0.89519,-0.57676,-1.15714,-0.02478,
43,-11.48571,-4.27927,-1.10704,-0.43362,-0.01285,0.00264,0.90100,-0.53119,-1.08150,-0.02009,
43,-11.58508,-4.41805,-1.10887,-0.41401,-0.01074,0.00324,0.91021,-0.85594,-1.37117,-0.03355,
43,-11.63869,-4.48843,-1.11120,-0.40642,-0.01173,0.00284,0.91360,-1.03300,-1.48608,-0.04184,
43,-11.73390,-4.60545,-1.11669,-0.39096,-0.01288,0.00219,0.92031,-0.86938,-1.27437,-0.03366,
43,-11.84978,-4.72857,-1.12107,-0.37083,-0.00968,0.00332,0.92864,-0.85489,-1.19601,-0.02410,
43,-11.92200,-4.78594,-1.12449,-0.35939,-0.01097,0.00273,0.93312,-0.44946,-0.83138,-0.03235,
43,-12.00232,-4.85181,-1.13076,-0.34769,-0.01160,0.00250,0.93754,-1.15424,-1.30535,-0.04402,
43,-12.08709,-4.90629,-1.13549,-0.33515,-0.01107,0.00264,0.94210,-0.57218,-0.81859,-0.03443,
43,-12.14638,-4.93842,-1.13787,-0.32675,-0.00870,0.00356,0.94506,-0.75741,-0.88569,-0.03246,
43,-12.26377,-5.00268,-1.14303,-0.30622,-0.00958,0.00310,0.95191,-1.12319,-1.04704,-0.04652,
44,-12.31762,-5.01014,-1.14961,-0.29800,-0.00905,0.00335,0.95452,-1.04394,-0.90634,-0.04186,
44,-12.37483,-4.97520,-1.15258,-0.28491,-0.00605,0.00431,0.95853,-1.03803,-0.76277,-0.04105,
44,-12.44217,-4.96368,-1.15010,-0.26858,-0.00583,0.00409,0.96323,-0.38127,-0.34384,-0.03095,
44,-12.48624,-4.95656,-1.15181,-0.25622,-0.00577,0.00379,0.96659,-0.83805,-0.51502,-0.03285,
44,-12.49663,-4.92930,-1.14700,-0.24781,-0.00301,0.00408,0.96879,-0.44197,-0.27694,-0.01937,
44,-12.56068,-4.94994,-1.14488,-0.23524,-0.00403,0.00373,0.97192,-1.15378,-0.55595,-0.03020,
44,-12.61289,-4.95909,-1.14487,-0.22261,-0.00461,0.00338,0.97489,-0.94377,-0.41306,-0.02251,
44,-12.73789,-5.00969,-1.14904,-0.20073,-0.00341,0.00345,0.97963,-0.59761,-0.26792,-0.01393,
44,-12.80387,-5.02766,-1.14958,-0.18754,-0.00458,0.00315,0.98224,-1.24514,-0.44091,-0.02098,
44,-12.86228,-5.03736,-1.15030,-0.17399,-0.00137,0.00355,0.98474,-0.61781,-0.21775,-0.01481,
45,-12.96706,-5.06851,-1.15207,-0.15686,-0.00299,0.00325,0.98761,-0.63713,-0.21221,-0.01907,
45,-13.02998,-5.08041,-1.15244,-0.14440,-0.00358,0.00307,0.98951,-1.06525,-0.28567,-0.02023,
45,-13.12060,-5.09708,-1.15262,-0.12698,-0.00136,0.00329,0.99190,-0.61197,-0.16407,-0.00571,
45,-13.18028,-5.09999,-1.15376,-0.11355,-0.00307,0.00303,0.99352,-0.81920,-0.17325,-0.01916,
45,-13.26651,-5.11397,-1.15404,-0.10046,-0.00291,0.00310,0.99493,-1.17306,-0.19237,-0.01389,
45,-13.36740,-5.12506,-1.15280,-0.08182,-0.00016,0.00327,0.99664,-0.55781,-0.09516,-0.00286,
45,-13.45624,-5.13373,-1.15434,-0.06554,-0.00191,0.00295,0.99784,-1.01420,-0.11381,-0.01609,
45,-13.51204,-5.13224,-1.15437,-0.05328,-0.00285,0.00280,0.99857,-1.22832,-0.08774,-0.01176,
45,-13.59730,-5.13907,-1.15745,-0.04072,-0.00219,0.00282,0.99916,-1.03563,-0.04654,-0.00585,
45,-13.68273,-5.13613,-1.15730,-0.02298,-0.00031,0.00285,0.99973,-0.84166,-0.01326,-0.01515,
46,-13.78075,-5.12885,-1.15818,-0.00335,-0.00207,0.00273,0.99999,-0.50348,-0.01514,-0.01211,
46,-13.83465,-5.12084,-1.15912,0.00952,-0.00185,0.00259,0.99995,-0.74678,0.02242,-0.00356,
46,-13.91085,-5.11456,-1.15889,0.02283,0.00078,0.00264,0.99974,-0.68302,0.03766,0.00150,
46,-13.95427,-5.10292,-1.15913,0.03529,-0.00104,0.00264,0.99937,-0.64485,0.05445,-0.01540,
46,-14.00870,-5.09209,-1.16220,0.04778,-0.00174,0.00260,0.99885,-0.70881,0.08492,-0.01838,
46,-14.03886,-5.07529,-1.16291,0.06066,-0.00065,0.00241,0.99816,-1.03570,0.18796,-0.01335,
46,-14.11725,-5.05188,-1.16210,0.07837,0.00071,0.00236,0.99692,-1.18284,0.27917,-0.01154,
46,-14.21378,-5.02756,-1.16357,0.09522,-0.00084,0.00268,0.99545,-0.51354,0.14016,-0.00891,
46,-14.29750,-5.00094,-1.16509,0.11268,0.00065,0.00247,0.99363,-0.78501,0.25073,-0.00957,
46,-14.39079,-4.97310,-1.16316,0.13088,0.00009,0.00194,0.99140,-0.50169,0.16214,-0.00320,
47,-14.44209,-4.95262,-1.16357,0.14353,-0.00126,0.00239,0.98964,-0.62227,0.21593,-0.00914,
47,-14.50173,-4.92775,-1.16535,0.15627,0.00083,0.00219,0.98771,-0.88969,0.35693,-0.00079,
47,-14.60407,-4.88874,-1.16477,0.17271,0.00040,0.00250,0.98497,-0.82516,0.35601,-0.00894,
47,-14.65915,-4.85417,-1.16485,0.18917,-0.00091,0.00258,0.98194,-0.89515,0.43057,-0.00941,
47,-14.73638,-4.81826,-1.16493,0.20184,0.00003,0.00250,0.97942,-0.41717,0.21158,-0.00204,
47,-14.83712,-4.76575,-1.16529,0.22227,0.00064,0.00218,0.97498,-0.71826,0.39163,-0.00096,
47,-14.88855,-4.73395,-1.16486,0.23407,-0.00031,0.00249,0.97222,-0.85338,0.50229,-0.00176,
47,-14.96541,-4.68222,-1.16428,0.25108,-0.00063,0.00261,0.96796,-0.55638,0.35211,-0.00088,
47,-15.02406,-4.64269,-1.16552,0.26403,0.00199,0.00193,0.96451,-0.79385,0.54819,0.00473,
47,-15.06348,-4.60493,-1.16711,0.27990,0.00068,0.00206,0.96003,-0.75301,0.55890,-0.01556,
48,-15.10793,-4.56693,-1.17022,0.29159,-0.00034,0.00232,0.95654,-0.44960,0.35154,-0.01083,
48,-15.21532,-4.49073,-1.17187,0.30764,-0.00151,0.00285,0.95150,-0.83483,0.67162,-0.01233,
48,-15.27812,-4.44418,-1.17151,0.31758,0.00125,0.00158,0.94823,-0.25178,0.16647,-0.00224,
48,-15.33380,-4.40797,-1.17207,0.32334,0.00209,0.00121,0.94628,-0.51361,0.35024,0.00267,
48,-15.38852,-4.37659,-1.17239,0.32541,-0.00064,0.00190,0.94557,-0.56713,0.36780,-0.01398,
48,-15.44896,-4.33732,-1.17345,0.32515,-0.00167,0.00227,0.94566,-0.98117,0.67137,-0.00767,
48,-15.53285,-4.28251,-1.17244,0.32342,0.00008,0.00154,0.94625,-0.87319,0.56595,-0.00359,
48,-15.64350,-4.21405,-1.17258,0.32209,0.00178,0.00113,0.94671,-0.85610,0.53662,0.00074,
48,-15.70501,-4.18019,-1.17504,0.32088,0.00098,0.00142,0.94712,-0.30155,0.11193,-0.00429,
48,-15.76673,-4.14417,-1.17548,0.31956,-0.00066,0.00212,0.94756,-0.68989,0.40017,-0.01145,
49,-15.81460,-4.11789,-1.17530,0.31862,-0.00108,0.00244,0.94788,-0.36160,0.15393,-0.00004,
49,-15.89994,-4.06778,-1.17540,0.31685,0.00212,0.00130,0.94847,-0.83694,0.49191,0.00179,
49,-15.96350,-4.02955,-1.17498,0.31676,0.00095,0.00209,0.94850,-0.67859,0.37991,-0.00185,
49,-16.02839,-3.99511,-1.17585,0.31576,-0.00024,0.00237,0.94884,-1.03649,0.63332,-0.00958,
49,-16.07676,-3.95802,-1.17561,0.31441,0.00022,0.00248,0.94928,-0.65622,0.36553,0.00384,
49,-16.14200,-3.92325,-1.17729,0.31311,0.00241,0.00168,0.94971,-0.27381,0.07856,0.00110,
49,-16.19222,-3.87758,-1.18011,0.31173,0.00030,0.00288,0.95017,-0.51062,0.27571,-0.01239,
49,-16.28200,-3.82501,-1.17926,0.30999,0.00007,0.00296,0.95074,-0.89554,0.54329,-0.00262,
49,-16.32605,-3.77104,-1.17910,0.30871,0.00357,0.00219,0.95115,-0.76850,0.47929,0.00565,
49,-16.37256,-3.70377,-1.18183,0.30737,0.00168,0.00335,0.95158,-0.85049,0.58091,-0.01131,
50,-16.40059,-3.66033,-1.18332,0.30611,0.00111,0.00374,0.95199,-0.81242,0.57281,-0.00762,
50,-16.49801,-3.58693,-1.18158,0.30405,0.00397,0.00274,0.95264,-0.73178,0.51199,-0.00121,
50,-16.56847,-3.53752,-1.17991,0.30284,0.00229,0.00330,0.95303,-0.84000,0.58260,-0.01026,
50,-16.65470,-3.47794,-1.18262,0.30118,0.00147,0.00353,0.95356,-0.54743,0.37465,-0.00391,
50,-16.72716,-3.42930,-1.18275,0.29994,0.00299,0.00307,0.95395,-0.66144,0.44871,-0.00666,
50,-16.76005,-3.40572,-1.18454,0.29911,0.00181,0.00347,0.95421,-0.72470,0.49145,-0.00513,
50,-16.82387,-3.36181,-1.18226,0.29785,0.00269,0.00324,0.95460,-0.15761,0.10398,-0.00060,
50,-16.89930,-3.31109,-1.18295,0.29588,0.00244,0.00355,0.95522,-0.75056,0.50452,-0.00151,
50,-16.98022,-3.25628,-1.18391,0.29398,0.00132,0.00373,0.95580,-0.89981,0.59926,-0.00144,
50,-17.04273,-3.21494,-1.18314,0.29277,0.00365,0.00299,0.95617,-0.50477,0.33270,0.00211,
51,-17.12007,-3.16272,-1.18248,0.29116,0.00237,0.00345,0.95666,-0.98405,0.64917,0.00041,
51,-17.16446,-3.13219,-1.18456,0.29031,0.00131,0.00382,0.95692,-0.67836,0.44698,-0.00651,
51,-17.24588,-3.07908,-1.18449,0.28869,0.00299,0.00326,0.95741,-0.68818,0.44867,0.00928,
51,-17.35736,-3.00650,-1.18410,0.28671,0.00159,0.00377,0.95801,-0.94235,0.61100,-0.00906,
51,-17.40192,-2.97656,-1.18341,0.28585,0.00240,0.00359,0.95826,-0.72494,0.46822,0.00344,
51,-17.46887,-2.93325,-1.18598,0.28470,0.00362,0.00320,0.95860,-0.85447,0.54820,-0.00627,
51,-17.54729,-2.88226,-1.18931,0.28316,0.00150,0.00383,0.95907,-0.57759,0.36937,-0.00526,
51,-17.61432,-2.83944,-1.18686,0.28190,0.00207,0.00369,0.95943,-0.27062,0.17260,-0.00457,
51,-17.68187,-2.79809,-1.18877,0.28056,0.00319,0.00310,0.95983,-0.66477,0.40886,0.00368,
51,-17.72845,-2.77446,-1.19144,0.27874,0.00294,0.00305,0.96036,-0.66377,0.38079,-0.01135,
52,-17.82827,-2.72158,-1.19091,0.27035,0.00243,0.00312,0.96275,-0.77864,0.39055,-0.00476,
52,-17.93113,-2.67181,-1.18902,0.25169,0.00226,0.00366,0.96780,-0.91053,0.41491,0.00173,
52,-18.00938,-2.64281,-1.19031,0.23910,0.00170,0.00343,0.97099,-1.19389,0.48780,-0.00008,
52,-18.08194,-2.62215,-1.19043,0.22591,0.00262,0.00299,0.97414,-0.69314,0.23218,-0.00275,
52,-18.17671,-2.59640,-1.19161,0.20943,0.00473,0.00250,0.97781,-0.94507,0.28477,0.00409,
52,-18.25587,-2.57422,-1.19025,0.19703,0.00246,0.00302,0.98039,-0.62004,0.16110,-0.00420,
52,-18.38785,-2.53782,-1.19069,0.17565,0.00429,0.00257,0.98444,-0.90382,0.21077,-0.00081,
52,-18.46494,-2.52130,-1.18956,0.16286,0.00375,0.00272,0.98664,-0.92081,0.20150,0.00392,
52,-18.58974,-2.49565,-1.19058,0.14283,0.00213,0.00308,0.98974,-1.00765,0.18391,0.00087,
52,-18.67158,-2.48290,-1.18973,0.13019,0.00150,0.00325,0.99148,-1.15193,0.18496,0.00316,
53,-18.77812,-2.46581,-1.18727,0.10834,0.00498,0.00313,0.99410,-1.33016,0.15335,0.01258,
53,-18.86101,-2.45024,-1.18673,0.09631,0.00376,0.00340,0.99534,-0.77059,0.06732,0.00359,
53,-18.92950,-2.43959,-1.18581,0.08424,0.00233,0.00365,0.99644,-0.80310,0.05514,0.01049,
53,-19.00976,-2.42948,-1.18680,0.07131,0.00320,0.00366,0.99744,-0.71212,0.03077,0.00271,
53,-19.08561,-2.42246,-1.18436,0.05886,0.00450,0.00356,0.99825,-0.51920,0.01775,0.01317,
53,-19.21033,-2.41509,-1.18534,0.03924,0.00316,0.00383,0.99922,-1.35607,0.01332,0.00553,
53,-19.31371,-2.41513,-1.18548,0.02649,0.00212,0.00374,0.99964,-0.88109,-0.02317,0.00870,
53,-19.38776,-2.41856,-1.18360,0.01268,0.00529,0.00362,0.99990,-0.45274,-0.02679,0.01044,
53,-19.45772,-2.42326,-1.18443,0.00456,0.00582,0.00369,0.99997,-0.53356,-0.04112,0.00451,
53,-19.49344,-2.42606,-1.18884,-0.00382,0.00466,0.00374,0.99997,-0.92750,-0.07893,-0.00352,
54,-19.59124,-2.43425,-1.18890,-0.01544,0.00295,0.00367,0.99987,-1.03883,-0.10470,-0.00415,
54,-19.71081,-2.44625,-1.18719,-0.03298,0.00525,0.00379,0.99944,-0.59504,-0.07810,0.00153,
54,-19.75682,-2.44819,-1.18955,-0.03952,0.00454,0.00475,0.99920,-0.40973,-0.04357,-0.00112,
54,-19.84001,-2.45589,-1.19178,-0.04873,0.00257,0.00423,0.99880,-0.90888,-0.11984,-0.00642,
54,-19.90254,-2.46191,-1.18961,-0.05471,0.00365,0.00417,0.99849,-0.81116,-0.11462,-0.00358,
54,-19.98819,-2.47483,-1.18818,-0.06285,0.00506,0.00435,0.99800,-0.71307,-0.10584,0.00578,
54,-20.07789,-2.48793,-1.18858,-0.07300,0.00260,0.00402,0.99732,-1.46173,-0.26561,0.00638,
54,-20.18651,-2.50560,-1.18831,-0.08227,0.00543,0.00415,0.99659,-0.84349,-0.15832,0.00445,
54,-20.30760,-2.52789,-1.18680,-0.09220,0.00333,0.00406,0.99573,-0.57855,-0.10672,0.00209,
54,-20.39029,-2.54362,-1.18556,-0.09787,0.00475,0.00413,0.99518,-0.69249,-0.13918,0.00522,
55,-20.46733,-2.55786,-1.18609,-0.10306,0.00339,0.00403,0.99466,-0.75505,-0.15667,0.00153,
55,-20.56147,-2.58115,-1.18561,-0.10824,0.00379,0.00392,0.99411,-0.87966,-0.20161,0.00629,
55,-20.61229,-2.59405,-1.18589,-0.11130,0.00523,0.00402,0.99376,-0.78339,-0.19051,0.00693,
55,-20.66927,-2.60660,-1.18355,-0.11506,0.00304,0.00413,0.99335,-0.32966,-0.07343,0.00305,
55,-20.73607,-2.62434,-1.17943,-0.11924,0.00395,0.00403,0.99285,-0.63633,-0.16143,0.00616,
55,-20.82106,-2.64751,-1.18050,-0.12322,0.00456,0.00382,0.99236,-0.57997,-0.15253,0.01206,
55,-20.91572,-2.67320,-1.18077,-0.12871,0.00293,0.00370,0.99167,-1.07376,-0.30127,0.00777,
55,-20.97849,-2.68959,-1.18356,-0.13278,0.00473,0.00390,0.99113,-0.78691,-0.22854,0.00468,
55,-21.02670,-2.70569,-1.18590,-0.13603,0.00449,0.00447,0.99068,-0.37551,-0.11084,0.00320,
55,-21.10178,-2.72621,-1.18371,-0.14019,0.00227,0.00380,0.99011,-0.79650,-0.24447,-0.00079,
56,-21.15970,-2.74533,-1.18418,-0.14269,0.00293,0.00366,0.98976,-0.34018,-0.10923,0.00316,
56,-21.25062,-2.77456,-1.18661,-0.14795,0.00514,0.00408,0.98897,-0.96507,-0.31704,0.00571,
56,-21.32367,-2.79972,-1.18533,-0.15145,0.00274,0.00361,0.98845,-0.82951,-0.28204,-0.00081,
56,-21.37181,-2.81840,-1.17993,-0.15376,0.00286,0.00366,0.98810,-0.81540,-0.28676,0.01006,
56,-21.44342,-2.84302,-1.18155,-0.15702,0.00554,0.00402,0.98757,-0.49544,-0.18036,0.00756,
56,-21.56290,-2.88550,-1.18454,-0.16216,0.00291,0.00359,0.98675,-0.85999,-0.31452,-0.00042,
56,-21.62735,-2.90530,-1.18696,-0.16508,0.00433,0.00392,0.98626,-0.66789,-0.24678,-0.00060,
56,-21.69891,-2.92818,-1.18905,-0.16754,0.00473,0.00409,0.98585,-0.77455,-0.28686,-0.00201,
56,-21.74590,-2.94558,-1.18928,-0.16922,0.00295,0.00377,0.98557,-0.80045,-0.30151,0.00015,
56,-21.81287,-2.97000,-1.18922,-0.17187,0.00418,0.00391,0.98510,-0.61559,-0.23868,-0.00206,
57,-21.87520,-2.99420,-1.19106,-0.17458,0.00431,0.00389,0.98463,-0.65820,-0.25985,-0.00444,
57,-21.94691,-3.02164,-1.18620,-0.17721,0.00289,0.00369,0.98416,-0.91495,-0.36548,0.00300,
57,-22.03338,-3.05565,-1.18353,-0.18073,0.00495,0.00409,0.98351,-0.13925,-0.06281,0.00743,
57,-22.09875,-3.07987,-1.18565,-0.18316,0.00397,0.00395,0.98307,-0.57695,-0.23739,0.00256,
57,-22.16435,-3.10469,-1.18597,-0.18567,0.00258,0.00371,0.98260,-0.93233,-0.38444,-0.00098,
57,-22.24085,-3.13378,-1.18478,-0.18882,0.00334,0.00401,0.98200,-0.71349,-0.29198,0.00548,
57,-22.28197,-3.15127,-1.18335,-0.18970,0.00520,0.00435,0.98182,-0.94438,-0.38210,0.01031,
57,-22.38069,-3.18935,-1.18641,-0.19003,0.00325,0.00393,0.98177,-0.17849,-0.07174,-0.00459,
57,-22.43863,-3.21081,-1.18557,-0.19016,0.00291,0.00394,0.98174,-0.81938,-0.32779,0.00368,
57,-22.55248,-3.25320,-1.18931,-0.18960,0.00427,0.00434,0.98184,-0.76966,-0.30486,0.00046,
58,-22.60539,-3.27356,-1.19460,-0.18930,0.00248,0.00386,0.98191,-0.95377,-0.37815,-0.00821,
58,-22.70704,-3.31378,-1.19011,-0.18918,0.00175,0.00371,0.98193,-0.87236,-0.34593,0.00154,
58,-22.80612,-3.35333,-1.19087,-0.18911,0.00526,0.00435,0.98193,-1.03950,-0.41469,0.00423,
58,-22.90304,-3.39169,-1.19118,-0.18834,0.00247,0.00382,0.98209,-0.57804,-0.22874,-0.00776,
58,-22.96755,-3.41800,-1.18663,-0.18833,0.00314,0.00397,0.98209,-1.02359,-0.40781,0.00711,
58,-23.02729,-3.44241,-1.18579,-0.18779,0.00525,0.00450,0.98218,-0.58901,-0.23628,0.00562,
58,-23.09261,-3.46929,-1.18977,-0.18725,0.00289,0.00393,0.98230,-0.56226,-0.22621,-0.00414,
58,-23.20027,-3.50713,-1.19046,-0.18690,0.00486,0.00415,0.98236,-0.90905,-0.36136,0.00358,
58,-23.23634,-3.52319,-1.19197,-0.18631,0.00482,0.00412,0.98247,-0.55942,-0.22514,-0.00491,
58,-23.32750,-3.55688,-1.19539,-0.18578,0.00260,0.00354,0.98258,-0.57852,-0.23237,-0.01124,
59,-23.35938,-3.56809,-1.19084,-0.18580,0.00213,0.00357,0.98258,-0.70004,-0.27931,0.00345,
59,-23.43660,-3.59741,-1.18913,-0.18567,0.00370,0.00387,0.98260,-0.51401,-0.20656,0.00787,
59,-23.49386,-3.61894,-1.19328,-0.18449,0.00356,0.00400,0.98282,-0.49179,-0.19531,-0.01024,
59,-23.57661,-3.65250,-1.19258,-0.18373,0.00148,0.00353,0.98297,-0.94589,-0.37140,0.00663,
59,-23.64648,-3.67858,-1.19475,-0.18343,0.00406,0.00384,0.98302,-0.67342,-0.26606,0.00314,
59,-23.75191,-3.72116,-1.19930,-0.18335,0.00174,0.00332,0.98304,-0.56311,-0.22660,-0.01060,
59,-23.79493,-3.73763,-1.19628,-0.18344,0.00227,0.00352,0.98302,-0.64480,-0.25791,-0.00040,
59,-23.90334,-3.78126,-1.19369,-0.18350,0.00419,0.00385,0.98300,-0.99850,-0.39499,0.00778,
59,-24.00650,-3.81896,-1.19434,-0.18357,0.00158,0.00349,0.98300,-0.47558,-0.19073,-0.00410,
59,-24.06747,-3.84357,-1.19072,-0.18362,0.00376,0.00390,0.98298,-0.67370,-0.26831,0.00908,
60,-24.11783,-3.86383,-1.18763,-0.18345,0.00509,0.00435,0.98301,-0.24870,-0.10246,0.00747,
60,-24.16553,-3.88206,-1.18839,-0.18319,0.00398,0.00408,0.98306,-0.59747,-0.23653,0.00326,
60,-24.19891,-3.89473,-1.18857,-0.18320,0.00244,0.00383,0.98307,-0.97792,-0.38295,0.00572,
60,-24.28193,-3.92639,-1.18650,-0.18321,0.00215,0.00382,0.98306,-0.56984,-0.22430,0.00787,
60,-24.35876,-3.95586,-1.18869,-0.18314,0.00186,0.00374,0.98308,-0.12359,-0.05066,0.00370,
60,-24.43623,-3.98360,-1.18967,-0.18250,0.00468,0.00441,0.98318,-0.79927,-0.31075,0.00835,
60,-24.50322,-4.00813,-1.19019,-0.18199,0.00338,0.00410,0.98329,-0.64764,-0.24762,-0.00330,
60,-24.54297,-4.02377,-1.19050,-0.18197,0.00232,0.00392,0.98329,-0.61278,-0.23483,-0.00175,
60,-24.65153,-4.06621,-1.19012,-0.18207,0.00246,0.00400,0.98327,-0.49831,-0.18984,0.00043,
60,-24.69410,-4.07967,-1.18986,-0.18133,0.00484,0.00460,0.98340,-0.82261,-0.30259,0.00336,
61,-24.77824,-4.10659,-1.19187,-0.17730,0.00159,0.00404,0.98415,-0.66343,-0.21165,-0.00529,
61,-24.82108,-4.11330,-1.19283,-0.17313,0.00198,0.00425,0.98489,-0.69265,-0.18103,0.00284,
61,-24.88616,-4.12416,-1.19393,-0.16450,0.00442,0.00461,0.98636,-0.22622,-0.02517,0.00228,
61,-24.91365,-4.12521,-1.19804,-0.15848,0.00255,0.00434,0.98735,-0.17725,-0.00884,-0.01133,
61,-25.04723,-4.16100,-1.19810,-0.14609,0.00221,0.00425,0.98926,-1.04041,-0.21735,-0.00698,
61,-25.07295,-4.16165,-1.19741,-0.14023,0.00416,0.00442,0.99010,-0.55658,-0.08717,-0.00205,
61,-25.17881,-4.18532,-1.19826,-0.12891,0.00141,0.00393,0.99165,-0.58479,-0.08851,-0.00662,
61,-25.27915,-4.20964,-1.19851,-0.12114,0.00135,0.00368,0.99263,-1.06201,-0.18096,-0.00191,
61,-25.39461,-4.23668,-1.19606,-0.10994,0.00382,0.00383,0.99392,-0.61631,-0.09164,0.00568,
61,-25.43752,-4.24147,-1.19798,-0.10477,0.00297,0.00365,0.99449,-0.67874,-0.09239,-0.00689,
62,-25.50131,-4.25198,-1.20216,-0.09861,0.00088,0.00316,0.99512,-0.15501,-0.00921,-0.00500,
62,-25.59901,-4.26865,-1.20175,-0.09130,0.00103,0.00316,0.99582,-1.36845,-0.19653,0.00007,
62,-25.71611,-4.29600,-1.19544,-0.08429,0.00310,0.00317,0.99643,-0.64633,-0.08788,0.00717,
62,-25.78596,-4.31197,-1.19228,-0.08095,0.00235,0.00317,0.99671,-1.09931,-0.14954,0.00017,
62,-25.90234,-4.33198,-1.19634,-0.07459,0.00232,0.00312,0.99721,-0.18844,-0.02824,0.00375,
62,-25.96640,-4.33908,-1.19635,-0.06904,0.00260,0.00288,0.99761,-1.00432,-0.12091,0.00419,
62,-26.08660,-4.35940,-1.19545,-0.06279,0.00064,0.00303,0.99802,-0.89256,-0.10338,-0.00170,
62,-26.12327,-4.35787,-1.19792,-0.05769,0.00269,0.00305,0.99833,-0.75738,-0.07963,0.00253,
62,-26.16812,-4.36033,-1.19985,-0.05474,0.00354,0.00307,0.99849,-1.03237,-0.09433,0.00158,
62,-26.29287,-4.37660,-1.20177,-0.04987,0.00180,0.00320,0.99875,-0.53691,-0.04988,-0.00889,
63,-26.39206,-4.38654,-1.19778,-0.04498,0.00089,0.00318,0.99898,-1.06638,-0.08260,0.00383,
63,-26.45065,-4.38868,-1.19848,-0.04139,0.00347,0.00331,0.99913,-0.59808,-0.04356,0.00545,
63,-26.54181,-4.39393,-1.20169,-0.03675,0.00139,0.00322,0.99932,-0.90669,-0.05605,-0.00873,
63,-26.61910,-4.39460,-1.20095,-0.03232,0.00083,0.00326,0.99947,-0.63660,-0.03527,-0.00238,
63,-26.70553,-4.39949,-1.20016,-0.02899,0.00325,0.00336,0.99957,-0.77274,-0.03297,0.00249,
63,-26.74556,-4.39968,-1.20202,-0.02666,0.00361,0.00333,0.99963,-0.78810,-0.02112,-0.00309,
63,-26.77546,-4.39113,-1.20263,-0.02230,0.00198,0.00335,0.99974,-0.98595,0.02148,-0.00761,
63,-26.85642,-4.38480,-1.19935,-0.01121,0.00106,0.00344,0.99993,-0.38235,0.03744,0.00092,
63,-26.98751,-4.37360,-1.20188,0.00708,0.00205,0.00345,0.99997,-0.78386,0.08242,-0.00553,
63,-27.08723,-4.36895,-1.20301,0.01750,0.00060,0.00346,0.99984,-0.64082,0.07759,-0.00270,
64,-27.21081,-4.36031,-1.20244,0.03060,0.00073,0.00342,0.99953,-1.21569,0.15047,-0.00003,
64,-27.22017,-4.34813,-1.20295,0.03702,0.00271,0.00313,0.99931,-0.61947,0.10148,0.00489,
64,-27.36685,-4.33236,-1.20302,0.05107,0.00068,0.00317,0.99869,-0.92062,0.14822,-0.00880,
64,-27.45395,-4.32017,-1.20190,0.05874,0.00032,0.00316,0.99827,-1.17240,0.20125,-0.00001,
64,-27.53076,-4.30667,-1.20243,0.06609,0.00263,0.00290,0.99781,-0.70248,0.13384,0.00083,
64,-27.60294,-4.29306,-1.20446,0.07235,0.00095,0.00293,0.99737,-0.80469,0.15743,-0.00448,
64,-27.75316,-4.27830,-1.20565,0.07862,0.00005,0.00314,0.99690,-1.07056,0.20604,-0.00950,
64,-27.88973,-4.25503,-1.20696,0.08874,0.00216,0.00276,0.99605,-0.67838,0.13245,-0.00094,
64,-27.93164,-4.24672,-1.20852,0.09289,0.00185,0.00284,0.99567,-1.05591,0.21908,-0.01445,
64,-28.06261,-4.22008,-1.21029,0.10138,-0.00063,0.00293,0.99484,-1.07395,0.23182,-0.00946,
65,-28.13997,-4.20171,-1.21249,0.10615,0.00091,0.00268,0.99435,-0.47703,0.09730,-0.00894,
65,-28.24119,-4.18500,-1.21433,0.10944,0.00165,0.00295,0.99399,-0.84467,0.18690,-0.00808,
65,-28.30966,-4.16056,-1.21322,0.11569,-0.00022,0.00300,0.99328,-1.07623,0.26667,-0.00882,
65,-28.40227,-4.13577,-1.21288,0.12160,0.00216,0.00284,0.99257,-1.32564,0.34711,-0.00855,
65,-28.58106,-4.09389,-1.21599,0.12884,-0.00096,0.00317,0.99166,-1.17719,0.31801,-0.00677,
65,-28.66488,-4.06862,-1.21415,0.13278,0.00082,0.00297,0.99114,-0.51627,0.13333,-0.00246,
65,-28.74183,-4.04807,-1.21473,0.13537,0.00194,0.00289,0.99079,-0.62099,0.16813,-0.00083,
65,-28.80131,-4.02999,-1.21866,0.13775,0.00153,0.00298,0.99046,-0.86175,0.24763,-0.01320,
65,-28.91294,-3.99773,-1.21722,0.14220,-0.00080,0.00336,0.98983,-1.39047,0.42141,-0.00574,
65,-29.03249,-3.95725,-1.21772,0.14767,0.00148,0.00295,0.98903,-0.54929,0.16357,0.00129,
66,-29.17103,-3.91662,-1.21722,0.15173,-0.00079,0.00347,0.98842,-1.24684,0.39582,-0.01170,
66,-29.23491,-3.89008,-1.21866,0.15489,0.00110,0.00311,0.98793,-1.50912,0.50330,-0.00330,
66,-29.37159,-3.84817,-1.22026,0.15926,0.00070,0.00338,0.98723,-0.55495,0.17954,-0.00722,
66,-29.42016,-3.82802,-1.22254,0.16133,-0.00032,0.00347,0.98689,-0.92001,0.31645,-0.00795,
66,-29.54936,-3.78457,-1.22251,0.16531,0.00249,0.00304,0.98623,-1.10992,0.39204,-0.00878,
66,-29.63907,-3.75324,-1.22338,0.16795,-0.00031,0.00353,0.98579,-0.57550,0.19832,-0.01060,
66,-29.67529,-3.73445,-1.22413,0.16981,-0.00051,0.00353,0.98547,-0.82669,0.30001,-0.00265,
66,-29.81902,-3.68200,-1.22599,0.17481,0.00111,0.00326,0.98460,-1.15287,0.42977,-0.00634,
66,-29.89002,-3.65663,-1.22799,0.17662,-0.00051,0.00353,0.98427,-1.33918,0.50602,-0.00720,
66,-30.00541,-3.61157,-1.22460,0.17920,0.00188,0.00312,0.98381,-0.65637,0.23800,0.00556,
67,-30.09106,-3.57688,-1.22819,0.18232,0.00068,0.00346,0.98323,-1.09278,0.41297,-0.00973,
67,-30.18148,-3.54258,-1.22529,0.18287,-0.00018,0.00357,0.98313,-0.72206,0.27211,0.00125,
67,-30.32138,-3.48985,-1.22455,0.18272,0.00110,0.00326,0.98316,-1.00323,0.37863,-0.00081,
67,-30.41913,-3.45267,-1.22629,0.18256,0.00109,0.00313,0.98319,-1.23510,0.46543,0.00126,
67,-30.51230,-3.42032,-1.22884,0.18237,-0.00015,0.00345,0.98322,-1.04046,0.38981,-0.00706,
67,-30.60840,-3.38484,-1.22920,0.18210,0.00035,0.00343,0.98327,-0.43316,0.15735,0.00134,
67,-30.71335,-3.34503,-1.23120,0.18120,0.00194,0.00376,0.98344,-1.16151,0.43722,-0.00133,
67,-30.80523,-3.31101,-1.23027,0.18044,-0.00047,0.00382,0.98358,-1.26313,0.47202,-0.00862,
67,-30.91349,-3.27052,-1.23586,0.18008,0.00244,0.00305,0.98364,-0.80616,0.29970,-0.00868,
67,-31.00742,-3.23666,-1.23817,0.18032,0.00060,0.00346,0.98360,-1.20620,0.45041,-0.01768,
68,-31.12674,-3.19122,-1.23654,0.18014,0.00168,0.00325,0.98363,-0.83616,0.31272,-0.00737,
68,-31.22234,-3.15598,-1.24093,0.17997,0.00296,0.00296,0.98366,-0.91443,0.34279,-0.01256,
68,-31.28708,-3.13135,-1.24538,0.17985,0.00102,0.00332,0.98369,-0.61183,0.23000,-0.01604,
68,-31.38913,-3.09408,-1.24524,0.17959,0.00017,0.00352,0.98374,-0.94078,0.35457,-0.01762,
68,-31.47531,-3.06114,-1.24279,0.17932,-0.00019,0.00362,0.98378,-1.66392,0.62649,-0.00552,
68,-31.54474,-3.02836,-1.24225,0.17909,0.00310,0.00290,0.98382,-0.66384,0.25565,-0.00353,
68,-31.65988,-2.98347,-1.24368,0.17848,0.00030,0.00351,0.98394,-0.78120,0.30014,-0.00909,
68,-31.76763,-2.94249,-1.24084,0.17818,0.00070,0.00345,0.98399,-0.92645,0.35487,-0.00265,
68,-31.85636,-2.90848,-1.24291,0.17799,0.00276,0.00298,0.98402,-1.16668,0.44404,-0.00463,
68,-31.96913,-2.86525,-1.24606,0.17771,0.00003,0.00345,0.98408,-1.30757,0.49599,-0.00651,
69,-32.06025,-2.82927,-1.24214,0.17742,-0.00044,0.00362,0.98413,-1.05034,0.40141,0.00171,
69,-32.15619,-2.79397,-1.24181,0.17715,0.00256,0.00301,0.98418,-1.12135,0.42537,0.00396,
69,-32.29569,-2.74549,-1.24286,0.17594,0.00065,0.00384,0.98439,-0.80828,0.30275,-0.01202,
69,-32.42050,-2.69844,-1.24185,0.17523,-0.00060,0.00371,0.98452,-1.38645,0.51459,0.00247,
69,-32.52234,-2.66174,-1.24420,0.17498,0.00248,0.00297,0.98456,-1.15033,0.42576,0.00017,
69,-32.63036,-2.62260,-1.24257,0.17462,0.00018,0.00339,0.98463,-0.46508,0.17420,-0.00280,
69,-32.73026,-2.58571,-1.23905,0.17427,0.00088,0.00338,0.98469,-0.91364,0.33803,0.00260,
69,-32.83999,-2.54560,-1.23969,0.17400,0.00201,0.00309,0.98474,-1.21152,0.44533,0.00834,
69,-32.92892,-2.51149,-1.24137,0.17378,0.00096,0.00329,0.98478,-0.87289,0.32365,-0.00654,
69,-33.05853,-2.46683,-1.24689,0.17355,0.00257,0.00283,0.98482,-1.59298,0.57910,-0.00072,
70,-33.15711,-2.43162,-1.25061,0.17421,0.00126,0.00319,0.98470,-0.94559,0.34855,-0.01527,
70,-33.25833,-2.39012,-1.24726,0.17495,0.00037,0.00342,0.98457,-0.85911,0.32495,-0.00396,
70,-33.35461,-2.35439,-1.25077,0.17583,0.00295,0.00279,0.98441,-0.89199,0.33748,0.00108,
70,-33.43654,-2.32212,-1.24799,0.17668,0.00173,0.00309,0.98426,-1.04577,0.39875,-0.01000,
70,-33.51361,-2.29261,-1.24611,0.17721,0.00046,0.00341,0.98417,-0.99304,0.38097,-0.00551,
70,-33.61696,-2.25145,-1.25091,0.17843,0.00256,0.00290,0.98394,-1.11648,0.43111,0.00597,
70,-33.73033,-2.20615,-1.25391,0.17958,0.00124,0.00316,0.98374,-1.24345,0.48427,-0.01827,
70,-33.81413,-2.17184,-1.25028,0.18042,0.00037,0.00340,0.98358,-0.87716,0.34654,-0.00386,
70,-33.92732,-2.12719,-1.25342,0.18170,0.00301,0.00276,0.98335,-1.12623,0.44451,0.00685,
70,-34.04202,-2.08161,-1.25638,0.18285,0.00107,0.00313,0.98314,-1.19387,0.47364,-0.01880,
71,-34.14527,-2.04246,-1.25539,0.18372,-0.00024,0.00330,0.98297,-0.59126,0.23544,-0.00200,
71,-34.24847,-2.00294,-1.25416,0.18461,0.00262,0.00271,0.98280,-1.15081,0.45609,0.00499,
71,-34.37653,-1.95344,-1.25384,0.18572,0.00080,0.00312,0.98260,-0.96913,0.38536,-0.00811,
71,-34.45419,-1.92265,-1.25052,0.18624,-0.00018,0.00336,0.98250,-1.08483,0.43332,0.00323,
71,-34.54399,-1.88509,-1.24925,0.18708,0.00177,0.00306,0.98234,-0.85698,0.34580,0.00355,
71,-34.65396,-1.84024,-1.25194,0.18832,0.00282,0.00275,0.98210,-1.20490,0.48812,0.00281,
71,-34.74941,-1.80128,-1.25567,0.18916,0.00080,0.00313,0.98194,-1.24713,0.50876,-0.00766,
71,-34.86848,-1.75257,-1.25497,0.19013,0.00012,0.00335,0.98175,-0.87614,0.36119,0.00294,
71,-34.96064,-1.71425,-1.25518,0.19094,0.00265,0.00283,0.98159,-0.77295,0.32079,0.00092,
71,-35.08178,-1.66465,-1.25558,0.19204,0.00096,0.00319,0.98138,-0.87227,0.36239,-0.00372,
72,-35.19212,-1.61956,-1.25527,0.19284,-0.00024,0.00347,0.98122,-1.41842,0.59020,-0.00078,
72,-35.29412,-1.57711,-1.25557,0.19371,0.00246,0.00294,0.98105,-0.58757,0.24678,-0.00014,
72,-35.38313,-1.53876,-1.25710,0.19461,0.00272,0.00286,0.98087,-1.01828,0.42857,-0.00231,
72,-35.44880,-1.51115,-1.25692,0.19516,0.00125,0.00314,0.98077,-0.98262,0.41401,-0.00708,
72,-35.57833,-1.45833,-1.26019,0.19631,0.00178,0.00294,0.98054,-1.14885,0.48446,0.00101,
72,-35.69738,-1.40760,-1.26265,0.19744,0.00127,0.00306,0.98031,-1.20271,0.51009,-0.01252,
72,-35.81132,-1.35768,-1.25999,0.19850,-0.00023,0.00339,0.98010,-1.24372,0.53131,-0.00301,
72,-35.93043,-1.30564,-1.26246,0.19968,0.00308,0.00267,0.97985,-1.23673,0.53322,-0.00070,
72,-36.03780,-1.25959,-1.26146,0.20111,0.00143,0.00315,0.97956,-0.94031,0.40840,-0.00756,
72,-36.16312,-1.20554,-1.26020,0.20239,0.00062,0.00330,0.97930,-1.29593,0.56582,0.00291,
73,-36.25062,-1.16512,-1.26506,0.20334,0.00293,0.00276,0.97910,-0.91825,0.40429,-0.00421,
73,-36.35344,-1.11949,-1.26415,0.20473,0.00135,0.00321,0.97881,-0.63232,0.28159,-0.00500,
73,-36.44166,-1.07899,-1.26344,0.20578,0.00153,0.00314,0.97859,-1.12037,0.50061,0.00085,
73,-36.56971,-1.01974,-1.26561,0.20742,0.00125,0.00314,0.97825,-1.14425,0.51818,-0.00647,
73,-36.66835,-0.97188,-1.26578,0.21010,0.00013,0.00353,0.97767,-1.02271,0.48659,-0.00243,
73,-36.75413,-0.92482,-1.26407,0.21670,0.00306,0.00305,0.97623,-0.97900,0.51606,0.00056,
73,-36.80397,-0.89016,-1.26396,0.22219,0.00367,0.00292,0.97499,-0.84959,0.48472,-0.00047,
73,-36.87760,-0.83197,-1.26282,0.23640,0.00156,0.00362,0.97165,-0.83316,0.51734,-0.00214,
73,-36.90115,-0.79909,-1.26842,0.24418,0.00115,0.00381,0.96972,-0.63151,0.42495,-0.00791,
73,-36.93822,-0.76043,-1.26680,0.25247,0.00159,0.00385,0.96760,-0.75194,0.54142,0.00091,
74,-37.00639,-0.69917,-1.26905,0.26825,0.00370,0.00309,0.96334,-0.67548,0.52517,0.00128,
74,-37.06780,-0.65272,-1.26919,0.27536,0.00191,0.00359,0.96133,-0.40459,0.33012,-0.00840,
74,-37.16584,-0.57703,-1.27122,0.28899,0.00083,0.00379,0.95733,-1.07758,0.83977,-0.01198,
74,-37.22466,-0.53012,-1.27120,0.29544,0.00120,0.00356,0.95535,-0.68417,0.55453,-0.00477,
74,-37.35882,-0.43076,-1.27279,0.31026,0.00154,0.00325,0.95064,-0.84915,0.69394,-0.00246,
74,-37.47790,-0.34606,-1.27369,0.31933,0.00025,0.00362,0.94764,-1.11976,0.91595,-0.01326,
74,-37.60910,-0.24525,-1.27335,0.33141,0.00110,0.00317,0.94348,-1.02063,0.85230,-0.00803,
74,-37.65819,-0.20015,-1.27183,0.33826,0.00186,0.00263,0.94105,-1.08487,0.93188,-0.00077,
74,-37.75851,-0.12488,-1.27327,0.34460,-0.00022,0.00343,0.93874,-0.85157,0.72854,-0.00582,
74,-37.82453,-0.06664,-1.27478,0.35075,0.00145,0.00278,0.93647,-0.66156,0.57144,-0.00149,
75,-37.90105,0.00448,-1.27152,0.35821,0.00187,0.00253,0.93364,-0.63610,0.55491,-0.00313,
75,-37.96467,0.06347,-1.27024,0.36314,0.00051,0.00307,0.93173,-0.79137,0.71787,-0.00034,
75,-37.96644,0.08230,-1.27022,0.36643,0.00144,0.00271,0.93044,-0.46891,0.43401,0.00388,
75,-38.05627,0.16249,-1.27214,0.37131,0.00232,0.00249,0.92850,-0.98300,0.95778,-0.00347,
75,-38.12887,0.23229,-1.27286,0.37586,0.00008,0.00341,0.92667,-0.44009,0.41250,-0.00213,
75,-38.15983,0.27794,-1.27253,0.38051,0.00196,0.00259,0.92477,-0.72265,0.73139,0.00241,
75,-38.24161,0.35290,-1.27127,0.38365,0.00349,0.00209,0.92347,-0.64757,0.65910,0.00896,
75,-38.31394,0.43117,-1.27387,0.38928,0.00337,0.00211,0.92111,-0.78098,0.82068,-0.01099,
75,-38.34995,0.48605,-1.27737,0.39414,0.00093,0.00317,0.91904,-0.84134,0.91674,-0.00779,
75,-38.45553,0.58830,-1.27450,0.39792,0.00233,0.00272,0.91741,-0.53949,0.58614,-0.00373,
76,-38.51502,0.65855,-1.27691,0.40263,0.00247,0.00256,0.91536,-0.57797,0.64089,0.00239,
76,-38.55483,0.70474,-1.27984,0.40483,0.00155,0.00303,0.91438,-0.61419,0.69184,-0.01131,
76,-38.61406,0.78074,-1.27757,0.40923,0.00107,0.00326,0.91243,-0.82488,0.95910,-0.00092,
76,-38.67372,0.84936,-1.27743,0.41254,0.00354,0.00204,0.91093,-0.39145,0.44497,0.00061,
76,-38.74209,0.91973,-1.28108,0.41477,0.00288,0.00246,0.90992,-0.58230,0.65990,-0.01271,
76,-38.82978,1.01661,-1.27904,0.41671,0.00078,0.00335,0.90903,-0.86578,0.98817,-0.00101,
76,-38.89195,1.08662,-1.27829,0.41735,0.00323,0.00213,0.90874,-0.48084,0.53658,0.00090,
76,-38.98324,1.18964,-1.28205,0.41849,0.00079,0.00323,0.90822,-0.84990,0.96978,-0.01227,
76,-39.02961,1.24287,-1.28219,0.41871,0.00126,0.00305,0.90811,-0.51617,0.58154,-0.00364,
76,-39.07692,1.29639,-1.28143,0.41893,0.00341,0.00206,0.90801,-0.70175,0.80148,-0.00165,
77,-39.13562,1.36522,-1.28384,0.42001,0.00322,0.00223,0.90751,-0.79462,0.92130,-0.01753,
77,-39.21469,1.45842,-1.28764,0.42062,0.00112,0.00329,0.90723,-0.53188,0.61647,-0.00768,
77,-39.28752,1.54550,-1.29067,0.42108,0.00360,0.00211,0.90701,-0.73902,0.86763,-0.01311,
77,-39.34939,1.61854,-1.28997,0.42135,0.00201,0.00296,0.90689,-0.34960,0.40831,-0.01383,
77,-39.41720,1.69678,-1.29378,0.42162,0.00158,0.00319,0.90676,-0.68315,0.80642,-0.01159,
77,-39.46214,1.74956,-1.29163,0.42180,0.00260,0.00273,0.90668,-0.63346,0.74969,-0.00460,
77,-39.53740,1.84005,-1.29244,0.42188,0.00252,0.00291,0.90665,-0.79952,0.95209,-0.01344,
77,-39.57882,1.89503,-1.29438,0.42200,0.00142,0.00332,0.90659,-0.40090,0.48118,-0.00674,
77,-39.63193,1.95874,-1.29093,0.42221,0.00319,0.00257,0.90649,-0.49589,0.59652,0.00123,
77,-39.72099,2.06555,-1.29218,0.42389,0.00226,0.00306,0.90570,-0.71853,0.87073,-0.00651,
78,-39.77045,2.13021,-1.29169,0.42436,0.00190,0.00319,0.90549,-0.68793,0.84121,-0.00442,
78,-39.83865,2.20869,-1.29185,0.42458,0.00223,0.00312,0.90538,-0.66090,0.80838,0.00071,
78,-39.89687,2.28063,-1.29240,0.42514,0.00387,0.00247,0.90512,-0.54230,0.66769,0.00473,
78,-39.96219,2.36342,-1.29171,0.42592,0.00259,0.00295,0.90475,-0.67579,0.83462,-0.00875,
78,-40.05918,2.48133,-1.28940,0.42649,0.00197,0.00322,0.90449,-0.99364,1.22293,0.00250,
78,-40.13317,2.57059,-1.29333,0.42701,0.00341,0.00229,0.90424,-0.51348,0.63538,0.00020,
78,-40.19078,2.64108,-1.29402,0.42737,0.00269,0.00273,0.90407,-0.81539,1.00586,-0.00997,
78,-40.25067,2.71404,-1.29675,0.42768,0.00163,0.00325,0.90392,-0.42380,0.52613,-0.00986,
78,-40.29553,2.76948,-1.29766,0.42792,0.00146,0.00328,0.90381,-0.91636,1.13093,-0.00068,
78,-40.37606,2.86614,-1.30017,0.42843,0.00440,0.00179,0.90356,-0.44245,0.54909,-0.00587,
79,-40.45905,2.96533,-1.30034,0.42769,0.00188,0.00329,0.90392,-0.80704,0.98850,-0.01786,
79,-40.53633,3.05694,-1.30220,0.42790,0.00170,0.00326,0.90382,-0.64863,0.79701,-0.00607,
79,-40.58865,3.12282,-1.30163,0.42824,0.00351,0.00231,0.90366,-0.50489,0.62381,-0.00380,
79,-40.66270,3.21319,-1.30486,0.42763,0.00222,0.00311,0.90395,-0.60393,0.74302,-0.01708,
79,-40.71060,3.27174,-1.30791,0.42769,0.00151,0.00327,0.90392,-0.71439,0.87817,-0.01385,
79,-40.77753,3.35421,-1.30543,0.42801,0.00184,0.00309,0.90377,-0.35890,0.44486,-0.00713,
79,-40.83638,3.42771,-1.30465,0.42843,0.00313,0.00238,0.90357,-0.62871,0.77919,0.00319,
79,-40.87569,3.47750,-1.30826,0.42878,0.00297,0.00243,0.90340,-0.47040,0.58667,-0.00715,
79,-40.91663,3.53026,-1.30794,0.42906,0.00183,0.00301,0.90327,-0.48802,0.61145,-0.00785,
79,-40.95497,3.57908,-1.30515,0.42935,0.00226,0.00280,0.90313,-0.69380,0.86816,0.00368,
80,-41.01430,3.65615,-1.30854,0.42990,0.00448,0.00174,0.90286,-0.53740,0.68485,-0.00281,
80,-41.06642,3.72482,-1.30697,0.43130,0.00297,0.00263,0.90220,-0.53205,0.68862,-0.00604,
80,-41.13840,3.81803,-1.30844,0.43305,0.00160,0.00318,0.90136,-0.73762,0.95515,-0.00444,
80,-41.19162,3.89300,-1.30696,0.43514,0.00438,0.00191,0.90035,-0.67606,0.88539,-0.00261,
80,-41.27065,3.99452,-1.30657,0.43733,0.00200,0.00295,0.89929,-0.75246,0.99264,0.00048,
80,-41.32925,4.07476,-1.30744,0.43905,0.00435,0.00161,0.89845,-0.66340,0.88284,-0.00189,
80,-41.40047,4.16752,-1.30713,0.44054,0.00156,0.00298,0.89773,-0.74526,0.99054,-0.00729,
80,-41.46457,4.25247,-1.30931,0.44209,0.00415,0.00157,0.89696,-0.85090,1.13461,-0.00527,
80,-41.54279,4.35783,-1.30813,0.44391,0.00219,0.00256,0.89607,-0.46772,0.63099,0.00034,
80,-41.59238,4.42522,-1.31172,0.44504,0.00452,0.00128,0.89550,-0.50898,0.68844,-0.00426,
81,-41.65826,4.50821,-1.31057,0.44608,0.00277,0.00220,0.89498,-0.79733,1.07240,-0.00678,
81,-41.71137,4.58095,-1.30818,0.44713,0.00201,0.00263,0.89446,-0.53945,0.73017,0.00161,
81,-41.77703,4.67178,-1.30693,0.44861,0.00417,0.00151,0.89372,-0.43853,0.59883,0.00105,
81,-41.82779,4.74271,-1.30977,0.45144,0.00318,0.00119,0.89229,-0.55847,0.76865,-0.00112,
81,-41.86063,4.79122,-1.31345,0.45275,0.00176,0.00232,0.89163,-0.39225,0.55036,-0.00875,
81,-41.89917,4.84565,-1.30928,0.45360,0.00136,0.00282,0.89120,-0.29809,0.42225,0.00158,
81,-41.96513,4.93768,-1.30820,0.45517,0.00458,0.00133,0.89039,-0.67278,0.94675,0.01010,
81,-42.01239,5.00428,-1.31073,0.45695,0.00366,0.00178,0.88948,-0.74708,1.06066,-0.00015,
81,-42.06516,5.07596,-1.31220,0.45796,0.00215,0.00240,0.88897,-0.49544,0.70042,-0.00453,
81,-42.12946,5.16857,-1.30808,0.45917,0.00380,0.00155,0.88834,-0.59895,0.85272,0.00937,
82,-42.19239,5.26004,-1.30721,0.46096,0.00271,0.00230,0.88742,-0.68463,0.98417,-0.00327,
82,-42.25982,5.35881,-1.30969,0.46239,0.00334,0.00178,0.88667,-0.47093,0.68238,0.00225,
82,-42.29122,5.40642,-1.30828,0.46300,0.00447,0.00120,0.88635,-0.37866,0.55148,0.00102,
82,-42.32006,5.44899,-1.31394,0.46363,0.00357,0.00150,0.88602,-0.63883,0.92984,-0.00906,
82,-42.39830,5.56350,-1.31218,0.46503,0.00218,0.00232,0.88529,-0.43294,0.63343,0.00358,
82,-42.44719,5.63732,-1.31213,0.46589,0.00402,0.00141,0.88483,-0.70643,1.04346,0.00088,
82,-42.51395,5.73023,-1.31385,0.46704,0.00438,0.00144,0.88422,-0.60480,0.89919,-0.01129,
82,-42.58426,5.83643,-1.31226,0.46861,0.00205,0.00261,0.88340,-0.50652,0.75747,-0.00009,
82,-42.61284,5.88283,-1.31490,0.46924,0.00148,0.00287,0.88306,-0.57987,0.87184,-0.00323,
82,-42.66798,5.96551,-1.31139,0.47014,0.00365,0.00170,0.88258,-0.38009,0.57467,0.00090,
83,-42.75317,6.09173,-1.31219,0.47166,0.00372,0.00166,0.88177,-0.60490,0.91671,0.00454,
83,-42.80302,6.16782,-1.31173,0.47252,0.00193,0.00265,0.88132,-0.74722,1.13871,-0.00277,
83,-42.85268,6.24538,-1.31249,0.47337,0.00412,0.00147,0.88085,-0.32395,0.50022,0.00456,
83,-42.88726,6.29980,-1.31614,0.47397,0.00451,0.00127,0.88053,-0.45207,0.70082,-0.00181,
83,-42.95893,6.40929,-1.31547,0.47508,0.00194,0.00274,0.87994,-0.67655,1.05157,-0.00961,
83,-43.00910,6.48782,-1.31143,0.47594,0.00171,0.00288,0.87947,-0.24754,0.39280,0.00118,
83,-43.06774,6.58077,-1.31260,0.47716,0.00460,0.00138,0.87880,-0.67468,1.04520,0.00456,
83,-43.10533,6.63554,-1.31748,0.47783,0.00404,0.00150,0.87844,-0.34290,0.52638,-0.00421,
83,-43.17004,6.72472,-1.32188,0.47722,0.00221,0.00238,0.87878,-0.89801,1.34504,-0.01496,
83,-43.25930,6.85650,-1.32011,0.47473,0.00276,0.00206,0.88012,-0.46336,0.67943,-0.00267,
84,-43.31359,6.93477,-1.31956,0.47327,0.00452,0.00111,0.88091,-0.73358,1.06688,0.00302,
84,-43.37402,7.01931,-1.32279,0.47188,0.00386,0.00141,0.88165,-0.54953,0.79067,-0.01282,
84,-43.42264,7.09104,-1.32124,0.47032,0.00226,0.00228,0.88249,-0.51825,0.74405,-0.00662,
84,-43.48639,7.18026,-1.32405,0.46875,0.00170,0.00260,0.88333,-0.31981,0.45259,-0.00340,
84,-43.54033,7.25870,-1.32275,0.46712,0.00342,0.00170,0.88418,-0.73993,1.05516,-0.00062,
84,-43.59344,7.33536,-1.32523,0.46613,0.00327,0.00181,0.88471,-0.31743,0.45304,-0.00114,
84,-43.65497,7.42154,-1.32412,0.46482,0.00106,0.00303,0.88540,-0.98970,1.40390,-0.00483,
84,-43.72623,7.52075,-1.32263,0.46278,0.00331,0.00181,0.88646,-0.49052,0.68796,0.00463,
84,-43.78108,7.59810,-1.32695,0.46165,0.00376,0.00166,0.88705,-0.47251,0.66505,-0.00976,
84,-43.83760,7.68108,-1.32506,0.45992,0.00183,0.00266,0.88795,-0.41946,0.59333,-0.00417,
85,-43.91240,7.78708,-1.32392,0.45789,0.00305,0.00202,0.88900,-0.81326,1.13183,0.00441,
85,-43.97414,7.87317,-1.32719,0.45640,0.00357,0.00172,0.88977,-0.61259,0.85081,0.00076,
85,-44.01530,7.92883,-1.32816,0.45540,0.00172,0.00270,0.89028,-0.60631,0.83570,-0.00734,
85,-44.08099,8.02128,-1.32682,0.45348,0.00336,0.00190,0.89126,-0.53425,0.73582,0.00391,
85,-44.12333,8.08098,-1.32847,0.45311,0.00421,0.00179,0.89144,-0.77461,1.05509,-0.00097,
85,-44.19930,8.18380,-1.32570,0.45188,0.00255,0.00241,0.89207,-0.72359,0.98440,-0.00187,
85,-44.27927,8.29044,-1.32595,0.45011,0.00141,0.00294,0.89297,-0.44212,0.60361,0.00474,
85,-44.37908,8.42037,-1.32738,0.44840,0.00387,0.00178,0.89382,-0.67037,0.89415,0.00101,
85,-44.43354,8.49373,-1.32494,0.44745,0.00250,0.00241,0.89430,-0.66622,0.88938,0.00243,
85,-44.48820,8.56421,-1.32630,0.44652,0.00179,0.00273,0.89477,-0.59103,0.78467,0.00284,
86,-44.57701,8.67869,-1.32433,0.44410,0.00396,0.00241,0.89596,-0.95966,1.24877,0.00526,
86,-44.64000,8.76032,-1.32586,0.44230,0.00188,0.00285,0.89686,-0.65041,0.84271,-0.00117,
86,-44.71169,8.84974,-1.32753,0.44073,0.00234,0.00239,0.89763,-0.55317,0.70999,-0.00077,
86,-44.79223,8.95046,-1.32584,0.43910,0.00437,0.00141,0.89842,-0.78679,0.99735,0.00398,
86,-44.85686,9.03108,-1.32911,0.43796,0.00272,0.00211,0.89899,-0.58217,0.73577,-0.00341,
86,-44.94810,9.14355,-1.33252,0.43605,0.00129,0.00280,0.89992,-0.88885,1.11032,-0.00565,
86,-45.01031,9.22131,-1.33155,0.43452,0.00386,0.00151,0.90065,-0.54017,0.67561,0.00233,
86,-45.08255,9.31392,-1.33152,0.43330,0.00199,0.00251,0.90124,-0.57607,0.72999,-0.01548,
86,-45.14576,9.39475,-1.32984,0.43297,0.00214,0.00248,0.90140,-0.71198,0.90074,0.00193,
86,-45.18943,9.45194,-1.33238,0.43293,0.00403,0.00155,0.90142,-0.66594,0.84634,0.00658,
87,-45.24950,9.52812,-1.33630,0.43291,0.00380,0.00162,0.90143,-0.34661,0.44732,-0.01261,
87,-45.31427,9.60972,-1.33442,0.43288,0.00184,0.00265,0.90145,-0.63586,0.80921,-0.00606,
87,-45.36716,9.67987,-1.33507,0.43290,0.00358,0.00180,0.90143,-0.81417,1.03231,0.00658,
87,-45.44236,9.77531,-1.33731,0.43335,0.00259,0.00225,0.90122,-0.80088,1.01714,-0.00856,
87,-45.51556,9.87109,-1.33499,0.43347,0.00388,0.00169,0.90116,-0.55811,0.71777,-0.00193,
87,-45.57381,9.94618,-1.33879,0.43449,0.00487,0.00130,0.90066,-0.80101,1.01932,-0.00250,
87,-45.62863,10.01476,-1.34155,0.43517,0.00307,0.00195,0.90034,-0.60796,0.77852,-0.01188,
87,-45.69415,10.09693,-1.33875,0.43534,0.00238,0.00233,0.90026,-0.60313,0.77151,-0.00116,
87,-45.75462,10.17324,-1.33527,0.43541,0.00403,0.00150,0.90022,-0.29399,0.37857,0.00373,
87,-45.81010,10.24586,-1.33368,0.43552,0.00403,0.00147,0.90017,-0.67629,0.86125,0.00628,
88,-45.86634,10.31791,-1.33519,0.43555,0.00260,0.00221,0.90016,-0.58645,0.74781,-0.00100,
88,-45.92597,10.39496,-1.34068,0.43559,0.00250,0.00219,0.90014,-0.65585,0.83573,-0.00534,
88,-45.97166,10.45451,-1.34119,0.43558,0.00195,0.00247,0.90015,-0.68950,0.87957,-0.00405,
88,-46.05170,10.55352,-1.33945,0.43557,0.00351,0.00171,0.90015,-0.27575,0.35710,-0.00235,
88,-46.12458,10.64631,-1.33946,0.43565,0.00464,0.00110,0.90010,-0.70539,0.89958,0.00923,
88,-46.19018,10.73066,-1.34022,0.43569,0.00328,0.00180,0.90009,-0.82299,1.04941,-0.00491,
88,-46.23841,10.79231,-1.33992,0.43569,0.00244,0.00226,0.90009,-0.48765,0.62591,-0.00498,
88,-46.27581,10.84112,-1.33525,0.43566,0.00240,0.00239,0.90010,-0.83468,1.06690,0.00704,
88,-46.34675,10.93317,-1.33642,0.43628,0.00477,0.00140,0.89980,-0.38578,0.49843,0.00236,
88,-46.44018,11.05132,-1.33613,0.43704,0.00283,0.00217,0.89943,-0.68094,0.87755,0.00156,
89,-46.50364,11.13618,-1.33723,0.43715,0.00486,0.00112,0.89938,-0.84214,1.08398,0.00621,
89,-46.55873,11.20563,-1.33705,0.43753,0.00472,0.00131,0.89919,-0.57800,0.75005,-0.00435,
89,-46.63515,11.30387,-1.34098,0.43784,0.00227,0.00237,0.89905,-0.83637,1.07963,-0.00328,
89,-46.70215,11.38966,-1.33891,0.43788,0.00276,0.00214,0.89903,-0.55117,0.71448,-0.00213,
89,-46.77664,11.48560,-1.33991,0.43812,0.00476,0.00133,0.89890,-0.71195,0.91892,-0.00380,
89,-46.83152,11.55696,-1.34381,0.43865,0.00257,0.00222,0.89865,-0.47315,0.61584,-0.00874,
89,-46.92995,11.68452,-1.34656,0.43885,0.00168,0.00258,0.89856,-0.85831,1.11012,-0.00526,
89,-46.97888,11.74693,-1.34431,0.43887,0.00255,0.00215,0.89855,-0.63002,0.81566,-0.00165,
89,-47.06313,11.85513,-1.34251,0.43910,0.00464,0.00133,0.89842,-0.59820,0.77391,0.00127,
89,-47.10857,11.91289,-1.34538,0.43939,0.00341,0.00180,0.89829,-0.68415,0.88427,-0.00908,
90,-47.17555,11.99758,-1.34876,0.43952,0.00154,0.00255,0.89823,-0.66888,0.86077,-0.00564,
90,-47.24409,12.08456,-1.34823,0.43957,0.00304,0.00173,0.89820,-0.42818,0.54936,-0.00553,
90,-47.28564,12.14016,-1.34197,0.43960,0.00367,0.00146,0.89819,-0.78970,1.02127,0.00780,
90,-47.35779,12.23913,-1.34289,0.44026,0.00306,0.00197,0.89786,-0.27426,0.36533,0.00472,
90,-47.43098,12.34258,-1.34286,0.44418,0.00385,0.00164,0.89593,-0.85257,1.18272,0.00523,
