5,0.32160,0.40028,-0.02221,0.03235,0.99919,-0.01325,0.01974,1.12223,1.09755,-0.03885,
5,0.50235,0.57016,-0.03784,0.03530,0.99895,-0.02422,0.01643,1.37173,1.24882,-0.05901,
5,0.51745,0.58641,-0.03540,0.03410,0.99861,-0.03588,0.01806,1.35595,1.16110,-0.04811,
5,0.58572,0.64525,-0.03939,0.03433,0.99809,-0.04804,0.01840,1.41917,1.14054,-0.04720,
5,0.65415,0.70309,-0.04219,0.03394,0.99746,-0.06054,0.01610,1.22073,1.13818,-0.08330,
5,0.68856,0.74511,-0.04455,0.03305,0.99668,-0.07296,0.01430,0.99836,1.13025,-0.08514,
5,0.73077,0.79722,-0.04718,0.03183,0.99591,-0.08326,0.01459,0.88138,1.14306,-0.08957,
5,0.78490,0.87588,-0.05410,0.03275,0.99498,-0.09359,0.01369,0.71002,1.21780,-0.07721,
5,0.81561,0.92987,-0.05858,0.03267,0.99392,-0.10417,0.01464,0.60299,1.23680,-0.11416,
5,0.82789,0.98305,-0.06020,0.03226,0.99278,-0.11457,0.01492,0.37608,1.27320,-0.07518,
5,0.85391,1.05086,-0.06671,0.03251,0.99154,-0.12452,0.01674,0.43555,1.26558,-0.07867,
5,0.88065,1.12036,-0.07004,0.03263,0.99020,-0.13453,0.01820,0.50280,1.25042,-0.08387,
5,0.90935,1.18733,-0.07135,0.03235,0.98875,-0.14479,0.01927,0.56320,1.22690,-0.08384,
5,0.93600,1.24495,-0.07456,0.03207,0.98715,-0.15532,0.01974,0.61491,1.18975,-0.08312,
5,0.96933,1.30660,-0.07301,0.03155,0.98538,-0.16617,0.02048,0.66531,1.15540,-0.07158,
5,0.99859,1.35925,-0.07648,0.03124,0.98343,-0.17735,0.02082,0.70691,1.10990,-0.06784,
5,1.03000,1.42056,-0.07650,0.03073,0.98137,-0.18873,0.01854,0.51874,1.17015,-0.08575,
5,1.05288,1.47950,-0.08169,0.02978,0.97960,-0.19787,0.01882,0.41157,1.21776,-0.09621,
6,1.07672,1.55227,-0.08423,0.03020,0.97769,-0.20706,0.01816,0.23646,1.32194,-0.08003,
6,1.09003,1.62597,-0.09013,0.03117,0.97562,-0.21642,0.01877,0.14447,1.38967,-0.12004,
6,1.09489,1.69791,-0.09590,0.03089,0.97355,-0.22559,0.01860,-0.04996,1.48865,-0.09035,
6,1.11539,1.80105,-0.10591,0.03087,0.97151,-0.23432,0.01758,-0.18224,1.62012,-0.11326,
6,1.10335,1.87932,-0.11124,0.03037,0.96915,-0.24379,0.02000,-0.18118,1.62590,-0.09726,
6,1.11627,1.98179,-0.11941,0.03095,0.96687,-0.25242,0.02207,-0.10158,1.62331,-0.09397,
6,1.11217,2.06057,-0.12401,0.03102,0.96462,-0.26078,0.02326,-0.05203,1.58586,-0.10055,
6,1.10291,2.14438,-0.12860,0.03086,0.96227,-0.26933,0.02350,-0.01494,1.55322,-0.10268,
6,1.10092,2.21701,-0.13320,0.03054,0.95977,-0.27811,0.02379,0.02432,1.50735,-0.10060,
6,1.11778,2.30451,-0.13723,0.03016,0.95711,-0.28715,0.02413,0.07941,1.47836,-0.09733,
6,1.12293,2.37654,-0.14160,0.02988,0.95416,-0.29681,0.02446,0.11424,1.43079,-0.09206,
6,1.14931,2.45936,-0.14502,0.02958,0.95097,-0.30684,0.02501,0.16609,1.39569,-0.08735,
6,1.16380,2.52404,-0.15162,0.02988,0.94758,-0.31711,0.02527,0.20195,1.34242,-0.08729,
6,1.18778,2.59818,-0.15537,0.02963,0.94385,-0.32804,0.02555,0.24035,1.29617,-0.08145,
6,1.23085,2.69916,-0.16561,0.02933,0.93999,-0.33917,0.02274,0.11083,1.44987,-0.12624,
6,1.28002,2.81229,-0.17419,0.02856,0.93673,-0.34816,0.02260,0.07516,1.57611,-0.14185,
6,1.29923,2.90414,-0.18381,0.02872,0.93324,-0.35733,0.02344,0.00012,1.67190,-0.18223,
6,1.36918,3.07533,-0.18852,0.02928,0.92964,-0.36645,0.02526,0.12364,1.74000,-0.10514,
6,1.38684,3.16884,-0.19428,0.02927,0.92591,-0.37562,0.02715,0.16144,1.69561,-0.11159,
6,1.36424,3.26498,-0.20053,0.03042,0.92211,-0.38483,0.02629,0.16338,1.66520,-0.12153,
6,1.38411,3.35235,-0.20593,0.02916,0.91815,-0.39429,0.02620,0.19701,1.61180,-0.12517,
7,1.46758,3.49083,-0.21001,0.02806,0.91393,-0.40405,0.02637,0.30197,1.62773,-0.12326,
7,1.50647,3.59124,-0.21472,0.02741,0.90945,-0.41406,0.02642,0.33981,1.59590,-0.11828,
7,1.50251,3.63826,-0.21349,0.02764,0.90471,-0.42433,0.02610,0.32282,1.50506,-0.10213,
7,1.53652,3.73529,-0.21775,0.02537,0.89987,-0.43480,0.02320,0.18995,1.66646,-0.13700,
7,1.49116,3.76148,-0.21505,0.02514,0.89580,-0.44316,0.02295,0.04481,1.69576,-0.13292,
7,1.49267,3.85132,-0.22082,0.02416,0.89165,-0.45156,0.02167,-0.08419,1.86639,-0.12223,
7,1.48086,3.92105,-0.22259,0.02527,0.88725,-0.46009,0.02135,-0.15429,1.94385,-0.15294,
7,1.46086,4.00413,-0.22929,0.02427,0.88295,-0.46841,0.02018,-0.29646,2.10831,-0.12390,
7,1.44384,4.06143,-0.22819,0.02398,0.87879,-0.47628,0.01761,-0.38815,2.22088,-0.12508,
7,1.42567,4.14943,-0.23122,0.02314,0.87413,-0.48478,0.01872,-0.37840,2.20083,-0.10332,
7,1.44418,4.24214,-0.23015,0.02377,0.86995,-0.49223,0.01786,-0.28924,2.13490,-0.09895,
7,1.44350,4.32459,-0.22959,0.02243,0.86576,-0.49966,0.01723,-0.24078,2.05119,-0.09791,
7,1.47780,4.42299,-0.22833,0.02173,0.86127,-0.50745,0.01525,-0.14657,1.99199,-0.08639,
7,1.48419,4.49662,-0.22470,0.01966,0.85637,-0.51579,0.01433,-0.10729,1.90179,-0.07254,
7,1.52775,4.58759,-0.21896,0.01881,0.85119,-0.52438,0.01230,-0.01471,1.83734,-0.05499,
7,1.57237,4.66871,-0.20946,0.01780,0.84558,-0.53346,0.01028,0.07317,1.76046,-0.03380,
7,1.59032,4.72646,-0.20405,0.01573,0.83961,-0.54289,0.00948,0.10727,1.65655,-0.02192,
7,1.65233,4.82062,-0.19516,0.01543,0.83312,-0.55282,0.00741,0.20569,1.60375,-0.00485,
7,1.72502,4.93795,-0.18885,0.01435,0.82640,-0.56290,0.00301,0.22820,1.81866,-0.01740,
8,1.77754,5.03282,-0.18176,0.01295,0.82080,-0.57107,0.00164,0.27522,1.92424,-0.00936,
8,1.80766,5.10753,-0.17684,0.01166,0.81494,-0.57943,0.00112,0.27694,2.01566,-0.01977,
8,1.86156,5.21754,-0.17086,0.01085,0.80906,-0.58763,-0.00097,0.29620,2.21900,0.02999,
8,1.89126,5.30793,-0.16399,0.00880,0.80332,-0.59547,-0.00243,0.28964,2.36165,0.03369,
8,1.93496,5.40764,-0.15473,0.00744,0.79847,-0.60197,-0.00378,0.33457,2.47349,0.04394,
8,1.96234,5.50998,-0.14923,0.00696,0.79348,-0.60854,-0.00355,0.36189,2.54334,0.01422,
8,2.02188,5.61822,-0.13956,0.00809,0.78851,-0.61496,-0.00322,0.47808,2.44240,0.09983,
8,2.05627,5.70825,-0.12943,0.00779,0.78344,-0.62141,-0.00254,0.53294,2.32395,0.09878,
8,2.12527,5.79302,-0.11719,0.00749,0.77823,-0.62792,-0.00369,0.63640,2.20199,0.09768,
8,2.16610,5.86796,-0.10786,0.00618,0.77256,-0.63489,-0.00421,0.67975,2.07894,0.10252,
8,2.24501,5.94278,-0.09702,0.00545,0.76662,-0.64205,-0.00590,0.77727,1.95947,0.11147,
8,2.32786,5.99206,-0.08582,0.00437,0.76037,-0.64943,-0.00744,0.87269,1.80699,0.12106,
8,2.37576,6.03976,-0.07489,0.00282,0.75370,-0.65717,-0.00769,0.90067,1.66644,0.12971,
8,2.47164,6.06798,-0.06226,0.00169,0.74656,-0.66525,-0.00934,0.99563,1.50155,0.13893,
8,2.52404,6.11465,-0.05290,0.00051,0.73907,-0.67356,-0.00931,1.01636,1.36966,0.14596,
8,2.63685,6.15474,-0.04325,-0.00044,0.73100,-0.68228,-0.01147,1.10908,1.33476,0.14008,
8,2.69094,6.18510,-0.03302,-0.00363,0.72270,-0.69103,-0.01330,1.11210,1.44469,0.15287,
8,2.79370,6.21743,-0.02453,-0.00513,0.71577,-0.69817,-0.01439,1.20894,1.46521,0.15435,
8,2.88945,6.26757,-0.01789,-0.00604,0.70874,-0.70526,-0.01609,1.29577,1.58989,0.18001,
8,2.95503,6.32879,-0.00811,0.00600,-0.70141,0.71256,0.01549,1.33497,1.64061,0.15358,
8,3.05465,6.39291,-0.00437,0.00457,-0.69403,0.71978,0.01483,1.40936,1.51192,0.20014,
9,3.12213,6.43025,0.00641,0.00482,-0.68635,0.72712,0.01424,1.41692,1.36252,0.18659,
9,3.21737,6.40999,0.00743,0.00594,-0.67842,0.73449,0.01522,1.46029,1.13956,0.16471,
9,3.25233,6.21262,0.00797,0.01075,-0.67014,0.74198,0.01637,1.40012,0.66652,0.14697,
9,3.31359,6.20070,0.01536,0.01177,-0.66132,0.74983,0.01660,1.38340,0.49504,0.14496,
9,3.39777,6.17472,0.01282,0.01458,-0.65218,0.75769,0.01875,1.43132,0.56526,0.11467,
9,3.46245,6.17822,0.01754,0.01569,-0.64464,0.76412,0.01782,1.46186,0.58878,0.11407,
9,3.53066,6.15569,0.01771,0.01700,-0.63702,0.77044,0.01829,1.51097,0.65051,0.13608,
9,3.58763,6.13096,0.02016,0.01641,-0.62925,0.77685,0.01681,1.49136,0.48157,0.19573,
9,3.66683,6.15035,0.02905,0.01512,-0.62142,0.78317,0.01567,1.49888,0.38487,0.18542,
9,3.74469,6.13435,0.03017,0.01481,-0.61347,0.78943,0.01534,1.50149,0.24560,0.15779,
9,3.81737,6.13844,0.03761,0.01455,-0.60531,0.79572,0.01495,1.49129,0.14837,0.14813,
9,3.88116,6.10569,0.03611,0.01461,-0.59691,0.80204,0.01486,1.45861,-0.02083,0.12913,
9,3.95246,6.09770,0.04209,0.01429,-0.58819,0.80846,0.01466,1.43195,-0.14273,0.12300,
9,3.98459,6.04186,0.04032,0.01511,-0.57916,0.81495,0.01446,1.34679,-0.32012,0.10665,
9,4.05508,6.02737,0.04497,0.01711,-0.56986,0.82141,0.01613,1.40615,-0.19193,0.08951,
9,4.11351,6.00580,0.04845,0.01954,-0.56065,0.82764,0.01741,1.44976,-0.09821,0.10083,
9,4.18659,5.99878,0.05322,0.01983,-0.55313,0.83269,0.01676,1.50045,-0.06577,0.10204,
9,4.21227,5.95763,0.05516,0.02113,-0.54557,0.83763,0.01669,1.51530,-0.00364,0.12879,
9,4.30225,5.96116,0.05953,0.01983,-0.53779,0.84268,0.01657,1.58815,0.03065,0.09734,
10,4.39105,5.95786,0.06440,0.01998,-0.53015,0.84751,0.01653,1.68424,0.14160,0.14620,
10,4.47629,5.96039,0.07137,0.01840,-0.52273,0.85216,0.01556,1.66954,0.02832,0.15851,
10,4.55772,5.94796,0.07637,0.01694,-0.51537,0.85668,0.01439,1.62797,-0.11303,0.14762,
10,4.63798,5.93621,0.08226,0.01567,-0.50789,0.86117,0.01364,1.58506,-0.23971,0.13212,
10,4.68171,5.89718,0.08359,0.01567,-0.50024,0.86565,0.01291,1.48860,-0.38962,0.11295,
10,4.74886,5.86909,0.08769,0.01551,-0.49204,0.87034,0.01289,1.42684,-0.51247,0.10539,
10,4.75715,5.80548,0.08548,0.01627,-0.48351,0.87510,0.01249,1.28869,-0.66790,0.09113,
10,4.79573,5.75127,0.08610,0.01642,-0.47466,0.87993,0.01239,1.19174,-0.80157,0.08082,
10,4.85051,5.70653,0.08962,0.01623,-0.46547,0.88483,0.01243,1.11965,-0.91211,0.07684,
10,4.89499,5.63832,0.08832,0.01629,-0.45591,0.88979,0.01252,1.03431,-1.04521,0.06444,
10,4.93525,5.58363,0.09092,0.01859,-0.44614,0.89467,0.01370,1.09761,-0.95476,0.05803,
10,4.96160,5.51122,0.08674,0.01918,-0.43826,0.89855,0.01303,1.11190,-0.96759,0.04683,
10,4.99786,5.45685,0.08686,0.01827,-0.43010,0.90251,0.01277,1.14067,-0.96193,0.01294,
10,4.99318,5.39002,0.07787,0.01910,-0.42206,0.90627,0.01303,1.17576,-0.89542,0.04567,
10,5.02059,5.33700,0.07296,0.02010,-0.41437,0.90979,0.01354,1.23846,-0.83750,0.03672,
10,5.08658,5.29632,0.07668,0.01946,-0.40808,0.91264,0.01317,1.29490,-0.83869,0.04515,
10,5.14322,5.24790,0.07578,0.01755,-0.40167,0.91553,0.01239,1.21602,-0.96056,0.03427,
10,5.19541,5.19476,0.07618,0.01624,-0.39505,0.91844,0.01199,1.13346,-1.07705,0.01848,
10,5.26149,5.13164,0.07736,0.01552,-0.38816,0.92139,0.01174,1.06663,-1.19331,0.00694,
10,5.31235,5.06882,0.07773,0.01522,-0.38093,0.92440,0.01182,0.98571,-1.30017,-0.00153,
10,5.38250,4.99663,0.08179,0.01498,-0.37337,0.92748,0.01189,0.92929,-1.40758,-0.00109,
11,5.42192,4.92219,0.08107,0.01498,-0.36512,0.93076,0.01205,0.83642,-1.50884,-0.00570,
11,5.46630,4.84345,0.08463,0.01491,-0.35654,0.93408,0.01200,0.74824,-1.60294,-0.00350,
11,5.52342,4.74752,0.08533,0.01484,-0.34729,0.93756,0.01216,0.67838,-1.71124,-0.00636,
11,5.55135,4.65758,0.08375,0.01476,-0.33760,0.94109,0.01232,0.57644,-1.80231,-0.01187,
11,5.57739,4.56099,0.08151,0.01710,-0.32776,0.94451,0.01322,0.66389,-1.75452,-0.00700,
11,5.59217,4.47926,0.07897,0.01750,-0.31989,0.94721,0.01253,0.68893,-1.74393,-0.01192,
11,5.62629,4.39300,0.07826,0.01800,-0.31193,0.94984,0.01308,0.80960,-1.69223,0.01504,
11,5.61910,4.31965,0.07445,0.01606,-0.30361,0.95258,0.01252,0.66619,-1.75936,0.00527,
11,5.63996,4.23284,0.07308,0.01467,-0.29504,0.95529,0.01240,0.55325,-1.84245,-0.01009,
11,5.64604,4.15142,0.06952,0.01431,-0.28592,0.95806,0.01257,0.42509,-1.90607,-0.02420,
11,5.65840,4.05811,0.06868,0.01426,-0.27640,0.96085,0.01282,0.31065,-1.97689,-0.02947,
11,5.64185,3.97450,0.06626,0.01409,-0.26620,0.96373,0.01287,0.16562,-2.02134,-0.03499,
11,5.65236,3.86775,0.06654,0.01391,-0.25562,0.96659,0.01332,0.06239,-2.09094,-0.03505,
11,5.66878,3.74690,0.06649,0.01377,-0.24464,0.96942,0.01385,-0.02731,-2.17368,-0.03546,
11,5.66961,3.63959,0.06429,0.01636,-0.23336,0.97214,0.01475,0.08902,-2.11131,-0.05414,
11,5.68309,3.53072,0.06364,0.01883,-0.22224,0.97468,0.01577,0.21143,-2.07418,-0.04058,
11,5.69184,3.42805,0.06091,0.01908,-0.21307,0.97673,0.01525,0.25956,-2.07801,-0.04273,
11,5.72325,3.30631,0.05993,0.01957,-0.20384,0.97868,0.01598,0.41125,-2.07653,-0.01412,
11,5.74362,3.20192,0.05829,0.01859,-0.19432,0.98063,0.01624,0.46393,-2.09050,-0.04574,
12,5.77332,3.09582,0.05852,0.01872,-0.18499,0.98242,0.01651,0.61114,-2.06226,0.00444,
12,5.79501,2.99435,0.05749,0.01698,-0.17604,0.98410,0.01635,0.49882,-2.12268,-0.00331,
12,5.82249,2.89100,0.05751,0.01567,-0.16699,0.98570,0.01638,0.38531,-2.17841,-0.01757,
12,5.83017,2.80078,0.05917,0.01484,-0.15770,0.98724,0.01621,0.25332,-2.20304,-0.02625,
12,5.83766,2.69100,0.05697,0.01488,-0.14781,0.98877,0.01653,0.12829,-2.25078,-0.03390,
12,5.84044,2.58087,0.05869,0.01464,-0.13755,0.99024,0.01679,0.00672,-2.28832,-0.03265,
12,5.83363,2.47578,0.05977,0.01448,-0.12695,0.99166,0.01698,-0.12092,-2.31166,-0.03205,
12,5.82452,2.36710,0.05866,0.01714,-0.11611,0.99293,0.01764,0.00092,-2.27772,-0.04974,
12,5.82358,2.26010,0.05678,0.01980,-0.10541,0.99407,0.01823,0.11863,-2.26192,-0.03867,
12,5.81945,2.16161,0.05756,0.01975,-0.09679,0.99495,0.01761,0.15575,-2.26367,-0.03517,
12,5.82730,2.05137,0.05412,0.01883,-0.08788,0.99579,0.01799,0.20296,-2.28991,-0.07024,
12,5.83643,1.93250,0.05106,0.01949,-0.07917,0.99650,0.01831,0.34072,-2.30591,-0.02388,
12,5.84684,1.81555,0.05041,0.01788,-0.07084,0.99716,0.01830,0.21889,-2.35321,-0.02674,
12,5.85470,1.69577,0.04881,0.01660,-0.06242,0.99774,0.01847,0.08904,-2.39672,-0.04138,
12,5.85315,1.57918,0.04898,0.01615,-0.05378,0.99825,0.01848,-0.04729,-2.42482,-0.05003,
12,5.82968,1.47758,0.04969,0.01615,-0.04454,0.99871,0.01827,-0.20439,-2.42005,-0.05076,
12,5.81370,1.35946,0.04675,0.01623,-0.03463,0.99910,0.01860,-0.33770,-2.43808,-0.05515,
12,5.78060,1.24101,0.04715,0.01679,-0.02411,0.99939,0.01864,-0.41295,-2.44760,-0.04807,
12,5.74111,1.12997,0.04677,0.01709,-0.01347,0.99959,0.01865,-0.48858,-2.44543,-0.04361,
12,5.70231,1.00741,0.04479,0.01725,-0.00275,0.99967,0.01886,-0.55800,-2.46039,-0.04436,
12,5.66617,0.87922,0.04166,0.01740,0.00801,0.99963,0.01915,-0.61954,-2.48292,-0.04740,
13,5.63426,0.75413,0.03800,0.01936,0.01880,0.99945,0.01938,-0.49871,-2.50315,-0.06246,
13,5.60922,0.63330,0.03603,0.02057,0.02869,0.99919,0.01924,-0.41983,-2.52869,-0.06366,
13,5.57753,0.52554,0.03525,0.02169,0.03800,0.99886,0.01919,-0.32156,-2.53904,-0.04003,
13,5.56274,0.39921,0.03326,0.02053,0.04735,0.99847,0.01962,-0.26019,-2.57933,-0.02740,
13,5.53461,0.28031,0.03492,0.01815,0.05642,0.99805,0.01971,-0.49190,-2.57392,0.00465,
13,5.50443,0.15272,0.03458,0.01526,0.06554,0.99753,0.02016,-0.73117,-2.56366,-0.00480,
13,5.45108,0.02869,0.03638,0.01343,0.07505,0.99688,0.02038,-0.98917,-2.53317,-0.02120,
13,5.38976,-0.10711,0.03662,0.01342,0.08518,0.99606,0.02064,-1.14293,-2.52713,-0.04733,
13,5.32121,-0.22548,0.03694,0.01415,0.09630,0.99504,0.02063,-1.28128,-2.49408,-0.04528,
13,5.25210,-0.33952,0.03612,0.01735,0.10775,0.99382,0.02040,-1.16445,-2.50614,-0.05826,
13,5.18770,-0.45289,0.03357,0.02012,0.11894,0.99249,0.02016,-1.06816,-2.52891,-0.04753,
13,5.13869,-0.58461,0.03171,0.02075,0.12823,0.99131,0.02058,-0.94624,-2.60191,-0.02116,
13,5.08127,-0.70052,0.02907,0.01985,0.13774,0.99005,0.02091,-0.92704,-2.62722,-0.05560,
13,5.02765,-0.82082,0.02348,0.02079,0.14670,0.98874,0.02081,-0.83747,-2.67761,-0.06097,
13,4.98730,-0.95517,0.02103,0.02060,0.15405,0.98763,0.02073,-0.76867,-2.74997,-0.06151,
13,4.94419,-1.08966,0.01433,0.01872,0.16154,0.98646,0.02122,-0.89864,-2.74019,-0.07468,
13,4.88794,-1.22085,0.00717,0.01744,0.16925,0.98518,0.02154,-1.04720,-2.71408,-0.09481,
13,4.83180,-1.35412,0.00257,0.01687,0.17723,0.98378,0.02188,-1.18073,-2.69044,-0.10637,
13,4.76223,-1.48673,-0.00450,0.01672,0.18551,0.98225,0.02207,-1.32253,-2.66320,-0.11768,
14,4.69234,-1.61615,-0.00984,0.01679,0.19442,0.98052,0.02227,-1.45077,-2.62937,-0.12054,
14,4.61190,-1.75494,-0.01644,0.01685,0.20370,0.97863,0.02254,-1.58333,-2.60767,-0.12471,
14,4.52935,-1.88352,-0.02189,0.01688,0.21332,0.97657,0.02277,-1.70739,-2.56958,-0.12584,
14,4.44309,-2.01538,-0.02870,0.01894,0.22379,0.97419,0.02256,-1.64327,-2.61889,-0.14323,
14,4.36277,-2.14636,-0.03509,0.02157,0.23418,0.97170,0.02222,-1.54501,-2.69553,-0.13396,
14,4.28511,-2.28424,-0.04243,0.02143,0.24250,0.96967,0.02168,-1.52260,-2.75528,-0.13773,
14,4.22213,-2.42341,-0.05444,0.02207,0.25087,0.96752,0.02190,-1.41011,-2.85660,-0.12210,
14,4.15165,-2.56489,-0.06146,0.02064,0.25944,0.96527,0.02264,-1.45265,-2.87822,-0.12681,
14,4.08220,-2.68976,-0.07387,0.01777,0.26815,0.96293,0.02349,-1.66047,-2.75098,-0.14860,
14,3.99383,-2.82140,-0.08139,0.01640,0.27737,0.96032,0.02414,-1.87248,-2.63075,-0.17061,
14,3.91530,-2.95134,-0.09551,0.01978,0.28770,0.95723,0.02337,-1.73519,-2.70737,-0.22192,
14,3.82892,-3.08685,-0.10309,0.02367,0.29808,0.95398,0.02254,-1.64460,-2.79487,-0.20944,
14,3.75614,-3.22935,-0.11293,0.02439,0.30657,0.95128,0.02193,-1.61683,-2.85498,-0.20527,
14,3.67638,-3.37136,-0.12456,0.02406,0.31436,0.94874,0.02216,-1.58460,-2.93148,-0.21673,
14,3.59846,-3.51649,-0.13083,0.02429,0.32238,0.94604,0.02228,-1.49119,-3.05156,-0.16592,
14,3.52546,-3.68785,-0.13729,0.02516,0.33008,0.94335,0.02237,-1.42286,-3.18922,-0.16580,
14,3.45324,-3.85746,-0.14344,0.02324,0.33621,0.94121,0.02342,-1.54928,-3.18555,-0.14886,
14,3.37166,-4.01478,-0.15123,0.02207,0.34218,0.93907,0.02404,-1.68060,-3.13353,-0.16250,
14,3.28905,-4.17467,-0.15805,0.02147,0.34828,0.93682,0.02450,-1.79970,-3.08427,-0.17292,
14,3.20233,-4.33114,-0.16565,0.02131,0.35461,0.93444,0.02478,-1.91333,-3.03095,-0.17981,
14,3.10256,-4.48147,-0.17487,0.02137,0.36078,0.93207,0.02492,-2.05115,-2.98387,-0.18665,
15,3.00462,-4.64040,-0.18213,0.02137,0.36665,0.92977,0.02512,-2.16977,-2.94504,-0.18800,
15,2.89177,-4.78700,-0.19179,0.02150,0.37240,0.92748,0.02528,-2.29560,-2.88698,-0.19221,
15,2.77333,-4.92707,-0.19813,0.02147,0.37822,0.92512,0.02539,-2.41505,-2.81999,-0.19083,
15,2.65080,-5.08037,-0.20773,0.02149,0.38416,0.92266,0.02568,-2.53032,-2.77485,-0.19401,
15,2.52370,-5.22267,-0.21749,0.02393,0.38954,0.92036,0.02486,-2.49240,-2.89323,-0.18782,
15,2.40670,-5.38958,-0.23082,0.02297,0.39362,0.91863,0.02564,-2.47132,-3.01701,-0.17880,
15,2.28817,-5.55303,-0.24430,0.02189,0.39717,0.91711,0.02629,-2.57953,-2.98390,-0.19943,
15,2.16500,-5.70916,-0.25599,0.02143,0.40075,0.91555,0.02661,-2.68979,-2.93195,-0.21420,
15,2.03505,-5.84665,-0.26414,0.02121,0.40443,0.91393,0.02665,-2.79803,-2.85422,-0.21784,
15,1.89418,-5.99297,-0.27589,0.02393,0.40813,0.91225,0.02564,-2.75632,-2.99140,-0.24371,
15,1.76060,-6.13428,-0.28452,0.02640,0.41148,0.91071,0.02459,-2.71314,-3.10630,-0.23273,
15,1.62432,-6.28973,-0.29581,0.02722,0.41346,0.90980,0.02412,-2.70823,-3.21058,-0.22406,
15,1.48853,-6.45436,-0.30424,0.02615,0.41553,0.90886,0.02488,-2.70919,-3.30823,-0.20416,
15,1.34905,-6.61932,-0.31492,0.02484,0.41751,0.90797,0.02565,-2.83739,-3.25780,-0.20738,
15,1.20419,-6.78234,-0.32609,0.02407,0.41949,0.90706,0.02619,-2.96598,-3.19467,-0.22458,
15,1.05012,-6.95205,-0.33687,0.02367,0.42072,0.90650,0.02653,-3.13013,-3.17106,-0.23978,
15,0.88903,-7.10578,-0.34877,0.02376,0.42106,0.90633,0.02655,-3.28116,-3.11709,-0.25078,
15,0.72150,-7.25971,-0.36138,0.02403,0.42083,0.90643,0.02658,-3.42272,-3.06086,-0.25885,
15,0.54700,-7.41069,-0.37438,0.02434,0.42027,0.90668,0.02658,-3.56097,-3.00212,-0.26528,
16,0.36882,-7.57619,-0.38761,0.02705,0.41953,0.90698,0.02554,-3.53077,-3.15955,-0.28965,
16,0.19243,-7.73034,-0.40088,0.02979,0.41856,0.90737,0.02434,-3.50660,-3.28891,-0.28286,
16,0.01724,-7.89845,-0.41478,0.03018,0.41754,0.90782,0.02461,-3.49954,-3.40329,-0.27582,
16,-0.15711,-8.07319,-0.42837,0.03088,0.41543,0.90877,0.02445,-3.47459,-3.55256,-0.26360,
16,-0.33373,-8.25026,-0.44120,0.02946,0.41349,0.90968,0.02524,-3.60336,-3.51647,-0.25215,
16,-0.51740,-8.42614,-0.45418,0.02774,0.41167,0.91053,0.02615,-3.74462,-3.46315,-0.25945,
16,-0.70829,-8.60027,-0.46805,0.02673,0.40995,0.91133,0.02676,-3.88701,-3.40845,-0.27626,
16,-0.90622,-8.77082,-0.48257,0.02640,0.40829,0.91207,0.02706,-4.02926,-3.35301,-0.29206,
16,-1.11106,-8.93687,-0.49747,0.02649,0.40670,0.91277,0.02713,-4.17138,-3.29688,-0.30401,
16,-1.32922,-9.12850,-0.51557,0.02670,0.40517,0.91345,0.02728,-4.31879,-3.26654,-0.31532,
16,-1.54892,-9.28387,-0.53062,0.02701,0.40367,0.91410,0.02720,-4.46128,-3.20637,-0.32191,
16,-1.77540,-9.44213,-0.54651,0.02731,0.40224,0.91472,0.02715,-4.60370,-3.15134,-0.32826,
16,-2.00869,-9.59867,-0.56289,0.02758,0.40085,0.91533,0.02711,-4.74595,-3.09733,-0.33484,
16,-2.24528,-9.75841,-0.58028,0.03034,0.39950,0.91586,0.02606,-4.71566,-3.23256,-0.34801,
16,-2.48132,-9.92395,-0.59768,0.03125,0.39697,0.91694,0.02552,-4.71647,-3.34528,-0.33972,
16,-2.71672,-10.09400,-0.61461,0.03144,0.39527,0.91768,0.02539,-4.70970,-3.45559,-0.34062,
16,-2.94017,-10.30177,-0.63204,0.03203,0.39303,0.91862,0.02529,-4.67107,-3.62429,-0.32841,
16,-3.17474,-10.47652,-0.64870,0.03136,0.39095,0.91952,0.02578,-4.69226,-3.69740,-0.36756,
16,-3.40853,-10.66613,-0.66628,0.03191,0.38898,0.92034,0.02568,-4.64786,-3.85452,-0.32382,
16,-3.64403,-10.85839,-0.68276,0.03051,0.38708,0.92117,0.02635,-4.78560,-3.81618,-0.33313,
16,-3.88679,-11.04893,-0.70005,0.03022,0.38527,0.92193,0.02657,-4.93438,-3.76556,-0.34972,
17,-4.13707,-11.23664,-0.71808,0.03036,0.38350,0.92266,0.02664,-5.08362,-3.71540,-0.36307,
17,-4.39466,-11.42135,-0.73669,0.03066,0.38176,0.92337,0.02664,-5.23292,-3.66556,-0.37365,
17,-4.65907,-11.60212,-0.75553,0.03099,0.38008,0.92405,0.02660,-5.38169,-3.61538,-0.38222,
17,-4.91747,-11.80575,-0.76964,0.03120,0.37848,0.92470,0.02662,-5.52179,-3.58062,-0.38711,
17,-5.19584,-11.96871,-0.78804,0.03143,0.37692,0.92533,0.02652,-5.66955,-3.52286,-0.39470,
17,-5.48506,-12.14310,-0.80802,0.03073,0.37539,0.92597,0.02690,-5.89298,-3.40291,-0.40195,
17,-5.78503,-12.31048,-0.82846,0.03021,0.37392,0.92657,0.02720,-6.12232,-3.27508,-0.41784,
17,-6.09645,-12.47180,-0.84980,0.03031,0.37260,0.92710,0.02726,-6.35132,-3.14722,-0.43349,
17,-6.41277,-12.63171,-0.87114,0.03409,0.37140,0.92748,0.02592,-6.32737,-3.26541,-0.42566,
17,-6.72673,-12.79838,-0.89093,0.03515,0.37006,0.92799,0.02554,-6.28198,-3.40833,-0.37851,
17,-7.04922,-13.02100,-0.90827,0.03524,0.36815,0.92876,0.02511,-6.27630,-3.53904,-0.38402,
17,-7.36583,-13.19027,-0.92575,0.03597,0.36600,0.92958,0.02504,-6.24366,-3.67411,-0.36917,
17,-7.67822,-13.37588,-0.94444,0.03516,0.36408,0.93035,0.02557,-6.26165,-3.75175,-0.40692,
17,-7.98997,-13.56879,-0.96349,0.03561,0.36230,0.93103,0.02547,-6.20990,-3.90388,-0.36108,
17,-8.29951,-13.76916,-0.98160,0.03674,0.36059,0.93166,0.02513,-6.17209,-4.03768,-0.36364,
17,-8.60774,-13.97506,-1.00003,0.03678,0.35777,0.93275,0.02483,-6.16486,-4.14919,-0.36653,
17,-8.91538,-14.18582,-1.01886,0.03705,0.35608,0.93337,0.02544,-6.15761,-4.25408,-0.37964,
17,-9.22544,-14.39869,-1.03800,0.03494,0.35564,0.93362,0.02552,-6.26756,-4.25135,-0.36847,
17,-9.54000,-14.60797,-1.05635,0.03326,0.35450,0.93409,0.02647,-6.41788,-4.20718,-0.37263,
18,-9.86090,-14.81650,-1.07419,0.03223,0.35303,0.93467,0.02706,-6.56952,-4.16552,-0.39393,
18,-10.18521,-15.04576,-1.08670,0.03163,0.35134,0.93532,0.02716,-6.71227,-4.14214,-0.40469,
18,-10.53215,-15.24550,-1.10622,0.03187,0.34953,0.93599,0.02701,-6.87020,-4.09983,-0.41562,
18,-10.87535,-15.45041,-1.12614,0.03210,0.34775,0.93665,0.02690,-7.02158,-4.06189,-0.42459,
18,-11.23004,-15.65122,-1.14818,0.03249,0.34598,0.93729,0.02685,-7.17680,-4.02213,-0.43403,
18,-11.59247,-15.84642,-1.17102,0.03288,0.34427,0.93791,0.02682,-7.33227,-3.98006,-0.44364,
18,-11.95797,-16.04245,-1.19480,0.03587,0.34264,0.93843,0.02590,-7.28655,-4.10671,-0.46688,
18,-12.31891,-16.24312,-1.21792,0.03684,0.33979,0.93944,0.02537,-7.27779,-4.21207,-0.45901,
18,-12.60415,-16.46770,-1.23073,0.03592,0.33841,0.93997,0.02549,-7.20939,-4.33038,-0.44099,
18,-13.02559,-16.67170,-1.26204,0.03483,0.33679,0.94056,0.02638,-7.46248,-4.23877,-0.42434,
18,-13.41158,-16.86558,-1.28575,0.03231,0.33507,0.94124,0.02752,-7.70902,-4.12719,-0.43691,
18,-13.79080,-17.07434,-1.30597,0.03147,0.33337,0.94186,0.02780,-7.86175,-4.08742,-0.46662,
18,-14.18788,-17.27392,-1.33061,0.03181,0.33172,0.94243,0.02779,-8.01828,-4.04941,-0.48616,
18,-14.59226,-17.47395,-1.35524,0.03231,0.33013,0.94298,0.02771,-8.17365,-4.01387,-0.49526,
18,-14.99926,-17.67666,-1.38073,0.03512,0.32862,0.94343,0.02684,-8.11753,-4.14499,-0.52271,
18,-15.40354,-17.88606,-1.40689,0.03816,0.32707,0.94387,0.02593,-8.07371,-4.27093,-0.51726,
18,-15.80575,-18.10132,-1.43240,0.03864,0.32596,0.94422,0.02638,-8.04886,-4.37177,-0.50477,
18,-16.20677,-18.32225,-1.45753,0.03876,0.32399,0.94491,0.02585,-8.03327,-4.47267,-0.51101,
18,-16.60873,-18.54742,-1.48326,0.03727,0.32217,0.94558,0.02646,-8.12076,-4.49815,-0.50321,
18,-17.03922,-18.80543,-1.50911,0.03518,0.32082,0.94611,0.02680,-8.27673,-4.48112,-0.52359,
18,-17.49361,-18.99915,-1.53760,0.03545,0.31913,0.94666,0.02715,-8.46071,-4.43056,-0.55113,
19,-17.96129,-19.22443,-1.56709,0.03578,0.31749,0.94720,0.02728,-8.63786,-4.39616,-0.57152,
19,-18.38145,-19.44078,-1.59471,0.03593,0.31609,0.94766,0.02723,-8.78828,-4.36383,-0.58251,
19,-18.86967,-19.66486,-1.62509,0.03627,0.31476,0.94809,0.02715,-8.96580,-4.33359,-0.59347,
19,-19.31892,-19.87380,-1.65455,0.03660,0.31343,0.94852,0.02713,-9.12416,-4.29824,-0.60357,
19,-19.77600,-20.08386,-1.68458,0.03688,0.31215,0.94893,0.02711,-9.28242,-4.26430,-0.61374,
19,-20.23635,-20.29679,-1.71545,0.03975,0.31095,0.94923,0.02628,-9.22880,-4.38673,-0.63494,
19,-20.71305,-20.54632,-1.74629,0.04239,0.30978,0.94952,0.02538,-9.18994,-4.52003,-0.62559,
19,-21.18164,-20.76915,-1.77898,0.04293,0.30840,0.94995,0.02548,-9.17859,-4.61814,-0.62149,
19,-21.63667,-20.99630,-1.80937,0.04364,0.30618,0.95063,0.02536,-9.13267,-4.74683,-0.60562,
19,-22.09422,-21.22938,-1.83947,0.04192,0.30429,0.95130,0.02599,-9.28542,-4.72437,-0.61720,
19,-22.61427,-21.46703,-1.87070,0.04050,0.30265,0.95188,0.02630,-9.47081,-4.69646,-0.63819,
19,-23.10577,-21.68779,-1.90334,0.04056,0.30093,0.95241,0.02649,-9.64623,-4.65825,-0.65817,
19,-23.59049,-21.91170,-1.93656,0.04085,0.29935,0.95290,0.02649,-9.81113,-4.62447,-0.67258,
19,-24.08257,-22.13738,-1.97018,0.04117,0.29785,0.95336,0.02647,-9.97506,-4.59291,-0.68456,
19,-24.58293,-22.42828,-2.00735,0.04153,0.29650,0.95376,0.02642,-10.13950,-4.59811,-0.69824,
19,-25.08872,-22.63683,-2.04018,0.04177,0.29507,0.95420,0.02640,-10.30149,-4.55732,-0.70884,
19,-25.60114,-22.86295,-2.07534,0.04452,0.29369,0.95452,0.02566,-10.26316,-4.66738,-0.70542,
19,-26.11117,-23.09520,-2.10988,0.04545,0.29110,0.95528,0.02515,-10.25173,-4.76679,-0.69425,
19,-26.65220,-23.34154,-2.14422,0.04555,0.29002,0.95560,0.02553,-10.24684,-4.86931,-0.68110,
20,-27.17070,-23.57655,-2.17851,0.04582,0.28791,0.95624,0.02497,-10.23802,-4.95948,-0.68765,
20,-27.68030,-23.81906,-2.21357,0.04505,0.28576,0.95691,0.02535,-10.25392,-5.02821,-0.72729,
20,-28.19420,-24.06477,-2.24827,0.04274,0.28373,0.95760,0.02605,-10.42949,-5.00325,-0.67056,
20,-28.71710,-24.30929,-2.28196,0.04249,0.28191,0.95814,0.02615,-10.59701,-4.97515,-0.69036,
20,-29.24750,-24.55229,-2.31648,0.04278,0.28018,0.95864,0.02611,-10.76321,-4.94792,-0.70685,
20,-29.81968,-24.82512,-2.35763,0.04351,0.27857,0.95907,0.02616,-10.95331,-4.93799,-0.72405,
20,-30.34608,-25.04282,-2.38914,0.04345,0.27696,0.95954,0.02607,-11.10349,-4.89914,-0.73338,
20,-30.90018,-25.28631,-2.42495,0.04367,0.27540,0.95999,0.02602,-11.26841,-4.87572,-0.74542,
20,-31.46297,-25.52625,-2.46183,0.04391,0.27386,0.96042,0.02597,-11.43403,-4.85081,-0.75794,
20,-32.02912,-25.76577,-2.49985,0.04682,0.27239,0.96072,0.02519,-11.37605,-4.96290,-0.77719,
20,-32.59798,-26.03995,-2.53743,0.04943,0.27095,0.96101,0.02436,-11.32782,-5.09048,-0.76566,
20,-33.17455,-26.28193,-2.57525,0.05038,0.26875,0.96159,0.02420,-11.32219,-5.17692,-0.75335,
20,-33.73707,-26.53298,-2.61260,0.05049,0.26653,0.96221,0.02362,-11.30576,-5.26445,-0.75857,
20,-34.30083,-26.78831,-2.65013,0.04891,0.26427,0.96291,0.02407,-11.46682,-5.24510,-0.77811,
20,-34.87238,-27.04322,-2.68871,0.04809,0.26226,0.96349,0.02432,-11.63644,-5.21930,-0.80308,
20,-35.41440,-27.36513,-2.72820,0.04734,0.26078,0.96393,0.02436,-11.77505,-5.23839,-0.82051,
20,-36.06507,-27.58719,-2.77140,0.04843,0.25906,0.96434,0.02430,-11.98936,-5.19047,-0.83795,
20,-36.67343,-27.83025,-2.81494,0.04885,0.25751,0.96473,0.02431,-12.16704,-5.15972,-0.85366,
20,-37.28389,-28.07974,-2.85808,0.05040,0.25607,0.96504,0.02398,-12.23161,-5.19551,-0.87029,
20,-37.90090,-28.37488,-2.90158,0.05298,0.25489,0.96523,0.02340,-12.18616,-5.32301,-0.85882,
20,-38.54134,-28.63725,-2.94826,0.05427,0.25230,0.96585,0.02299,-12.19759,-5.41183,-0.84926,
21,-39.15727,-28.91014,-2.99216,0.05446,0.25019,0.96640,0.02242,-12.18805,-5.50130,-0.85487,
21,-39.76740,-29.18962,-3.03490,0.05517,0.24792,0.96695,0.02234,-12.14006,-5.61900,-0.83604,
21,-40.37774,-29.47223,-3.07621,0.05315,0.24585,0.96758,0.02293,-12.34814,-5.59032,-0.82876,
21,-41.00190,-29.74968,-3.11908,0.05170,0.24402,0.96811,0.02334,-12.56160,-5.55190,-0.85831,
21,-41.63532,-30.02343,-3.16329,0.05128,0.24231,0.96856,0.02349,-12.77102,-5.51423,-0.88880,
21,-42.27628,-30.29613,-3.20770,0.05073,0.24070,0.96898,0.02366,-13.03898,-5.44551,-0.91400,
21,-42.93059,-30.56527,-3.25345,0.05054,0.23924,0.96935,0.02375,-13.31226,-5.37340,-0.94277,
21,-43.59081,-30.83405,-3.29968,0.05360,0.23789,0.96954,0.02310,-13.29414,-5.45823,-0.93815,
21,-44.29495,-30.87168,-3.33602,0.05491,0.23612,0.96992,0.02227,-13.25841,-5.44219,-0.88253,
21,-44.95096,-31.09257,-3.37975,0.05510,0.23367,0.97049,0.02240,-13.23683,-5.50845,-0.88760,
21,-45.60019,-31.33881,-3.42159,0.05562,0.23153,0.97098,0.02224,-13.16377,-5.61121,-0.83457,
21,-46.24623,-31.60019,-3.46160,0.05564,0.22835,0.97174,0.02181,-13.13956,-5.69545,-0.82996,
21,-46.89221,-31.87134,-3.50189,0.05579,0.22636,0.97219,0.02234,-13.11816,-5.77567,-0.83882,
21,-47.54189,-32.14686,-3.54232,0.05363,0.22547,0.97252,0.02201,-13.24508,-5.79614,-0.83173,
21,-48.19988,-32.42520,-3.58334,0.05260,0.22307,0.97313,0.02230,-13.42019,-5.78548,-0.86003,
21,-48.86688,-32.70619,-3.62584,0.05267,0.22019,0.97378,0.02227,-13.59758,-5.77480,-0.88244,
21,-49.54288,-32.98846,-3.66946,0.05296,0.21722,0.97443,0.02217,-13.77517,-5.76573,-0.90131,
21,-50.22785,-33.27130,-3.71401,0.05328,0.21420,0.97509,0.02205,-13.95294,-5.75779,-0.91845,
21,-50.92047,-33.55508,-3.75906,0.05355,0.21115,0.97574,0.02193,-14.13000,-5.75118,-0.93462,
22,-51.62354,-33.83810,-3.80533,0.05383,0.20809,0.97638,0.02180,-14.30817,-5.74491,-0.95111,
22,-52.33430,-34.12095,-3.85224,0.05410,0.20502,0.97702,0.02168,-14.48604,-5.73966,-0.96767,
22,-53.05361,-34.40407,-3.89993,0.05436,0.20195,0.97765,0.02156,-14.66410,-5.73570,-0.98433,
22,-53.78149,-34.68705,-3.94840,0.05462,0.19888,0.97827,0.02144,-14.84219,-5.73246,-1.00105,
22,-54.51207,-34.97236,-3.99765,0.05757,0.19585,0.97872,0.02080,-14.77706,-5.83171,-1.01672,
22,-55.23904,-35.26282,-4.04696,0.06047,0.19278,0.97917,0.02020,-14.72190,-5.92812,-1.00259,
22,-55.96424,-35.55943,-4.09553,0.06143,0.18849,0.97995,0.01963,-14.70408,-6.01445,-0.98800,
22,-56.68816,-35.86407,-4.14338,0.06162,0.18574,0.98046,0.02001,-14.67595,-6.09708,-0.97122,
22,-57.41025,-36.16922,-4.19063,0.06174,0.18209,0.98115,0.01933,-14.65239,-6.17824,-0.97379,
22,-58.13719,-36.47412,-4.23766,0.05986,0.17803,0.98201,0.01957,-14.82686,-6.19165,-0.95570,
22,-58.87189,-36.77936,-4.28454,0.05813,0.17437,0.98276,0.01983,-15.00738,-6.19550,-0.97734,
22,-59.61494,-37.08444,-4.33262,0.05720,0.17096,0.98342,0.01993,-15.18727,-6.19844,-1.00638,
22,-60.36617,-37.38977,-4.38191,0.05728,0.16772,0.98397,0.01983,-15.36711,-6.20260,-1.02885,
22,-61.12559,-37.69546,-4.43216,0.05754,0.16452,0.98450,0.01970,-15.54670,-6.20790,-1.04836,
22,-61.89329,-38.00113,-4.48322,0.05783,0.16132,0.98501,0.01956,-15.72627,-6.21449,-1.06645,
22,-62.66326,-38.30903,-4.53501,0.06082,0.15816,0.98536,0.01901,-15.65542,-6.30468,-1.08037,
22,-63.42899,-38.62164,-4.58670,0.06374,0.15497,0.98569,0.01849,-15.59494,-6.39266,-1.06451,
22,-64.19210,-38.93768,-4.63742,0.06401,0.15219,0.98610,0.01885,-15.56044,-6.46785,-1.04657,
22,-64.95312,-39.25710,-4.68750,0.06379,0.14847,0.98668,0.01890,-15.53687,-6.54322,-1.05700,
22,-65.71300,-39.57982,-4.73720,0.06337,0.14502,0.98722,0.01883,-15.57212,-6.60142,-1.03005,
22,-66.47932,-39.90331,-4.78695,0.06170,0.14170,0.98780,0.01893,-15.75135,-6.61308,-1.05189,
23,-67.25401,-40.22734,-4.83788,0.06067,0.13842,0.98833,0.01895,-15.93173,-6.62473,-1.08062,
23,-68.03694,-40.55210,-4.89013,0.06029,0.13515,0.98881,0.01888,-16.11220,-6.63773,-1.10770,
23,-68.82806,-40.87769,-4.94353,0.06033,0.13189,0.98925,0.01876,-16.29245,-6.65209,-1.13111,
23,-69.62740,-41.20412,-4.99790,0.06058,0.12864,0.98966,0.01862,-16.47235,-6.66773,-1.15054,
23,-70.43495,-41.53145,-5.05309,0.06084,0.12539,0.99007,0.01847,-16.65202,-6.68444,-1.16891,
23,-71.25071,-41.85973,-5.10909,0.06107,0.12215,0.99046,0.01832,-16.83146,-6.70217,-1.18717,
23,-72.07465,-42.18932,-5.16590,0.06128,0.11891,0.99084,0.01818,-17.01063,-6.72081,-1.20555,
23,-72.90671,-42.52041,-5.22352,0.06150,0.11568,0.99122,0.01804,-17.18952,-6.74045,-1.22397,
23,-73.75241,-42.55569,-5.28105,0.06466,0.11217,0.99144,0.01700,-17.11821,-6.71895,-1.23619,
23,-74.61306,-42.73547,-5.33871,0.06784,0.10854,0.99164,0.01646,-17.06534,-6.74881,-1.21963,
23,-75.44294,-43.01770,-5.39648,0.06885,0.10385,0.99208,0.01589,-17.03849,-6.80641,-1.20271,
23,-76.26527,-43.33069,-5.45216,0.06898,0.10080,0.99238,0.01620,-16.99934,-6.86549,-1.18292,
23,-77.08568,-43.65761,-5.50714,0.06910,0.09691,0.99277,0.01546,-16.96426,-6.92860,-1.18251,
23,-77.90480,-43.99290,-5.56171,0.06973,0.09285,0.99312,0.01527,-16.88890,-7.00746,-1.15614,
23,-78.72793,-44.33641,-5.61586,0.06805,0.08913,0.99357,0.01531,-17.04798,-7.03773,-1.15497,
23,-79.56121,-44.68263,-5.67068,0.06605,0.08560,0.99402,0.01536,-17.22688,-7.06378,-1.17455,
23,-80.40328,-45.02975,-5.72673,0.06514,0.08221,0.99437,0.01530,-17.40733,-7.08983,-1.20313,
23,-81.25401,-45.38024,-5.78414,0.06512,0.07889,0.99464,0.01517,-17.58798,-7.11772,-1.22804,
23,-82.11331,-45.73358,-5.84267,0.06530,0.07557,0.99489,0.01503,-17.76833,-7.14719,-1.24997,
24,-82.98103,-46.09013,-5.90222,0.06554,0.07228,0.99512,0.01488,-17.94843,-7.17834,-1.27025,
24,-83.85746,-46.45393,-5.96283,0.06577,0.06899,0.99534,0.01474,-18.12838,-7.21211,-1.28990,
24,-84.73638,-46.82288,-6.02376,0.06855,0.06573,0.99537,0.01448,-18.06458,-7.28103,-1.27780,
24,-85.61160,-47.19223,-6.08359,0.06946,0.06125,0.99560,0.01399,-18.03009,-7.34976,-1.25962,
24,-86.48486,-47.56099,-6.14230,0.06953,0.05832,0.99577,0.01434,-17.98704,-7.40962,-1.23926,
24,-87.35570,-47.93101,-6.20035,0.06966,0.05450,0.99599,0.01363,-17.94814,-7.47052,-1.23836,
24,-88.22842,-48.30575,-6.25791,0.06766,0.05028,0.99635,0.01357,-18.11690,-7.51693,-1.22134,
24,-89.10949,-48.68168,-6.31543,0.06581,0.04647,0.99666,0.01356,-18.29350,-7.55650,-1.24442,
24,-89.99884,-49.05784,-6.37412,0.06543,0.04302,0.99684,0.01346,-18.47053,-7.59477,-1.27218,
24,-90.89598,-49.43654,-6.43399,0.06546,0.03964,0.99698,0.01333,-18.64708,-7.63415,-1.29613,
24,-91.80088,-49.81804,-6.49486,0.06565,0.03629,0.99710,0.01319,-18.82313,-7.67520,-1.31722,
24,-92.71569,-50.20461,-6.55665,0.06508,0.03295,0.99725,0.01308,-19.09371,-7.71163,-1.33618,
24,-93.64341,-50.59644,-6.61956,0.06416,0.02963,0.99741,0.01298,-19.37740,-7.74945,-1.36647,
24,-94.57585,-50.99539,-6.68402,0.06766,0.02639,0.99728,0.01280,-19.27888,-7.81075,-1.39665,
24,-95.50325,-51.40357,-6.74894,0.07158,0.02314,0.99709,0.01265,-19.19823,-7.87331,-1.37885,
24,-96.42731,-51.81532,-6.81252,0.07261,0.01982,0.99709,0.01248,-19.12891,-7.93583,-1.33223,
24,-97.34773,-52.22384,-6.87425,0.07300,0.01590,0.99713,0.01194,-19.08687,-7.98736,-1.32895,
24,-98.26432,-52.63057,-6.93508,0.07358,0.01219,0.99714,0.01190,-19.00374,-8.03740,-1.30049,
24,-99.17849,-53.03664,-6.99576,0.07256,0.00937,0.99725,0.01209,-18.99558,-8.06559,-1.33183,
24,-100.09796,-53.43823,-7.05597,0.06984,0.00739,0.99746,0.01201,-19.21001,-8.09856,-1.28011,
24,-101.02952,-53.83507,-7.11552,0.06885,0.00647,0.99753,0.01200,-19.41660,-8.13240,-1.31638,
25,-101.97148,-54.23142,-7.17684,0.06921,0.00609,0.99751,0.01204,-19.59512,-8.16648,-1.34516,
25,-102.92224,-54.63202,-7.23944,0.06972,0.00593,0.99748,0.01211,-19.77185,-8.20162,-1.36625,
25,-103.88162,-55.03663,-7.30304,0.07009,0.00590,0.99745,0.01219,-19.94863,-8.23721,-1.38520,
25,-104.90941,-55.09426,-7.37080,0.07310,0.00594,0.99724,0.01179,-19.87948,-8.18610,-1.39317,
25,-105.91199,-55.40731,-7.43973,0.07415,0.00470,0.99717,0.01151,-19.85590,-8.21221,-1.37722,
25,-106.89644,-55.79852,-7.50771,0.07312,0.00377,0.99725,0.01165,-19.84228,-8.25390,-1.35337,
25,-107.86552,-56.20935,-7.57241,0.07426,0.00311,0.99717,0.01174,-19.76197,-8.30144,-1.33569,
25,-108.82395,-56.62912,-7.63548,0.07469,0.00177,0.99714,0.01138,-19.72424,-8.35247,-1.34104,
25,-109.77606,-57.05327,-7.69745,0.07522,0.00019,0.99710,0.01147,-19.64460,-8.40860,-1.31484,
25,-110.72676,-57.47927,-7.75810,0.07308,-0.00245,0.99725,0.01216,-19.76177,-8.46284,-1.30649,
25,-111.61371,-57.69711,-7.79908,0.07108,-0.00479,0.99739,0.01151,-19.90727,-8.46100,-1.32324,
25,-112.53389,-57.98464,-7.84918,0.07056,-0.00649,0.99742,0.01123,-20.07092,-8.47390,-1.35156,
25,-113.49275,-58.36787,-7.90999,0.07073,-0.00746,0.99740,0.01122,-20.24470,-8.50866,-1.37337,
25,-114.49410,-58.86040,-7.98002,0.07094,-0.00790,0.99738,0.01139,-20.42803,-8.56825,-1.39590,
25,-115.51764,-59.34766,-8.04983,0.07388,-0.00831,0.99717,0.01159,-20.35296,-8.62347,-1.40550,
25,-116.46352,-59.66563,-8.10514,0.07648,-0.00933,0.99696,0.01145,-20.26135,-8.63807,-1.38034,
25,-117.40208,-60.11586,-8.16164,0.07727,-0.01140,0.99688,0.01118,-20.21323,-8.69391,-1.35874,
25,-118.37639,-60.49162,-8.22105,0.07585,-0.01289,0.99697,0.01105,-20.37984,-8.72904,-1.38202,
25,-119.35709,-60.83381,-8.28363,0.07497,-0.01431,0.99702,0.01091,-20.55739,-8.75348,-1.41491,
26,-120.32686,-61.21248,-8.34704,0.07462,-0.01562,0.99703,0.01081,-20.72930,-8.78613,-1.44449,
26,-121.31847,-61.59080,-8.41116,0.07463,-0.01684,0.99701,0.01073,-20.90513,-8.81842,-1.47019,
26,-122.19806,-61.85191,-8.45567,0.07356,-0.01842,0.99707,0.01036,-21.13273,-8.82652,-1.48645,
26,-123.14883,-62.23769,-8.50719,0.07242,-0.01966,0.99713,0.01028,-21.39691,-8.86568,-1.51560,
26,-124.15659,-62.64356,-8.57116,0.07168,-0.02066,0.99716,0.01024,-21.67604,-8.90693,-1.55440,
26,-125.23592,-63.07068,-8.64352,0.07521,-0.02127,0.99689,0.01042,-21.59059,-8.93717,-1.58275,
26,-126.34423,-63.59406,-8.72689,0.07920,-0.02162,0.99657,0.01077,-21.53349,-8.99327,-1.56646,
26,-127.40163,-64.18611,-8.81012,0.08019,-0.02207,0.99647,0.01104,-21.54249,-9.06980,-1.57906,
26,-128.46225,-64.67279,-8.88689,0.08058,-0.02361,0.99641,0.01065,-21.51452,-9.12058,-1.57979,
26,-129.48528,-65.14607,-8.95606,0.08107,-0.02559,0.99632,0.01070,-21.43119,-9.17230,-1.54873,
26,-130.35342,-65.52834,-8.99849,0.07956,-0.02773,0.99639,0.01058,-21.37581,-9.19997,-1.57066,
26,-131.30178,-65.83496,-9.04630,0.07680,-0.02982,0.99655,0.01021,-21.55680,-9.22376,-1.51521,
26,-132.26018,-66.09275,-9.09292,0.07481,-0.03202,0.99664,0.00979,-21.73187,-9.23172,-1.54206,
26,-133.24425,-66.43956,-9.14776,0.07470,-0.03382,0.99659,0.00961,-21.89171,-9.25888,-1.57171,
26,-134.26629,-66.95181,-9.21410,0.07491,-0.03510,0.99652,0.00971,-22.05798,-9.32455,-1.59630,
26,-135.28035,-67.53321,-9.28252,0.07507,-0.03630,0.99647,0.00984,-22.21814,-9.40485,-1.61678,
26,-136.32299,-68.11323,-9.35743,0.07789,-0.03737,0.99621,0.01009,-22.13031,-9.46548,-1.61545,
26,-137.39023,-68.71888,-9.43738,0.07876,-0.03955,0.99606,0.00993,-22.09205,-9.54088,-1.59634,
26,-138.55733,-69.17948,-9.52434,0.07783,-0.04120,0.99607,0.00991,-22.09938,-9.57761,-1.57431,
26,-139.57721,-69.62090,-9.58333,0.07809,-0.04329,0.99596,0.00953,-22.02954,-9.60896,-1.56616,
26,-140.66471,-70.09626,-9.65467,0.07860,-0.04557,0.99582,0.00956,-21.95518,-9.65085,-1.53875,
27,-142.04394,-70.41671,-9.78611,0.07711,-0.04712,0.99586,0.00949,-22.12618,-9.66321,-1.54156,
27,-143.50338,-70.86002,-9.93435,0.07664,-0.04776,0.99587,0.00955,-22.40969,-9.70870,-1.59838,
27,-144.92688,-71.45355,-10.07892,0.07699,-0.04825,0.99582,0.00978,-22.68212,-9.78681,-1.64943,
27,-146.22885,-72.07513,-10.19808,0.07744,-0.04900,0.99574,0.00999,-22.91568,-9.87145,-1.68666,
27,-147.45236,-72.67605,-10.30075,0.07778,-0.05003,0.99566,0.01013,-23.12420,-9.95208,-1.71692,
27,-148.70925,-73.23980,-10.40845,0.07818,-0.05093,0.99558,0.01025,-23.34025,-10.02323,-1.74757,
27,-149.91692,-73.80018,-10.50574,0.07845,-0.05206,0.99550,0.01034,-23.53928,-10.09457,-1.77476,
27,-150.86918,-73.09061,-10.53264,0.07796,-0.05448,0.99543,0.00884,-23.65255,-9.87518,-1.77677,
27,-151.87073,-73.32680,-10.57474,0.08075,-0.05669,0.99508,0.00873,-23.53690,-9.85046,-1.77338,
27,-152.86621,-73.72168,-10.62734,0.08336,-0.05879,0.99474,0.00877,-23.42786,-9.86412,-1.74275,
27,-154.07141,-74.03568,-10.71988,0.08450,-0.06151,0.99449,0.00833,-23.41752,-9.86585,-1.72511,
27,-155.49304,-74.32927,-10.85770,0.08405,-0.06338,0.99441,0.00820,-23.48455,-9.85906,-1.71495,
27,-156.88683,-74.87376,-10.99012,0.08300,-0.06449,0.99443,0.00822,-23.72520,-9.93345,-1.72751,
27,-158.32315,-75.53546,-11.13622,0.08195,-0.06525,0.99446,0.00838,-23.98159,-10.03074,-1.77507,
27,-159.61595,-76.19474,-11.25103,0.08175,-0.06679,0.99438,0.00846,-24.19198,-10.14950,-1.81608,
27,-160.77736,-76.69308,-11.33053,0.08171,-0.06957,0.99419,0.00832,-24.36525,-10.22676,-1.84359,
27,-161.83093,-77.21138,-11.39125,0.08162,-0.07281,0.99397,0.00815,-24.50847,-10.30314,-1.86270,
27,-162.79522,-77.74166,-11.43317,0.08412,-0.07640,0.99349,0.00817,-24.36697,-10.34152,-1.85688,
27,-163.84556,-78.16963,-11.49191,0.08679,-0.08006,0.99297,0.00814,-24.26446,-10.35737,-1.82634,
28,-164.95511,-78.61152,-11.56225,0.08688,-0.08334,0.99269,0.00831,-24.20934,-10.37655,-1.79925,
28,-166.03865,-79.16622,-11.62781,0.08688,-0.08726,0.99236,0.00756,-24.15081,-10.42131,-1.79077,
28,-167.04440,-79.71730,-11.67542,0.08711,-0.09151,0.99196,0.00737,-24.02973,-10.46147,-1.74997,
28,-168.16216,-80.23205,-11.74815,0.08536,-0.09524,0.99176,0.00704,-24.10684,-10.51840,-1.74236,
28,-169.31751,-80.76957,-11.82747,0.08378,-0.09867,0.99156,0.00668,-24.28279,-10.59726,-1.77798,
28,-170.46306,-81.33131,-11.90632,0.08308,-0.10209,0.99128,0.00643,-24.45073,-10.68051,-1.81676,
28,-171.63837,-81.87715,-11.98955,0.08296,-0.10543,0.99094,0.00624,-24.62422,-10.76054,-1.84956,
28,-172.83326,-82.42783,-12.07631,0.08315,-0.10870,0.99057,0.00609,-24.80036,-10.84164,-1.87539,
28,-174.04035,-82.98502,-12.16507,0.08332,-0.11193,0.99020,0.00595,-24.97702,-10.92384,-1.89979,
28,-175.24380,-83.56311,-12.25441,0.08346,-0.11520,0.98981,0.00581,-25.15017,-11.01037,-1.92389,
28,-176.43629,-84.12495,-12.33945,0.08450,-0.11850,0.98933,0.00577,-25.23398,-11.07373,-1.93970,
28,-177.65172,-84.68039,-12.42837,0.08546,-0.12175,0.98886,0.00571,-25.32026,-11.13453,-1.94710,
28,-178.88281,-85.24336,-12.51996,0.08607,-0.12496,0.98841,0.00561,-25.40986,-11.19655,-1.95270,
28,-180.12269,-85.81605,-12.61291,0.08640,-0.12814,0.98797,0.00548,-25.50025,-11.26008,-1.95951,
28,-180.59456,-84.78312,-12.55316,0.08645,-0.13269,0.98737,0.00344,-25.19517,-10.87732,-1.90320,
28,-181.55494,-84.80134,-12.56270,0.08814,-0.13694,0.98665,0.00298,-25.06083,-10.76811,-1.86147,
28,-182.64107,-85.13429,-12.61699,0.08729,-0.14061,0.98621,0.00249,-25.01486,-10.75075,-1.83142,
28,-183.92610,-85.50468,-12.70267,0.08845,-0.14413,0.98559,0.00231,-24.96169,-10.72513,-1.80808,
28,-185.14835,-86.00696,-12.78755,0.08698,-0.14744,0.98524,0.00185,-25.04848,-10.77641,-1.80283,
28,-186.38005,-86.54875,-12.87425,0.08540,-0.15065,0.98489,0.00138,-25.22469,-10.86411,-1.83776,
28,-187.62381,-87.10562,-12.96394,0.08470,-0.15382,0.98446,0.00109,-25.39910,-10.95436,-1.87759,
29,-188.87761,-87.67009,-13.05591,0.08457,-0.15699,0.98397,0.00089,-25.57377,-11.04556,-1.91135,
29,-190.14050,-88.23999,-13.14959,0.08468,-0.16014,0.98345,0.00074,-25.74829,-11.13778,-1.94020,
29,-191.41222,-88.81448,-13.24467,0.08487,-0.16329,0.98292,0.00061,-25.92256,-11.23068,-1.96633,
29,-192.69226,-89.39393,-13.34099,0.08505,-0.16643,0.98238,0.00048,-26.09638,-11.32437,-1.99128,
29,-193.98008,-89.97819,-13.43839,0.08555,-0.16956,0.98180,0.00040,-26.22952,-11.40456,-2.00692,
29,-195.27497,-90.56618,-13.53663,0.08589,-0.17269,0.98122,0.00030,-26.35931,-11.48405,-2.02185,
29,-196.57290,-91.15716,-13.63540,0.08773,-0.17582,0.98050,0.00048,-26.32700,-11.50458,-2.02648,
29,-197.86772,-91.74768,-13.73374,0.09008,-0.17898,0.97972,0.00078,-26.26335,-11.51227,-2.00482,
29,-199.15983,-92.33856,-13.83110,0.09063,-0.18218,0.97908,0.00071,-26.22110,-11.52793,-1.99986,
29,-200.44732,-92.93372,-13.92696,0.09103,-0.18538,0.97844,0.00057,-26.14365,-11.52859,-1.93690,
29,-201.72933,-93.53548,-14.02050,0.09098,-0.18972,0.97761,-0.00005,-26.10765,-11.55288,-1.92341,
29,-203.00911,-94.13996,-14.11308,0.09111,-0.19342,0.97688,-0.00019,-26.04151,-11.55969,-1.87554,
29,-204.29057,-94.74535,-14.20415,0.08965,-0.19677,0.97634,-0.00068,-26.19441,-11.65584,-1.88871,
29,-205.58072,-95.35500,-14.29666,0.08854,-0.20000,0.97579,-0.00109,-26.36434,-11.75974,-1.92448,
29,-206.88059,-95.96780,-14.39108,0.08807,-0.20320,0.97517,-0.00136,-26.53434,-11.86420,-1.95854,
29,-208.18938,-96.58459,-14.48717,0.08799,-0.20639,0.97451,-0.00155,-26.70410,-11.96912,-1.98891,
29,-209.50696,-97.20571,-14.58472,0.08809,-0.20955,0.97382,-0.00169,-26.87358,-12.07441,-2.01643,
29,-210.83153,-97.85515,-14.68429,0.08824,-0.21265,0.97313,-0.00181,-27.04221,-12.18512,-2.04254,
29,-212.16621,-98.51598,-14.78575,0.08838,-0.21572,0.97245,-0.00192,-27.21076,-12.29747,-2.06804,
30,-213.51197,-99.15995,-14.88806,0.08851,-0.21880,0.97174,-0.00205,-27.37947,-12.40597,-2.09337,
30,-214.86447,-99.80425,-14.99108,0.08862,-0.22187,0.97104,-0.00218,-27.54741,-12.51401,-2.11866,
30,-216.22385,-100.45344,-15.09498,0.08874,-0.22493,0.97032,-0.00232,-27.71446,-12.62274,-2.14387,
30,-217.59261,-101.10563,-15.20021,0.08885,-0.22797,0.96960,-0.00245,-27.88128,-12.73164,-2.16910,
30,-218.96675,-101.75618,-15.30661,0.09162,-0.23103,0.96862,-0.00193,-27.81333,-12.72251,-2.17402,
30,-220.33538,-102.40695,-15.41211,0.09433,-0.23410,0.96762,-0.00140,-27.75691,-12.71753,-2.14990,
30,-221.69754,-103.06281,-15.51579,0.09449,-0.23707,0.96689,-0.00119,-27.72794,-12.72555,-2.12598,
30,-223.06055,-103.72997,-15.61903,0.09176,-0.23993,0.96644,-0.00211,-27.96894,-12.87953,-2.15460,
30,-224.43691,-104.41099,-15.72500,0.08972,-0.24288,0.96590,-0.00284,-28.23101,-13.04881,-2.21286,
30,-225.83411,-105.09232,-15.83483,0.08940,-0.24585,0.96517,-0.00309,-28.49451,-13.21760,-2.26694,
